context,substitution,HLA-A*02:01|net_el_rank|0.5,HLA-A*02:01|net_el_rank|1,HLA-A*02:01|net_el_rank|2,HLA-A*02:01|mhc_presentation_rank|0.5,HLA-A*02:01|mhc_presentation_rank|1,HLA-A*02:01|mhc_presentation_rank|2,HLA-A*24:02|net_el_rank|0.5,HLA-A*24:02|net_el_rank|1,HLA-A*24:02|net_el_rank|2,HLA-A*24:02|mhc_presentation_rank|0.5,HLA-A*24:02|mhc_presentation_rank|1,HLA-A*24:02|mhc_presentation_rank|2,HLA-A*03:01|net_el_rank|0.5,HLA-A*03:01|net_el_rank|1,HLA-A*03:01|net_el_rank|2,HLA-A*03:01|mhc_presentation_rank|0.5,HLA-A*03:01|mhc_presentation_rank|1,HLA-A*03:01|mhc_presentation_rank|2,HLA-B*40:01|net_el_rank|0.5,HLA-B*40:01|net_el_rank|1,HLA-B*40:01|net_el_rank|2,HLA-B*40:01|mhc_presentation_rank|0.5,HLA-B*40:01|mhc_presentation_rank|1,HLA-B*40:01|mhc_presentation_rank|2,HLA-B*49:01|net_el_rank|0.5,HLA-B*49:01|net_el_rank|1,HLA-B*49:01|net_el_rank|2,HLA-B*49:01|mhc_presentation_rank|0.5,HLA-B*49:01|mhc_presentation_rank|1,HLA-B*49:01|mhc_presentation_rank|2,HLA-C*03:04|net_el_rank|0.5,HLA-C*03:04|net_el_rank|1,HLA-C*03:04|net_el_rank|2,HLA-C*03:04|mhc_presentation_rank|0.5,HLA-C*03:04|mhc_presentation_rank|1,HLA-C*03:04|mhc_presentation_rank|2,HLA-C*07:01|net_el_rank|0.5,HLA-C*07:01|net_el_rank|1,HLA-C*07:01|net_el_rank|2,HLA-C*07:01|mhc_presentation_rank|0.5,HLA-C*07:01|mhc_presentation_rank|1,HLA-C*07:01|mhc_presentation_rank|2,better,same,worse
with_flanks,baseline,0,0,4,0,4,6,0,0,0,0,0,2,0,0,0,0,0,0,0,0,1,0,0,0,0,0,0,0,0,0,3,6,9,5,9,12,1,2,5,4,6,8,0,42,0
with_flanks,L9C,0,0,1,0,2,4,0,0,0,0,0,1,0,0,0,0,0,0,0,0,1,0,0,0,0,0,0,0,0,0,2,3,7,4,5,11,0,0,4,0,2,5,16,26,0
with_flanks,L9G,0,0,4,1,4,5,0,0,0,0,0,1,0,0,0,0,0,0,0,0,1,0,0,0,0,0,0,0,0,0,2,4,8,3,4,11,0,0,3,0,2,4,14,27,1
with_flanks,T17C,0,0,1,0,2,4,0,0,0,0,0,1,0,0,0,0,0,0,0,0,1,0,0,0,0,0,0,0,0,0,1,5,8,4,8,10,1,2,4,4,6,7,12,30,0
with_flanks,T17G,0,0,1,0,2,6,0,0,0,0,0,1,0,0,0,0,0,0,0,0,1,0,0,0,0,0,0,0,0,2,1,6,8,3,9,10,1,2,4,4,6,8,8,33,1
with_flanks,L9C_T17C,0,0,0,0,0,3,0,0,0,0,0,0,0,0,0,0,0,0,0,0,1,0,0,0,0,0,0,0,0,0,0,2,6,3,4,8,0,0,3,0,2,4,16,26,0
with_flanks,L9C_T17G,0,0,0,0,1,4,0,0,0,0,0,0,0,0,0,0,0,0,0,0,1,0,0,0,0,0,0,0,0,0,0,3,6,2,5,8,0,0,3,0,2,5,16,26,0
with_flanks,L9C_T17D,0,0,1,0,1,3,0,0,0,0,0,0,0,0,0,0,0,0,0,0,3,0,0,0,0,0,1,0,0,2,0,1,4,3,4,8,0,0,3,0,2,5,16,23,3
with_flanks,L9C_T17P,0,0,0,0,1,4,0,0,0,0,0,0,0,0,0,0,0,1,0,0,2,0,0,0,0,0,0,0,0,1,0,2,6,2,5,10,0,0,3,0,2,5,16,23,3
with_flanks,L9G_T17C,0,0,2,1,2,4,0,0,0,0,0,0,0,0,0,0,0,0,0,0,1,0,0,0,0,0,0,0,0,0,0,3,7,2,3,9,0,0,2,0,2,3,16,25,1
with_flanks,L9G_T17G,0,0,2,1,2,5,0,0,0,0,0,0,0,0,0,0,0,0,0,0,1,0,0,0,0,0,0,0,0,0,0,4,7,1,4,9,0,0,2,0,2,4,16,25,1
with_flanks,L9G_T17D,0,0,3,1,3,3,0,0,0,0,0,0,0,0,0,0,0,0,0,0,3,0,0,0,0,0,1,0,1,2,0,2,5,2,3,9,0,0,2,0,2,4,16,21,5
with_flanks,L9G_T17P,0,0,2,1,3,5,0,0,0,0,0,0,0,0,0,0,0,1,0,0,2,0,0,0,0,0,0,0,0,1,0,3,7,1,4,11,0,0,2,0,2,4,16,22,4
without_flanks,baseline,0,0,4,0,2,6,0,0,0,0,0,0,0,0,0,0,0,0,0,0,1,0,0,0,0,0,0,0,0,0,3,6,9,3,7,11,1,2,5,1,3,5,0,42,0
without_flanks,L9C,0,0,1,0,1,3,0,0,0,0,0,0,0,0,0,0,0,0,0,0,1,0,0,0,0,0,0,0,0,0,2,3,7,2,5,9,0,0,4,0,1,4,15,27,0
without_flanks,L9G,0,0,4,0,2,6,0,0,0,0,0,0,0,0,0,0,0,0,0,0,1,0,0,0,0,0,0,0,0,0,2,4,8,2,4,9,0,0,3,0,1,3,12,30,0
without_flanks,T17C,0,0,1,0,1,5,0,0,0,0,0,0,0,0,0,0,0,0,0,0,1,0,0,0,0,0,0,0,0,0,1,5,8,2,6,9,1,2,4,1,3,5,10,32,0
without_flanks,T17G,0,0,1,0,2,6,0,0,0,0,0,0,0,0,0,0,0,0,0,0,1,0,0,0,0,0,0,0,0,1,1,6,8,1,7,9,1,2,4,1,3,6,6,34,2
without_flanks,L9C_T17C,0,0,0,0,0,2,0,0,0,0,0,0,0,0,0,0,0,0,0,0,1,0,0,0,0,0,0,0,0,0,0,2,6,1,4,7,0,0,3,0,1,4,15,27,0
without_flanks,L9C_T17G,0,0,0,0,1,3,0,0,0,0,0,0,0,0,0,0,0,0,0,0,1,0,0,0,0,0,0,0,0,1,0,3,6,0,5,7,0,0,3,0,1,5,14,27,1
without_flanks,L9C_T17D,0,0,1,0,1,2,0,0,0,0,0,0,0,0,0,0,0,0,0,0,3,0,0,0,0,0,1,0,0,2,0,1,4,1,4,7,0,0,3,0,1,5,14,25,3
without_flanks,L9C_T17P,0,0,0,0,1,3,0,0,0,0,0,0,0,0,0,0,0,0,0,0,2,0,0,0,0,0,0,0,0,1,0,2,6,0,4,9,0,0,3,0,1,5,14,26,2
without_flanks,L9G_T17C,0,0,2,0,1,5,0,0,0,0,0,0,0,0,0,0,0,0,0,0,1,0,0,0,0,0,0,0,0,0,0,3,7,1,3,7,0,0,2,0,1,3,15,27,0
without_flanks,L9G_T17G,0,0,2,0,2,6,0,0,0,0,0,0,0,0,0,0,0,0,0,0,1,0,0,0,0,0,0,0,0,1,0,4,7,0,4,7,0,0,2,0,1,4,13,28,1
without_flanks,L9G_T17D,0,0,3,0,2,4,0,0,0,0,0,0,0,0,0,0,0,0,0,0,3,0,0,0,0,0,1,0,0,2,0,2,5,1,3,7,0,0,2,0,1,4,14,25,3
without_flanks,L9G_T17P,0,0,2,0,2,6,0,0,0,0,0,0,0,0,0,0,0,0,0,0,2,0,0,0,0,0,0,0,0,1,0,3,7,0,3,9,0,0,2,0,1,4,13,27,2
