context,substitution,windows,net_el_rank_lt0.5,net_el_rank_lt1,net_el_rank_lt2,mhc_presentation_rank_lt0.5,mhc_presentation_rank_lt1,mhc_presentation_rank_lt2
with_flanks,baseline,616,4,8,19,9,19,28
with_flanks,L9C,616,2,3,13,4,9,21
with_flanks,L9G,616,2,4,16,4,10,21
with_flanks,T17C,616,2,7,14,8,16,22
with_flanks,T17G,616,2,8,14,7,17,27
with_flanks,L9C_T17C,616,0,2,10,3,6,15
with_flanks,L9C_T17G,616,0,3,10,2,8,17
with_flanks,L9C_T17D,616,0,1,12,3,7,18
with_flanks,L9C_T17P,616,0,2,11,2,8,21
with_flanks,L9G_T17C,616,0,3,12,3,7,16
with_flanks,L9G_T17G,616,0,4,12,2,8,18
with_flanks,L9G_T17D,616,0,2,14,3,9,18
with_flanks,L9G_T17P,616,0,3,13,2,9,22
without_flanks,baseline,616,4,8,19,4,12,22
without_flanks,L9C,616,2,3,13,2,7,16
without_flanks,L9G,616,2,4,16,2,7,18
without_flanks,T17C,616,2,7,14,3,10,19
without_flanks,T17G,616,2,8,14,2,12,22
without_flanks,L9C_T17C,616,0,2,10,1,5,13
without_flanks,L9C_T17G,616,0,3,10,0,7,16
without_flanks,L9C_T17D,616,0,1,12,1,6,16
without_flanks,L9C_T17P,616,0,2,11,0,6,18
without_flanks,L9G_T17C,616,0,3,12,1,5,15
without_flanks,L9G_T17G,616,0,4,12,0,7,18
without_flanks,L9G_T17D,616,0,2,14,1,6,17
without_flanks,L9G_T17P,616,0,3,13,0,6,20
