variant,seq_num,leader_sequence,leader_windows,leader_EL_lt0.5,leader_emergent_EL_lt0.5,leader_removed_EL_lt0.5,leader_EL_lt1,leader_emergent_EL_lt1,leader_removed_EL_lt1,leader_EL_lt2,leader_emergent_EL_lt2,leader_removed_EL_lt2,leader_BA_lt50nM,leader_BA_lt500nM,junction_windows,junction_EL_lt0.5,junction_emergent_EL_lt0.5,junction_removed_EL_lt0.5,junction_EL_lt1,junction_emergent_EL_lt1,junction_removed_EL_lt1,junction_EL_lt2,junction_emergent_EL_lt2,junction_removed_EL_lt2,junction_BA_lt50nM,junction_BA_lt500nM,leader_and_junction_windows,leader_and_junction_EL_lt0.5,leader_and_junction_emergent_EL_lt0.5,leader_and_junction_removed_EL_lt0.5,leader_and_junction_EL_lt1,leader_and_junction_emergent_EL_lt1,leader_and_junction_removed_EL_lt1,leader_and_junction_EL_lt2,leader_and_junction_emergent_EL_lt2,leader_and_junction_removed_EL_lt2,leader_and_junction_BA_lt50nM,leader_and_junction_BA_lt500nM,leader_count_pareto,all_count_pareto
baseline,1,MRSAAVLALLLCAGQVTA,266,2,0,0,6,0,0,13,0,0,1,7,238,2,0,0,2,0,0,4,0,0,0,2,504,4,0,0,8,0,0,17,0,0,1,9,False,False
S3A,2,MRAAAVLALLLCAGQVTA,266,4,2,0,5,0,1,13,0,0,1,8,238,2,0,0,2,0,0,4,0,0,0,2,504,6,2,0,7,0,1,17,0,0,1,10,False,False
S3C,3,MRCAAVLALLLCAGQVTA,266,1,0,1,1,0,5,8,0,5,0,4,238,2,0,0,2,0,0,4,0,0,0,2,504,3,0,1,3,0,5,12,0,5,0,6,True,True
S3D,4,MRDAAVLALLLCAGQVTA,266,1,0,1,2,1,5,13,6,6,0,4,238,2,0,0,2,0,0,4,0,0,0,2,504,3,0,1,4,1,5,17,6,6,0,6,False,False
S3E,5,MREAAVLALLLCAGQVTA,266,6,5,1,8,7,5,17,9,5,4,11,238,2,0,0,2,0,0,4,0,0,0,2,504,8,5,1,10,7,5,21,9,5,4,13,False,False
S3F,6,MRFAAVLALLLCAGQVTA,266,4,2,0,5,1,2,13,3,3,2,10,238,2,0,0,2,0,0,4,0,0,0,2,504,6,2,0,7,1,2,17,3,3,2,12,False,False
S3G,7,MRGAAVLALLLCAGQVTA,266,1,0,1,2,0,4,8,0,5,0,4,238,2,0,0,2,0,0,4,0,0,0,2,504,3,0,1,4,0,4,12,0,5,0,6,False,False
S3H,8,MRHAAVLALLLCAGQVTA,266,2,0,0,5,1,2,14,3,2,2,6,238,2,0,0,2,0,0,4,0,0,0,2,504,4,0,0,7,1,2,18,3,2,2,8,False,False
S3I,9,MRIAAVLALLLCAGQVTA,266,3,1,0,4,1,3,11,1,3,3,9,238,2,0,0,2,0,0,4,0,0,0,2,504,5,1,0,6,1,3,15,1,3,3,11,False,False
S3K,10,MRKAAVLALLLCAGQVTA,266,2,0,0,3,1,4,11,1,3,1,6,238,2,0,0,2,0,0,4,0,0,0,2,504,4,0,0,5,1,4,15,1,3,1,8,False,False
S3L,11,MRLAAVLALLLCAGQVTA,266,3,1,0,3,1,4,13,4,4,3,11,238,2,0,0,2,0,0,4,0,0,0,2,504,5,1,0,5,1,4,17,4,4,3,13,False,False
S3M,12,MRMAAVLALLLCAGQVTA,266,3,1,0,5,1,2,14,4,3,5,12,238,2,0,0,2,0,0,4,0,0,0,2,504,5,1,0,7,1,2,18,4,3,5,14,False,False
S3N,13,MRNAAVLALLLCAGQVTA,266,2,0,0,3,0,3,10,0,3,1,6,238,2,0,0,2,0,0,4,0,0,0,2,504,4,0,0,5,0,3,14,0,3,1,8,False,False
S3P,14,MRPAAVLALLLCAGQVTA,266,1,0,1,2,0,4,10,0,3,1,5,238,2,0,0,2,0,0,4,0,0,0,2,504,3,0,1,4,0,4,14,0,3,1,7,False,False
S3Q,15,MRQAAVLALLLCAGQVTA,266,1,0,1,5,3,4,14,5,4,1,10,238,2,0,0,2,0,0,4,0,0,0,2,504,3,0,1,7,3,4,18,5,4,1,12,False,False
S3R,16,MRRAAVLALLLCAGQVTA,266,5,3,0,5,3,4,13,3,3,1,8,238,2,0,0,2,0,0,4,0,0,0,2,504,7,3,0,7,3,4,17,3,3,1,10,False,False
S3T,17,MRTAAVLALLLCAGQVTA,266,2,0,0,3,0,3,14,2,1,1,8,238,2,0,0,2,0,0,4,0,0,0,2,504,4,0,0,5,0,3,18,2,1,1,10,False,False
S3V,18,MRVAAVLALLLCAGQVTA,266,2,0,0,4,1,3,12,1,2,0,8,238,2,0,0,2,0,0,4,0,0,0,2,504,4,0,0,6,1,3,16,1,2,0,10,False,False
S3W,19,MRWAAVLALLLCAGQVTA,266,2,1,1,4,2,4,12,3,4,1,8,238,2,0,0,2,0,0,4,0,0,0,2,504,4,1,1,6,2,4,16,3,4,1,10,False,False
S3Y,20,MRYAAVLALLLCAGQVTA,266,6,4,0,9,5,2,18,7,2,4,11,238,2,0,0,2,0,0,4,0,0,0,2,504,8,4,0,11,5,2,22,7,2,4,13,False,False
A4C,21,MRSCAVLALLLCAGQVTA,266,1,0,1,1,0,5,5,0,8,1,5,238,2,0,0,2,0,0,4,0,0,0,2,504,3,0,1,3,0,5,9,0,8,1,7,True,True
A4D,22,MRSDAVLALLLCAGQVTA,266,3,2,1,5,1,2,15,5,3,1,5,238,2,0,0,2,0,0,4,0,0,0,2,504,5,2,1,7,1,2,19,5,3,1,7,False,False
A4E,23,MRSEAVLALLLCAGQVTA,266,7,6,1,8,6,4,18,9,4,3,10,238,2,0,0,2,0,0,4,0,0,0,2,504,9,6,1,10,6,4,22,9,4,3,12,False,False
A4F,24,MRSFAVLALLLCAGQVTA,266,3,2,1,5,2,3,11,1,3,1,8,238,2,0,0,2,0,0,4,0,0,0,2,504,5,2,1,7,2,3,15,1,3,1,10,False,False
A4G,25,MRSGAVLALLLCAGQVTA,266,2,1,1,3,1,4,8,1,6,1,5,238,2,0,0,2,0,0,4,0,0,0,2,504,4,1,1,5,1,4,12,1,6,1,7,False,False
A4H,26,MRSHAVLALLLCAGQVTA,266,1,0,1,6,2,2,13,2,2,1,5,238,2,0,0,2,0,0,4,0,0,0,2,504,3,0,1,8,2,2,17,2,2,1,7,False,False
A4I,27,MRSIAVLALLLCAGQVTA,266,1,0,1,4,1,3,11,1,3,1,5,238,2,0,0,2,0,0,4,0,0,0,2,504,3,0,1,6,1,3,15,1,3,1,7,False,False
A4K,28,MRSKAVLALLLCAGQVTA,266,1,0,1,2,0,4,12,1,2,1,5,238,2,0,0,2,0,0,4,0,0,0,2,504,3,0,1,4,0,4,16,1,2,1,7,False,False
A4L,29,MRSLAVLALLLCAGQVTA,266,1,0,1,2,1,5,11,2,4,1,9,238,2,0,0,2,0,0,4,0,0,0,2,504,3,0,1,4,1,5,15,2,4,1,11,False,False
A4M,30,MRSMAVLALLLCAGQVTA,266,1,0,1,5,2,3,12,2,3,2,11,238,2,0,0,2,0,0,4,0,0,0,2,504,3,0,1,7,2,3,16,2,3,2,13,False,False
A4N,31,MRSNAVLALLLCAGQVTA,266,1,0,1,2,0,4,11,0,2,1,5,238,2,0,0,2,0,0,4,0,0,0,2,504,3,0,1,4,0,4,15,0,2,1,7,False,False
A4P,32,MRSPAVLALLLCAGQVTA,266,3,2,1,5,3,4,14,4,3,1,6,238,2,0,0,2,0,0,4,0,0,0,2,504,5,2,1,7,3,4,18,4,3,1,8,False,False
A4Q,33,MRSQAVLALLLCAGQVTA,266,1,0,1,4,2,4,13,3,3,1,6,238,2,0,0,2,0,0,4,0,0,0,2,504,3,0,1,6,2,4,17,3,3,1,8,False,False
A4R,34,MRSRAVLALLLCAGQVTA,266,2,1,1,3,2,5,13,3,3,1,6,238,2,0,0,2,0,0,4,0,0,0,2,504,4,1,1,5,2,5,17,3,3,1,8,False,False
A4S,35,MRSSAVLALLLCAGQVTA,266,2,1,1,5,1,2,12,0,1,1,7,238,2,0,0,2,0,0,4,0,0,0,2,504,4,1,1,7,1,2,16,0,1,1,9,False,False
A4T,36,MRSTAVLALLLCAGQVTA,266,1,0,1,2,0,4,12,0,1,1,5,238,2,0,0,2,0,0,4,0,0,0,2,504,3,0,1,4,0,4,16,0,1,1,7,False,False
A4V,37,MRSVAVLALLLCAGQVTA,266,1,0,1,4,1,3,10,0,3,1,5,238,2,0,0,2,0,0,4,0,0,0,2,504,3,0,1,6,1,3,14,0,3,1,7,False,False
A4W,38,MRSWAVLALLLCAGQVTA,266,2,1,1,3,1,4,11,3,5,1,8,238,2,0,0,2,0,0,4,0,0,0,2,504,4,1,1,5,1,4,15,3,5,1,10,False,False
A4Y,39,MRSYAVLALLLCAGQVTA,266,5,4,1,8,5,3,14,4,3,2,9,238,2,0,0,2,0,0,4,0,0,0,2,504,7,4,1,10,5,3,18,4,3,2,11,False,False
A5C,40,MRSACVLALLLCAGQVTA,266,1,0,1,1,0,5,7,0,6,1,5,238,2,0,0,2,0,0,4,0,0,0,2,504,3,0,1,3,0,5,11,0,6,1,7,False,False
A5D,41,MRSADVLALLLCAGQVTA,266,4,2,0,7,1,0,14,3,2,0,7,238,2,0,0,2,0,0,4,0,0,0,2,504,6,2,0,9,1,0,18,3,2,0,9,False,False
A5E,42,MRSAEVLALLLCAGQVTA,266,4,3,1,9,4,1,18,7,2,0,6,238,2,0,0,2,0,0,4,0,0,0,2,504,6,3,1,11,4,1,22,7,2,0,8,False,False
A5F,43,MRSAFVLALLLCAGQVTA,266,2,0,0,3,0,3,11,0,2,1,7,238,2,0,0,2,0,0,4,0,0,0,2,504,4,0,0,5,0,3,15,0,2,1,9,False,False
A5G,44,MRSAGVLALLLCAGQVTA,266,2,1,1,6,1,1,12,1,2,1,6,238,2,0,0,2,0,0,4,0,0,0,2,504,4,1,1,8,1,1,16,1,2,1,8,False,False
A5H,45,MRSAHVLALLLCAGQVTA,266,3,1,0,6,0,0,15,3,1,1,7,238,2,0,0,2,0,0,4,0,0,0,2,504,5,1,0,8,0,0,19,3,1,1,9,False,False
A5I,46,MRSAIVLALLLCAGQVTA,266,2,0,0,4,0,2,11,0,2,1,6,238,2,0,0,2,0,0,4,0,0,0,2,504,4,0,0,6,0,2,15,0,2,1,8,False,False
A5K,47,MRSAKVLALLLCAGQVTA,266,2,0,0,5,0,1,14,2,1,1,6,238,2,0,0,2,0,0,4,0,0,0,2,504,4,0,0,7,0,1,18,2,1,1,8,False,False
A5L,48,MRSALVLALLLCAGQVTA,266,1,0,1,2,0,4,9,0,4,1,7,238,2,0,0,2,0,0,4,0,0,0,2,504,3,0,1,4,0,4,13,0,4,1,9,False,False
A5M,49,MRSAMVLALLLCAGQVTA,266,2,0,0,2,0,4,10,0,3,1,8,238,2,0,0,2,0,0,4,0,0,0,2,504,4,0,0,4,0,4,14,0,3,1,10,False,False
A5N,50,MRSANVLALLLCAGQVTA,266,2,0,0,7,1,0,13,1,1,1,7,238,2,0,0,2,0,0,4,0,0,0,2,504,4,0,0,9,1,0,17,1,1,1,9,False,False
A5P,51,MRSAPVLALLLCAGQVTA,266,6,4,0,9,3,0,19,7,1,1,7,238,2,0,0,2,0,0,4,0,0,0,2,504,8,4,0,11,3,0,23,7,1,1,9,False,False
A5Q,52,MRSAQVLALLLCAGQVTA,266,2,0,0,5,0,1,13,1,1,1,7,238,2,0,0,2,0,0,4,0,0,0,2,504,4,0,0,7,0,1,17,1,1,1,9,False,False
A5R,53,MRSARVLALLLCAGQVTA,266,1,0,1,5,1,2,14,2,1,1,6,238,2,0,0,2,0,0,4,0,0,0,2,504,3,0,1,7,1,2,18,2,1,1,8,False,False
A5S,54,MRSASVLALLLCAGQVTA,266,2,0,0,7,1,0,14,2,1,1,8,238,2,0,0,2,0,0,4,0,0,0,2,504,4,0,0,9,1,0,18,2,1,1,10,False,False
A5T,55,MRSATVLALLLCAGQVTA,266,2,0,0,5,0,1,13,1,1,1,7,238,2,0,0,2,0,0,4,0,0,0,2,504,4,0,0,7,0,1,17,1,1,1,9,False,False
A5V,56,MRSAVVLALLLCAGQVTA,266,2,0,0,4,0,2,11,0,2,1,6,238,2,0,0,2,0,0,4,0,0,0,2,504,4,0,0,6,0,2,15,0,2,1,8,False,False
A5W,57,MRSAWVLALLLCAGQVTA,266,1,0,1,3,0,3,12,1,2,1,7,238,2,0,0,2,0,0,4,0,0,0,2,504,3,0,1,5,0,3,16,1,2,1,9,False,False
A5Y,58,MRSAYVLALLLCAGQVTA,266,2,0,0,5,0,1,14,2,1,1,8,238,2,0,0,2,0,0,4,0,0,0,2,504,4,0,0,7,0,1,18,2,1,1,10,False,False
V6A,59,MRSAAALALLLCAGQVTA,266,2,0,0,6,2,2,13,1,1,2,8,238,2,0,0,2,0,0,4,0,0,0,2,504,4,0,0,8,2,2,17,1,1,2,10,False,False
V6C,60,MRSAACLALLLCAGQVTA,266,1,0,1,2,0,4,6,0,7,0,5,238,2,0,0,2,0,0,4,0,0,0,2,504,3,0,1,4,0,4,10,0,7,0,7,False,False
V6D,61,MRSAADLALLLCAGQVTA,266,3,1,0,6,3,3,14,3,2,1,5,238,2,0,0,2,0,0,4,0,0,0,2,504,5,1,0,8,3,3,18,3,2,1,7,False,False
V6E,62,MRSAAELALLLCAGQVTA,266,4,2,0,6,2,2,16,5,2,1,6,238,2,0,0,2,0,0,4,0,0,0,2,504,6,2,0,8,2,2,20,5,2,1,8,False,False
V6F,63,MRSAAFLALLLCAGQVTA,266,2,0,0,4,0,2,13,1,1,1,8,238,2,0,0,2,0,0,4,0,0,0,2,504,4,0,0,6,0,2,17,1,1,1,10,False,False
V6G,64,MRSAAGLALLLCAGQVTA,266,3,1,0,7,1,0,13,1,1,1,7,238,2,0,0,2,0,0,4,0,0,0,2,504,5,1,0,9,1,0,17,1,1,1,9,False,False
V6H,65,MRSAAHLALLLCAGQVTA,266,4,2,0,9,3,0,14,1,0,2,7,238,2,0,0,2,0,0,4,0,0,0,2,504,6,2,0,11,3,0,18,1,0,2,9,False,False
V6I,66,MRSAAILALLLCAGQVTA,266,2,0,0,6,0,0,13,0,0,1,8,238,2,0,0,2,0,0,4,0,0,0,2,504,4,0,0,8,0,0,17,0,0,1,10,False,False
V6K,67,MRSAAKLALLLCAGQVTA,266,2,0,0,7,2,1,14,1,0,0,6,238,2,0,0,2,0,0,4,0,0,0,2,504,4,0,0,9,2,1,18,1,0,0,8,False,False
V6L,68,MRSAALLALLLCAGQVTA,266,2,0,0,2,0,4,11,1,3,1,7,238,2,0,0,2,0,0,4,0,0,0,2,504,4,0,0,4,0,4,15,1,3,1,9,False,False
V6M,69,MRSAAMLALLLCAGQVTA,266,2,0,0,2,0,4,13,2,2,2,10,238,2,0,0,2,0,0,4,0,0,0,2,504,4,0,0,4,0,4,17,2,2,2,12,False,False
V6N,70,MRSAANLALLLCAGQVTA,266,3,1,0,6,2,2,14,1,0,1,7,238,2,0,0,2,0,0,4,0,0,0,2,504,5,1,0,8,2,2,18,1,0,1,9,False,False
V6P,71,MRSAAPLALLLCAGQVTA,266,6,4,0,9,3,0,20,7,0,2,8,238,2,0,0,2,0,0,4,0,0,0,2,504,8,4,0,11,3,0,24,7,0,2,10,False,False
V6Q,72,MRSAAQLALLLCAGQVTA,266,2,0,0,6,1,1,14,1,0,2,6,238,2,0,0,2,0,0,4,0,0,0,2,504,4,0,0,8,1,1,18,1,0,2,8,False,False
V6R,73,MRSAARLALLLCAGQVTA,266,2,0,0,5,0,1,14,1,0,1,8,238,2,0,0,2,0,0,4,0,0,0,2,504,4,0,0,7,0,1,18,1,0,1,10,False,False
V6S,74,MRSAASLALLLCAGQVTA,266,3,1,0,7,2,1,14,1,0,2,8,238,2,0,0,2,0,0,4,0,0,0,2,504,5,1,0,9,2,1,18,1,0,2,10,False,False
V6T,75,MRSAATLALLLCAGQVTA,266,2,0,0,7,1,0,14,1,0,2,8,238,2,0,0,2,0,0,4,0,0,0,2,504,4,0,0,9,1,0,18,1,0,2,10,False,False
V6W,76,MRSAAWLALLLCAGQVTA,266,2,0,0,3,0,3,12,1,2,1,7,238,2,0,0,2,0,0,4,0,0,0,2,504,4,0,0,5,0,3,16,1,2,1,9,False,False
V6Y,77,MRSAAYLALLLCAGQVTA,266,2,0,0,4,1,3,13,1,1,2,8,238,2,0,0,2,0,0,4,0,0,0,2,504,4,0,0,6,1,3,17,1,1,2,10,False,False
L7A,78,MRSAAVAALLLCAGQVTA,266,2,0,0,5,0,1,14,1,0,1,6,238,2,0,0,2,0,0,4,0,0,0,2,504,4,0,0,7,0,1,18,1,0,1,8,False,False
L7C,79,MRSAAVCALLLCAGQVTA,266,1,0,1,2,0,4,11,0,2,0,6,238,2,0,0,2,0,0,4,0,0,0,2,504,3,0,1,4,0,4,15,0,2,0,8,False,False
L7D,80,MRSAAVDALLLCAGQVTA,266,2,0,0,4,1,3,11,0,2,0,6,238,2,0,0,2,0,0,4,0,0,0,2,504,4,0,0,6,1,3,15,0,2,0,8,False,False
L7E,81,MRSAAVEALLLCAGQVTA,266,2,0,0,4,1,3,15,2,0,0,5,238,2,0,0,2,0,0,4,0,0,0,2,504,4,0,0,6,1,3,19,2,0,0,7,False,False
L7F,82,MRSAAVFALLLCAGQVTA,266,2,0,0,4,0,2,15,2,0,1,9,238,2,0,0,2,0,0,4,0,0,0,2,504,4,0,0,6,0,2,19,2,0,1,11,False,False
L7G,83,MRSAAVGALLLCAGQVTA,266,4,2,0,6,2,2,14,1,0,1,6,238,2,0,0,2,0,0,4,0,0,0,2,504,6,2,0,8,2,2,18,1,0,1,8,False,False
L7H,84,MRSAAVHALLLCAGQVTA,266,5,3,0,9,3,0,16,3,0,2,7,238,2,0,0,2,0,0,4,0,0,0,2,504,7,3,0,11,3,0,20,3,0,2,9,False,False
L7I,85,MRSAAVIALLLCAGQVTA,266,2,0,0,7,1,0,14,1,0,1,7,238,2,0,0,2,0,0,4,0,0,0,2,504,4,0,0,9,1,0,18,1,0,1,9,False,False
L7K,86,MRSAAVKALLLCAGQVTA,266,3,1,0,6,2,2,14,1,0,0,6,238,2,0,0,2,0,0,4,0,0,0,2,504,5,1,0,8,2,2,18,1,0,0,8,False,False
L7M,87,MRSAAVMALLLCAGQVTA,266,2,0,0,6,0,0,14,1,0,1,9,238,2,0,0,2,0,0,4,0,0,0,2,504,4,0,0,8,0,0,18,1,0,1,11,False,False
L7N,88,MRSAAVNALLLCAGQVTA,266,2,0,0,5,1,2,14,1,0,1,7,238,2,0,0,2,0,0,4,0,0,0,2,504,4,0,0,7,1,2,18,1,0,1,9,False,False
L7P,89,MRSAAVPALLLCAGQVTA,266,6,4,0,9,3,0,16,3,0,1,7,238,2,0,0,2,0,0,4,0,0,0,2,504,8,4,0,11,3,0,20,3,0,1,9,False,False
L7Q,90,MRSAAVQALLLCAGQVTA,266,2,0,0,7,1,0,14,1,0,2,7,238,2,0,0,2,0,0,4,0,0,0,2,504,4,0,0,9,1,0,18,1,0,2,9,False,False
L7R,91,MRSAAVRALLLCAGQVTA,266,3,1,0,9,3,0,14,1,0,2,7,238,2,0,0,2,0,0,4,0,0,0,2,504,5,1,0,11,3,0,18,1,0,2,9,False,False
L7S,92,MRSAAVSALLLCAGQVTA,266,4,2,0,6,1,1,14,1,0,1,8,238,2,0,0,2,0,0,4,0,0,0,2,504,6,2,0,8,1,1,18,1,0,1,10,False,False
L7T,93,MRSAAVTALLLCAGQVTA,266,3,1,0,8,2,0,14,1,0,2,7,238,2,0,0,2,0,0,4,0,0,0,2,504,5,1,0,10,2,0,18,1,0,2,9,False,False
L7V,94,MRSAAVVALLLCAGQVTA,266,2,0,0,7,1,0,14,1,0,1,7,238,2,0,0,2,0,0,4,0,0,0,2,504,4,0,0,9,1,0,18,1,0,1,9,False,False
L7W,95,MRSAAVWALLLCAGQVTA,266,2,0,0,2,0,4,13,1,1,2,7,238,2,0,0,2,0,0,4,0,0,0,2,504,4,0,0,4,0,4,17,1,1,2,9,False,False
L7Y,96,MRSAAVYALLLCAGQVTA,266,2,0,0,4,0,2,16,3,0,2,9,238,2,0,0,2,0,0,4,0,0,0,2,504,4,0,0,6,0,2,20,3,0,2,11,False,False
A8C,97,MRSAAVLCLLLCAGQVTA,266,1,0,1,3,0,3,7,0,6,1,6,238,2,0,0,2,0,0,4,0,0,0,2,504,3,0,1,5,0,3,11,0,6,1,8,False,False
A8D,98,MRSAAVLDLLLCAGQVTA,266,2,0,0,3,1,4,8,1,6,0,6,238,2,0,0,2,0,0,4,0,0,0,2,504,4,0,0,5,1,4,12,1,6,0,8,False,False
A8E,99,MRSAAVLELLLCAGQVTA,266,2,0,0,6,1,1,12,1,2,1,6,238,2,0,0,2,0,0,4,0,0,0,2,504,4,0,0,8,1,1,16,1,2,1,8,False,False
A8F,100,MRSAAVLFLLLCAGQVTA,266,3,1,0,5,2,3,13,2,2,2,9,238,2,0,0,2,0,0,4,0,0,0,2,504,5,1,0,7,2,3,17,2,2,2,11,False,False
A8G,101,MRSAAVLGLLLCAGQVTA,266,2,0,0,3,1,4,11,1,3,1,6,238,2,0,0,2,0,0,4,0,0,0,2,504,4,0,0,5,1,4,15,1,3,1,8,False,False
A8H,102,MRSAAVLHLLLCAGQVTA,266,5,3,0,8,3,1,14,2,1,2,7,238,2,0,0,2,0,0,4,0,0,0,2,504,7,3,0,10,3,1,18,2,1,2,9,False,False
A8I,103,MRSAAVLILLLCAGQVTA,266,2,0,0,5,0,1,14,2,1,1,7,238,2,0,0,2,0,0,4,0,0,0,2,504,4,0,0,7,0,1,18,2,1,1,9,False,False
A8K,104,MRSAAVLKLLLCAGQVTA,266,2,0,0,6,1,1,14,1,0,1,6,238,2,0,0,2,0,0,4,0,0,0,2,504,4,0,0,8,1,1,18,1,0,1,8,False,False
A8L,105,MRSAAVLLLLLCAGQVTA,266,3,1,0,7,2,1,11,2,4,1,8,238,2,0,0,2,0,0,4,0,0,0,2,504,5,1,0,9,2,1,15,2,4,1,10,False,False
A8M,106,MRSAAVLMLLLCAGQVTA,266,2,0,0,7,2,1,12,2,3,1,9,238,2,0,0,2,0,0,4,0,0,0,2,504,4,0,0,9,2,1,16,2,3,1,11,False,False
A8N,107,MRSAAVLNLLLCAGQVTA,266,2,0,0,5,0,1,11,1,3,1,6,238,2,0,0,2,0,0,4,0,0,0,2,504,4,0,0,7,0,1,15,1,3,1,8,False,False
A8P,108,MRSAAVLPLLLCAGQVTA,266,4,2,0,10,5,1,15,4,2,2,6,238,2,0,0,2,0,0,4,0,0,0,2,504,6,2,0,12,5,1,19,4,2,2,8,False,False
A8Q,109,MRSAAVLQLLLCAGQVTA,266,3,1,0,6,1,1,13,2,2,1,8,238,2,0,0,2,0,0,4,0,0,0,2,504,5,1,0,8,1,1,17,2,2,1,10,False,False
A8R,110,MRSAAVLRLLLCAGQVTA,266,4,2,0,6,1,1,14,1,0,1,6,238,2,0,0,2,0,0,4,0,0,0,2,504,6,2,0,8,1,1,18,1,0,1,8,False,False
A8S,111,MRSAAVLSLLLCAGQVTA,266,2,0,0,8,2,0,15,2,0,2,7,238,2,0,0,2,0,0,4,0,0,0,2,504,4,0,0,10,2,0,19,2,0,2,9,False,False
A8T,112,MRSAAVLTLLLCAGQVTA,266,2,0,0,7,1,0,16,4,1,2,8,238,2,0,0,2,0,0,4,0,0,0,2,504,4,0,0,9,1,0,20,4,1,2,10,False,False
A8V,113,MRSAAVLVLLLCAGQVTA,266,2,0,0,6,1,1,14,2,1,1,7,238,2,0,0,2,0,0,4,0,0,0,2,504,4,0,0,8,1,1,18,2,1,1,9,False,False
A8W,114,MRSAAVLWLLLCAGQVTA,266,1,0,1,4,1,3,9,2,6,1,8,238,2,0,0,2,0,0,4,0,0,0,2,504,3,0,1,6,1,3,13,2,6,1,10,False,False
A8Y,115,MRSAAVLYLLLCAGQVTA,266,3,1,0,6,3,3,14,2,1,2,9,238,2,0,0,2,0,0,4,0,0,0,2,504,5,1,0,8,3,3,18,2,1,2,11,False,False
L9A,116,MRSAAVLAALLCAGQVTA,266,3,2,1,3,0,3,9,0,4,1,8,238,2,0,0,2,0,0,4,0,0,0,2,504,5,2,1,5,0,3,13,0,4,1,10,False,False
L9C,117,MRSAAVLACLLCAGQVTA,266,0,0,2,1,0,5,7,0,6,0,5,238,2,0,0,2,0,0,4,0,0,0,2,504,2,0,2,3,0,5,11,0,6,0,7,True,True
L9D,118,MRSAAVLADLLCAGQVTA,266,1,1,2,2,1,5,7,1,7,1,3,238,2,0,0,2,0,0,4,0,0,0,2,504,3,1,2,4,1,5,11,1,7,1,5,True,True
L9E,119,MRSAAVLAELLCAGQVTA,266,4,3,1,8,4,2,14,6,5,1,7,238,2,0,0,2,0,0,4,0,0,0,2,504,6,3,1,10,4,2,18,6,5,1,9,False,False
L9F,120,MRSAAVLAFLLCAGQVTA,266,1,0,1,4,1,3,10,1,4,2,9,238,2,0,0,2,0,0,4,0,0,0,2,504,3,0,1,6,1,3,14,1,4,2,11,False,False
L9G,121,MRSAAVLAGLLCAGQVTA,266,0,0,2,2,0,4,10,2,5,0,5,238,2,0,0,2,0,0,4,0,0,0,2,504,2,0,2,4,0,4,14,2,5,0,7,False,False
L9H,122,MRSAAVLAHLLCAGQVTA,266,3,1,0,7,2,1,12,2,3,0,5,238,2,0,0,2,0,0,4,0,0,0,2,504,5,1,0,9,2,1,16,2,3,0,7,False,False
L9I,123,MRSAAVLAILLCAGQVTA,266,2,0,0,4,0,2,10,0,3,0,6,238,2,0,0,2,0,0,4,0,0,0,2,504,4,0,0,6,0,2,14,0,3,0,8,False,False
L9K,124,MRSAAVLAKLLCAGQVTA,266,1,0,1,6,1,1,13,3,3,0,5,238,2,0,0,2,0,0,4,0,0,0,2,504,3,0,1,8,1,1,17,3,3,0,7,False,False
L9M,125,MRSAAVLAMLLCAGQVTA,266,2,0,0,4,0,2,13,1,1,1,9,238,2,0,0,2,0,0,4,0,0,0,2,504,4,0,0,6,0,2,17,1,1,1,11,False,False
L9N,126,MRSAAVLANLLCAGQVTA,266,1,0,1,3,0,3,9,1,5,1,5,238,2,0,0,2,0,0,4,0,0,0,2,504,3,0,1,5,0,3,13,1,5,1,7,False,False
L9P,127,MRSAAVLAPLLCAGQVTA,266,1,0,1,5,2,3,10,3,6,2,7,238,2,0,0,2,0,0,4,0,0,0,2,504,3,0,1,7,2,3,14,3,6,2,9,False,False
L9Q,128,MRSAAVLAQLLCAGQVTA,266,3,2,1,5,1,2,9,1,5,0,5,238,2,0,0,2,0,0,4,0,0,0,2,504,5,2,1,7,1,2,13,1,5,0,7,False,False
L9R,129,MRSAAVLARLLCAGQVTA,266,1,0,1,5,2,3,11,1,3,0,5,238,2,0,0,2,0,0,4,0,0,0,2,504,3,0,1,7,2,3,15,1,3,0,7,False,False
L9S,130,MRSAAVLASLLCAGQVTA,266,3,2,1,6,2,2,10,1,4,1,7,238,2,0,0,2,0,0,4,0,0,0,2,504,5,2,1,8,2,2,14,1,4,1,9,False,False
L9T,131,MRSAAVLATLLCAGQVTA,266,3,2,1,5,1,2,10,1,4,0,7,238,2,0,0,2,0,0,4,0,0,0,2,504,5,2,1,7,1,2,14,1,4,0,9,False,False
L9V,132,MRSAAVLAVLLCAGQVTA,266,4,2,0,4,0,2,10,0,3,0,7,238,2,0,0,2,0,0,4,0,0,0,2,504,6,2,0,6,0,2,14,0,3,0,9,False,False
L9W,133,MRSAAVLAWLLCAGQVTA,266,1,0,1,2,0,4,7,1,7,0,6,238,2,0,0,2,0,0,4,0,0,0,2,504,3,0,1,4,0,4,11,1,7,0,8,False,False
L9Y,134,MRSAAVLAYLLCAGQVTA,266,2,0,0,6,1,1,10,1,4,2,10,238,2,0,0,2,0,0,4,0,0,0,2,504,4,0,0,8,1,1,14,1,4,2,12,False,False
