substitution,affected_window_HLA_pairs,EL_rank_lt_0.5,EL_rank_lt_1,EL_rank_lt_2,EL_rank_lt_5,min_EL_percentile,BA_nM_lt_500,HLA-A*02:01_EL_lt2,HLA-A*24:02_EL_lt2,HLA-A*03:01_EL_lt2,HLA-B*40:01_EL_lt2,HLA-B*49:01_EL_lt2,HLA-C*03:04_EL_lt2,HLA-C*07:01_EL_lt2
T17A,266,2,2,5,19,0.03,3,0,0,1,0,0,3,1
T17C,266,0,1,2,9,0.95,1,0,0,0,0,0,2,0
T17D,266,0,0,4,13,1.1,1,1,0,0,2,1,0,0
T17E,266,4,4,13,23,0.03,6,4,0,0,5,3,1,0
T17F,266,2,4,10,26,0.03,6,2,2,1,0,0,3,2
T17G,266,0,2,2,13,0.77,2,0,0,0,0,0,2,0
T17H,266,2,3,9,22,0.15,2,2,1,1,0,1,3,1
T17I,266,2,3,6,19,0.17,2,1,0,1,0,0,4,0
T17K,266,1,2,8,18,0.42,3,3,0,2,0,0,2,1
T17L,266,2,3,11,23,0.13,6,5,1,1,0,0,4,0
T17M,266,2,4,10,24,0.15,5,3,1,1,0,0,4,1
T17N,266,1,1,5,19,0.45,2,2,0,1,0,0,2,0
T17P,266,0,1,3,20,0.83,3,0,0,0,1,0,2,0
T17Q,266,0,4,11,21,0.57,2,4,1,0,1,1,3,1
T17R,266,2,2,7,21,0.02,2,2,0,1,0,0,2,2
T17S,266,2,2,8,18,0.17,3,2,0,1,0,0,4,1
T17T,266,2,2,7,17,0.25,4,3,0,0,0,0,3,1
T17V,266,2,2,7,19,0.21,5,2,0,0,0,0,4,1
T17W,266,2,2,4,21,0.14,5,0,2,1,0,0,1,0
T17Y,266,4,7,15,28,0.01,6,3,5,2,0,0,3,2
