variant,HLA-A*24:02|netmhcpan_el_percentile|0.5,HLA-A*24:02|mhcflurry_presentation_percentile|0.5,HLA-A*24:02|netmhcpan_el_percentile|1,HLA-A*24:02|mhcflurry_presentation_percentile|1,HLA-A*24:02|netmhcpan_el_percentile|2,HLA-A*24:02|mhcflurry_presentation_percentile|2,HLA-A*02:01|netmhcpan_el_percentile|0.5,HLA-A*02:01|mhcflurry_presentation_percentile|0.5,HLA-A*02:01|netmhcpan_el_percentile|1,HLA-A*02:01|mhcflurry_presentation_percentile|1,HLA-A*02:01|netmhcpan_el_percentile|2,HLA-A*02:01|mhcflurry_presentation_percentile|2,HLA-C*03:04|netmhcpan_el_percentile|0.5,HLA-C*03:04|mhcflurry_presentation_percentile|0.5,HLA-C*03:04|netmhcpan_el_percentile|1,HLA-C*03:04|mhcflurry_presentation_percentile|1,HLA-C*03:04|netmhcpan_el_percentile|2,HLA-C*03:04|mhcflurry_presentation_percentile|2,HLA-C*07:01|netmhcpan_el_percentile|0.5,HLA-C*07:01|mhcflurry_presentation_percentile|0.5,HLA-C*07:01|netmhcpan_el_percentile|1,HLA-C*07:01|mhcflurry_presentation_percentile|1,HLA-C*07:01|netmhcpan_el_percentile|2,HLA-C*07:01|mhcflurry_presentation_percentile|2,HLA-B*40:01|netmhcpan_el_percentile|0.5,HLA-B*40:01|mhcflurry_presentation_percentile|0.5,HLA-B*40:01|netmhcpan_el_percentile|1,HLA-B*40:01|mhcflurry_presentation_percentile|1,HLA-B*40:01|netmhcpan_el_percentile|2,HLA-B*40:01|mhcflurry_presentation_percentile|2,HLA-B*49:01|netmhcpan_el_percentile|0.5,HLA-B*49:01|mhcflurry_presentation_percentile|0.5,HLA-B*49:01|netmhcpan_el_percentile|1,HLA-B*49:01|mhcflurry_presentation_percentile|1,HLA-B*49:01|netmhcpan_el_percentile|2,HLA-B*49:01|mhcflurry_presentation_percentile|2,HLA-A*03:01|netmhcpan_el_percentile|0.5,HLA-A*03:01|mhcflurry_presentation_percentile|0.5,HLA-A*03:01|netmhcpan_el_percentile|1,HLA-A*03:01|mhcflurry_presentation_percentile|1,HLA-A*03:01|netmhcpan_el_percentile|2,HLA-A*03:01|mhcflurry_presentation_percentile|2,strictly_better_objectives,unchanged_objectives,worse_objectives
T17Y,2,1,3,1,5,1,0,0,0,2,4,6,1,1,2,1,4,5,1,0,1,2,2,2,0,0,0,0,1,0,0,0,0,0,0,0,0,1,1,1,2,1,4,22,16
T17L,0,0,0,0,1,1,1,1,1,3,6,7,1,2,2,2,5,6,0,0,0,0,0,0,0,0,0,0,1,0,0,0,0,0,0,0,0,0,0,0,1,1,3,29,10
T17A,0,0,0,0,0,1,0,0,0,2,1,7,2,2,2,2,4,6,0,0,0,0,1,2,0,0,0,0,1,0,0,0,0,0,0,0,0,0,0,0,1,1,2,35,5
T17M,0,0,1,0,1,1,1,1,1,3,4,5,1,1,2,2,5,7,0,0,0,0,1,0,0,0,0,0,1,0,0,0,0,0,0,0,0,0,0,1,1,1,3,29,10
T17R,0,0,0,0,0,0,0,0,0,1,3,3,1,1,1,1,3,3,1,1,1,2,2,2,0,0,0,0,1,0,0,0,0,0,0,0,0,0,0,1,1,1,10,23,9
T17E,0,0,0,0,0,0,0,0,0,2,5,5,0,1,0,1,2,2,0,0,0,0,0,1,3,1,3,1,6,1,1,1,1,1,3,4,0,0,0,0,0,0,9,20,13
T17F,1,1,1,1,2,1,0,0,0,3,3,5,1,1,2,1,4,5,0,0,0,1,2,2,0,0,0,0,1,0,0,0,0,0,0,0,0,1,1,1,1,1,4,25,13
T17H,0,1,0,1,1,1,0,0,0,2,3,4,1,1,2,1,4,6,1,1,1,2,1,2,0,0,0,0,1,0,0,0,0,0,1,1,0,0,0,0,1,1,6,23,13
T17I,0,0,0,0,0,0,0,1,1,2,2,6,2,2,2,2,5,6,0,0,0,0,0,1,0,0,0,0,1,0,0,0,0,0,0,0,0,0,0,0,1,1,4,31,7
T17S,0,0,0,0,0,0,0,0,0,2,3,5,2,2,2,2,5,4,0,0,0,0,1,2,0,0,0,0,1,0,0,0,0,0,0,0,0,0,0,0,1,1,4,34,4
T17T,0,0,0,0,0,1,0,0,0,3,4,5,2,2,2,2,4,5,0,0,0,0,1,1,0,0,0,0,1,0,0,0,0,0,0,0,0,0,0,0,0,0,0,42,0
T17V,0,0,0,0,0,0,0,1,0,3,3,7,2,2,2,2,5,6,0,0,0,0,1,1,0,0,0,0,1,0,0,0,0,0,0,0,0,0,0,0,0,1,2,35,5
T17D,0,0,0,0,0,0,0,1,0,2,2,3,0,1,0,1,1,3,0,0,0,0,0,1,0,0,0,0,3,0,0,0,0,1,1,3,0,0,0,0,0,0,11,26,5
T17N,0,0,0,0,0,0,0,0,0,1,3,3,1,1,1,1,3,5,0,0,0,0,0,0,0,0,0,0,1,0,0,0,0,0,0,0,0,0,0,0,1,1,11,29,2
T17Q,0,0,0,0,1,1,0,1,0,3,5,5,0,1,2,2,4,5,0,0,0,0,1,1,0,0,1,0,2,0,0,0,1,1,1,1,0,0,0,0,0,1,2,30,10
T17K,0,0,0,0,0,0,0,0,0,2,4,3,1,1,1,1,3,2,0,0,0,0,1,2,0,0,0,0,1,0,0,0,0,0,0,0,0,0,1,1,2,3,9,28,5
T17W,1,1,1,1,2,1,0,0,0,1,1,4,1,0,1,1,2,2,0,0,0,0,0,0,0,0,0,0,1,0,0,0,0,0,0,0,0,0,0,1,1,1,11,23,8
T17C,0,0,0,0,0,0,0,0,0,1,1,3,0,1,1,1,3,3,0,0,0,0,0,0,0,0,0,0,1,0,0,0,0,0,0,0,0,0,0,0,0,0,12,30,0
T17G,0,0,0,0,0,0,0,0,0,1,1,5,0,0,2,2,3,3,0,0,0,0,0,1,0,0,0,0,1,0,0,0,0,0,0,2,0,0,0,0,0,0,8,33,1
T17P,0,0,0,0,0,0,0,0,0,2,1,5,0,0,1,2,3,5,0,0,0,0,0,1,0,0,0,0,2,0,0,0,0,0,0,1,0,0,0,0,0,1,8,31,3
