variant,HLA-A*02:01|netmhcpan_el_lt|0.5,HLA-A*02:01|mhcflurry_presentation_lt|0.5,HLA-A*02:01|netmhcpan_el_lt|1.0,HLA-A*02:01|mhcflurry_presentation_lt|1.0,HLA-A*02:01|netmhcpan_el_lt|2.0,HLA-A*02:01|mhcflurry_presentation_lt|2.0,HLA-A*24:02|netmhcpan_el_lt|0.5,HLA-A*24:02|mhcflurry_presentation_lt|0.5,HLA-A*24:02|netmhcpan_el_lt|1.0,HLA-A*24:02|mhcflurry_presentation_lt|1.0,HLA-A*24:02|netmhcpan_el_lt|2.0,HLA-A*24:02|mhcflurry_presentation_lt|2.0,HLA-A*03:01|netmhcpan_el_lt|0.5,HLA-A*03:01|mhcflurry_presentation_lt|0.5,HLA-A*03:01|netmhcpan_el_lt|1.0,HLA-A*03:01|mhcflurry_presentation_lt|1.0,HLA-A*03:01|netmhcpan_el_lt|2.0,HLA-A*03:01|mhcflurry_presentation_lt|2.0,HLA-B*40:01|netmhcpan_el_lt|0.5,HLA-B*40:01|mhcflurry_presentation_lt|0.5,HLA-B*40:01|netmhcpan_el_lt|1.0,HLA-B*40:01|mhcflurry_presentation_lt|1.0,HLA-B*40:01|netmhcpan_el_lt|2.0,HLA-B*40:01|mhcflurry_presentation_lt|2.0,HLA-B*49:01|netmhcpan_el_lt|0.5,HLA-B*49:01|mhcflurry_presentation_lt|0.5,HLA-B*49:01|netmhcpan_el_lt|1.0,HLA-B*49:01|mhcflurry_presentation_lt|1.0,HLA-B*49:01|netmhcpan_el_lt|2.0,HLA-B*49:01|mhcflurry_presentation_lt|2.0,HLA-C*03:04|netmhcpan_el_lt|0.5,HLA-C*03:04|mhcflurry_presentation_lt|0.5,HLA-C*03:04|netmhcpan_el_lt|1.0,HLA-C*03:04|mhcflurry_presentation_lt|1.0,HLA-C*03:04|netmhcpan_el_lt|2.0,HLA-C*03:04|mhcflurry_presentation_lt|2.0,HLA-C*07:01|netmhcpan_el_lt|0.5,HLA-C*07:01|mhcflurry_presentation_lt|0.5,HLA-C*07:01|netmhcpan_el_lt|1.0,HLA-C*07:01|mhcflurry_presentation_lt|1.0,HLA-C*07:01|netmhcpan_el_lt|2.0,HLA-C*07:01|mhcflurry_presentation_lt|2.0,dominated_by,pareto,dominates_native_T
T17A,0,0,0,1,0,5,0,0,0,0,0,1,0,0,0,0,1,1,0,0,0,0,0,0,0,0,0,0,0,0,2,2,2,2,3,5,0,0,0,0,1,2,T17C,False,False
T17C,0,0,0,0,0,1,0,0,0,0,0,0,0,0,0,0,0,0,0,0,0,0,0,0,0,0,0,0,0,0,0,1,1,1,2,2,0,0,0,0,0,0,,True,True
T17D,0,1,0,1,1,1,0,0,0,0,0,0,0,0,0,0,0,0,0,0,0,0,2,0,0,0,0,1,1,3,0,1,0,1,0,2,0,0,0,0,0,1,,True,False
T17E,0,0,0,1,4,3,0,0,0,0,0,0,0,0,0,0,0,0,3,1,3,1,5,1,1,1,1,1,3,4,0,1,0,1,1,1,0,0,0,0,0,1,,True,False
T17F,0,0,0,2,2,3,1,1,1,1,2,1,0,1,1,1,1,1,0,0,0,0,0,0,0,0,0,0,0,0,1,1,2,1,3,4,0,0,0,1,2,2,T17C;T17N;T17W,False,False
T17G,0,0,0,0,0,3,0,0,0,0,0,0,0,0,0,0,0,0,0,0,0,0,0,0,0,0,0,0,0,2,0,0,2,2,2,2,0,0,0,0,0,1,,True,False
T17H,0,0,0,1,2,2,0,1,0,1,1,1,0,0,0,0,1,1,0,0,0,0,0,0,0,0,0,0,1,1,1,1,2,1,3,5,1,1,1,2,1,2,T17C;T17N,False,False
T17I,0,1,1,1,1,4,0,0,0,0,0,0,0,0,0,0,1,1,0,0,0,0,0,0,0,0,0,0,0,0,2,2,2,2,4,5,0,0,0,0,0,1,T17C,False,False
T17K,0,0,0,1,3,1,0,0,0,0,0,0,0,0,1,1,2,3,0,0,0,0,0,0,0,0,0,0,0,0,1,1,1,1,2,1,0,0,0,0,1,2,,True,False
T17L,1,1,1,2,5,5,0,0,0,0,1,1,0,0,0,0,1,1,0,0,0,0,0,0,0,0,0,0,0,0,1,2,2,2,4,5,0,0,0,0,0,0,T17C;T17N,False,False
T17M,1,1,1,2,3,3,0,0,1,0,1,1,0,0,0,1,1,1,0,0,0,0,0,0,0,0,0,0,0,0,1,1,2,2,4,6,0,0,0,0,1,0,T17C;T17N,False,False
T17N,0,0,0,0,2,1,0,0,0,0,0,0,0,0,0,0,1,1,0,0,0,0,0,0,0,0,0,0,0,0,1,1,1,1,2,4,0,0,0,0,0,0,T17C,False,False
T17P,0,0,0,1,0,3,0,0,0,0,0,0,0,0,0,0,0,1,0,0,0,0,1,0,0,0,0,0,0,1,0,0,1,2,2,5,0,0,0,0,0,1,,True,False
T17Q,0,1,0,2,4,3,0,0,0,0,1,1,0,0,0,0,0,1,0,0,1,0,1,0,0,0,1,1,1,1,0,1,2,2,3,4,0,0,0,0,1,1,T17C,False,False
T17R,0,0,0,0,2,1,0,0,0,0,0,0,0,0,0,1,1,1,0,0,0,0,0,0,0,0,0,0,0,0,1,1,1,1,2,2,1,1,1,2,2,2,T17C,False,False
T17S,0,0,0,1,2,3,0,0,0,0,0,0,0,0,0,0,1,1,0,0,0,0,0,0,0,0,0,0,0,0,2,2,2,2,4,3,0,0,0,0,1,2,T17C,False,False
T17T,0,0,0,2,3,3,0,0,0,0,0,1,0,0,0,0,0,0,0,0,0,0,0,0,0,0,0,0,0,0,2,2,2,2,3,4,0,0,0,0,1,1,T17C,False,False
T17V,0,1,0,2,2,5,0,0,0,0,0,0,0,0,0,0,0,1,0,0,0,0,0,0,0,0,0,0,0,0,2,2,2,2,4,5,0,0,0,0,1,1,T17C,False,False
T17W,0,0,0,0,0,2,1,1,1,1,2,1,0,0,0,1,1,1,0,0,0,0,0,0,0,0,0,0,0,0,1,0,1,1,1,1,0,0,0,0,0,0,,True,False
T17Y,0,0,0,1,3,4,2,1,3,1,5,1,0,1,1,1,2,1,0,0,0,0,0,0,0,0,0,0,0,0,1,1,2,1,3,4,1,0,1,2,2,2,T17C;T17N;T17W,False,False
