variant,model,context,allele,cutoff_percent,windows,baseline_count,variant_count,delta
baseline,NetMHCpan EL,with_flanks,HLA-A*02:01,0.5,72,0,0,0
baseline,MHCflurry presentation,with_flanks,HLA-A*02:01,0.5,72,0,0,0
baseline,NetMHCpan EL,with_flanks,HLA-A*02:01,1.0,72,0,0,0
baseline,MHCflurry presentation,with_flanks,HLA-A*02:01,1.0,72,4,4,0
baseline,NetMHCpan EL,with_flanks,HLA-A*02:01,2.0,72,4,4,0
baseline,MHCflurry presentation,with_flanks,HLA-A*02:01,2.0,72,6,6,0
baseline,NetMHCpan EL,with_flanks,HLA-A*03:01,0.5,72,0,0,0
baseline,MHCflurry presentation,with_flanks,HLA-A*03:01,0.5,72,0,0,0
baseline,NetMHCpan EL,with_flanks,HLA-A*03:01,1.0,72,0,0,0
baseline,MHCflurry presentation,with_flanks,HLA-A*03:01,1.0,72,0,0,0
baseline,NetMHCpan EL,with_flanks,HLA-A*03:01,2.0,72,0,0,0
baseline,MHCflurry presentation,with_flanks,HLA-A*03:01,2.0,72,0,0,0
baseline,NetMHCpan EL,with_flanks,HLA-A*24:02,0.5,72,0,0,0
baseline,MHCflurry presentation,with_flanks,HLA-A*24:02,0.5,72,0,0,0
baseline,NetMHCpan EL,with_flanks,HLA-A*24:02,1.0,72,0,0,0
baseline,MHCflurry presentation,with_flanks,HLA-A*24:02,1.0,72,0,0,0
baseline,NetMHCpan EL,with_flanks,HLA-A*24:02,2.0,72,0,0,0
baseline,MHCflurry presentation,with_flanks,HLA-A*24:02,2.0,72,2,2,0
baseline,NetMHCpan EL,with_flanks,HLA-B*40:01,0.5,72,0,0,0
baseline,MHCflurry presentation,with_flanks,HLA-B*40:01,0.5,72,0,0,0
baseline,NetMHCpan EL,with_flanks,HLA-B*40:01,1.0,72,0,0,0
baseline,MHCflurry presentation,with_flanks,HLA-B*40:01,1.0,72,0,0,0
baseline,NetMHCpan EL,with_flanks,HLA-B*40:01,2.0,72,0,0,0
baseline,MHCflurry presentation,with_flanks,HLA-B*40:01,2.0,72,0,0,0
baseline,NetMHCpan EL,with_flanks,HLA-B*49:01,0.5,72,0,0,0
baseline,MHCflurry presentation,with_flanks,HLA-B*49:01,0.5,72,0,0,0
baseline,NetMHCpan EL,with_flanks,HLA-B*49:01,1.0,72,0,0,0
baseline,MHCflurry presentation,with_flanks,HLA-B*49:01,1.0,72,0,0,0
baseline,NetMHCpan EL,with_flanks,HLA-B*49:01,2.0,72,0,0,0
baseline,MHCflurry presentation,with_flanks,HLA-B*49:01,2.0,72,0,0,0
baseline,NetMHCpan EL,with_flanks,HLA-C*03:04,0.5,72,3,3,0
baseline,MHCflurry presentation,with_flanks,HLA-C*03:04,0.5,72,5,5,0
baseline,NetMHCpan EL,with_flanks,HLA-C*03:04,1.0,72,6,6,0
baseline,MHCflurry presentation,with_flanks,HLA-C*03:04,1.0,72,9,9,0
baseline,NetMHCpan EL,with_flanks,HLA-C*03:04,2.0,72,8,8,0
baseline,MHCflurry presentation,with_flanks,HLA-C*03:04,2.0,72,11,11,0
baseline,NetMHCpan EL,with_flanks,HLA-C*07:01,0.5,72,1,1,0
baseline,MHCflurry presentation,with_flanks,HLA-C*07:01,0.5,72,4,4,0
baseline,NetMHCpan EL,with_flanks,HLA-C*07:01,1.0,72,2,2,0
baseline,MHCflurry presentation,with_flanks,HLA-C*07:01,1.0,72,6,6,0
baseline,NetMHCpan EL,with_flanks,HLA-C*07:01,2.0,72,5,5,0
baseline,MHCflurry presentation,with_flanks,HLA-C*07:01,2.0,72,8,8,0
baseline,NetMHCpan EL,without_flanks,HLA-A*02:01,0.5,72,0,0,0
baseline,MHCflurry presentation,without_flanks,HLA-A*02:01,0.5,72,0,0,0
baseline,NetMHCpan EL,without_flanks,HLA-A*02:01,1.0,72,0,0,0
baseline,MHCflurry presentation,without_flanks,HLA-A*02:01,1.0,72,2,2,0
baseline,NetMHCpan EL,without_flanks,HLA-A*02:01,2.0,72,4,4,0
baseline,MHCflurry presentation,without_flanks,HLA-A*02:01,2.0,72,6,6,0
baseline,NetMHCpan EL,without_flanks,HLA-A*03:01,0.5,72,0,0,0
baseline,MHCflurry presentation,without_flanks,HLA-A*03:01,0.5,72,0,0,0
baseline,NetMHCpan EL,without_flanks,HLA-A*03:01,1.0,72,0,0,0
baseline,MHCflurry presentation,without_flanks,HLA-A*03:01,1.0,72,0,0,0
baseline,NetMHCpan EL,without_flanks,HLA-A*03:01,2.0,72,0,0,0
baseline,MHCflurry presentation,without_flanks,HLA-A*03:01,2.0,72,0,0,0
baseline,NetMHCpan EL,without_flanks,HLA-A*24:02,0.5,72,0,0,0
baseline,MHCflurry presentation,without_flanks,HLA-A*24:02,0.5,72,0,0,0
baseline,NetMHCpan EL,without_flanks,HLA-A*24:02,1.0,72,0,0,0
baseline,MHCflurry presentation,without_flanks,HLA-A*24:02,1.0,72,0,0,0
baseline,NetMHCpan EL,without_flanks,HLA-A*24:02,2.0,72,0,0,0
baseline,MHCflurry presentation,without_flanks,HLA-A*24:02,2.0,72,0,0,0
baseline,NetMHCpan EL,without_flanks,HLA-B*40:01,0.5,72,0,0,0
baseline,MHCflurry presentation,without_flanks,HLA-B*40:01,0.5,72,0,0,0
baseline,NetMHCpan EL,without_flanks,HLA-B*40:01,1.0,72,0,0,0
baseline,MHCflurry presentation,without_flanks,HLA-B*40:01,1.0,72,0,0,0
baseline,NetMHCpan EL,without_flanks,HLA-B*40:01,2.0,72,0,0,0
baseline,MHCflurry presentation,without_flanks,HLA-B*40:01,2.0,72,0,0,0
baseline,NetMHCpan EL,without_flanks,HLA-B*49:01,0.5,72,0,0,0
baseline,MHCflurry presentation,without_flanks,HLA-B*49:01,0.5,72,0,0,0
baseline,NetMHCpan EL,without_flanks,HLA-B*49:01,1.0,72,0,0,0
baseline,MHCflurry presentation,without_flanks,HLA-B*49:01,1.0,72,0,0,0
baseline,NetMHCpan EL,without_flanks,HLA-B*49:01,2.0,72,0,0,0
baseline,MHCflurry presentation,without_flanks,HLA-B*49:01,2.0,72,0,0,0
baseline,NetMHCpan EL,without_flanks,HLA-C*03:04,0.5,72,3,3,0
baseline,MHCflurry presentation,without_flanks,HLA-C*03:04,0.5,72,3,3,0
baseline,NetMHCpan EL,without_flanks,HLA-C*03:04,1.0,72,6,6,0
baseline,MHCflurry presentation,without_flanks,HLA-C*03:04,1.0,72,7,7,0
baseline,NetMHCpan EL,without_flanks,HLA-C*03:04,2.0,72,8,8,0
baseline,MHCflurry presentation,without_flanks,HLA-C*03:04,2.0,72,10,10,0
baseline,NetMHCpan EL,without_flanks,HLA-C*07:01,0.5,72,1,1,0
baseline,MHCflurry presentation,without_flanks,HLA-C*07:01,0.5,72,1,1,0
baseline,NetMHCpan EL,without_flanks,HLA-C*07:01,1.0,72,2,2,0
baseline,MHCflurry presentation,without_flanks,HLA-C*07:01,1.0,72,3,3,0
baseline,NetMHCpan EL,without_flanks,HLA-C*07:01,2.0,72,5,5,0
baseline,MHCflurry presentation,without_flanks,HLA-C*07:01,2.0,72,5,5,0
L9C_T17C,NetMHCpan EL,with_flanks,HLA-A*02:01,0.5,72,0,0,0
L9C_T17C,MHCflurry presentation,with_flanks,HLA-A*02:01,0.5,72,0,0,0
L9C_T17C,NetMHCpan EL,with_flanks,HLA-A*02:01,1.0,72,0,0,0
L9C_T17C,MHCflurry presentation,with_flanks,HLA-A*02:01,1.0,72,4,0,-4
L9C_T17C,NetMHCpan EL,with_flanks,HLA-A*02:01,2.0,72,4,0,-4
L9C_T17C,MHCflurry presentation,with_flanks,HLA-A*02:01,2.0,72,6,3,-3
L9C_T17C,NetMHCpan EL,with_flanks,HLA-A*03:01,0.5,72,0,0,0
L9C_T17C,MHCflurry presentation,with_flanks,HLA-A*03:01,0.5,72,0,0,0
L9C_T17C,NetMHCpan EL,with_flanks,HLA-A*03:01,1.0,72,0,0,0
L9C_T17C,MHCflurry presentation,with_flanks,HLA-A*03:01,1.0,72,0,0,0
L9C_T17C,NetMHCpan EL,with_flanks,HLA-A*03:01,2.0,72,0,0,0
L9C_T17C,MHCflurry presentation,with_flanks,HLA-A*03:01,2.0,72,0,0,0
L9C_T17C,NetMHCpan EL,with_flanks,HLA-A*24:02,0.5,72,0,0,0
L9C_T17C,MHCflurry presentation,with_flanks,HLA-A*24:02,0.5,72,0,0,0
L9C_T17C,NetMHCpan EL,with_flanks,HLA-A*24:02,1.0,72,0,0,0
L9C_T17C,MHCflurry presentation,with_flanks,HLA-A*24:02,1.0,72,0,0,0
L9C_T17C,NetMHCpan EL,with_flanks,HLA-A*24:02,2.0,72,0,0,0
L9C_T17C,MHCflurry presentation,with_flanks,HLA-A*24:02,2.0,72,2,0,-2
L9C_T17C,NetMHCpan EL,with_flanks,HLA-B*40:01,0.5,72,0,0,0
L9C_T17C,MHCflurry presentation,with_flanks,HLA-B*40:01,0.5,72,0,0,0
L9C_T17C,NetMHCpan EL,with_flanks,HLA-B*40:01,1.0,72,0,0,0
L9C_T17C,MHCflurry presentation,with_flanks,HLA-B*40:01,1.0,72,0,0,0
L9C_T17C,NetMHCpan EL,with_flanks,HLA-B*40:01,2.0,72,0,0,0
L9C_T17C,MHCflurry presentation,with_flanks,HLA-B*40:01,2.0,72,0,0,0
L9C_T17C,NetMHCpan EL,with_flanks,HLA-B*49:01,0.5,72,0,0,0
L9C_T17C,MHCflurry presentation,with_flanks,HLA-B*49:01,0.5,72,0,0,0
L9C_T17C,NetMHCpan EL,with_flanks,HLA-B*49:01,1.0,72,0,0,0
L9C_T17C,MHCflurry presentation,with_flanks,HLA-B*49:01,1.0,72,0,0,0
L9C_T17C,NetMHCpan EL,with_flanks,HLA-B*49:01,2.0,72,0,0,0
L9C_T17C,MHCflurry presentation,with_flanks,HLA-B*49:01,2.0,72,0,0,0
L9C_T17C,NetMHCpan EL,with_flanks,HLA-C*03:04,0.5,72,3,0,-3
L9C_T17C,MHCflurry presentation,with_flanks,HLA-C*03:04,0.5,72,5,3,-2
L9C_T17C,NetMHCpan EL,with_flanks,HLA-C*03:04,1.0,72,6,2,-4
L9C_T17C,MHCflurry presentation,with_flanks,HLA-C*03:04,1.0,72,9,4,-5
L9C_T17C,NetMHCpan EL,with_flanks,HLA-C*03:04,2.0,72,8,5,-3
L9C_T17C,MHCflurry presentation,with_flanks,HLA-C*03:04,2.0,72,11,7,-4
L9C_T17C,NetMHCpan EL,with_flanks,HLA-C*07:01,0.5,72,1,0,-1
L9C_T17C,MHCflurry presentation,with_flanks,HLA-C*07:01,0.5,72,4,0,-4
L9C_T17C,NetMHCpan EL,with_flanks,HLA-C*07:01,1.0,72,2,0,-2
L9C_T17C,MHCflurry presentation,with_flanks,HLA-C*07:01,1.0,72,6,2,-4
L9C_T17C,NetMHCpan EL,with_flanks,HLA-C*07:01,2.0,72,5,3,-2
L9C_T17C,MHCflurry presentation,with_flanks,HLA-C*07:01,2.0,72,8,4,-4
L9C_T17C,NetMHCpan EL,without_flanks,HLA-A*02:01,0.5,72,0,0,0
L9C_T17C,MHCflurry presentation,without_flanks,HLA-A*02:01,0.5,72,0,0,0
L9C_T17C,NetMHCpan EL,without_flanks,HLA-A*02:01,1.0,72,0,0,0
L9C_T17C,MHCflurry presentation,without_flanks,HLA-A*02:01,1.0,72,2,0,-2
L9C_T17C,NetMHCpan EL,without_flanks,HLA-A*02:01,2.0,72,4,0,-4
L9C_T17C,MHCflurry presentation,without_flanks,HLA-A*02:01,2.0,72,6,2,-4
L9C_T17C,NetMHCpan EL,without_flanks,HLA-A*03:01,0.5,72,0,0,0
L9C_T17C,MHCflurry presentation,without_flanks,HLA-A*03:01,0.5,72,0,0,0
L9C_T17C,NetMHCpan EL,without_flanks,HLA-A*03:01,1.0,72,0,0,0
L9C_T17C,MHCflurry presentation,without_flanks,HLA-A*03:01,1.0,72,0,0,0
L9C_T17C,NetMHCpan EL,without_flanks,HLA-A*03:01,2.0,72,0,0,0
L9C_T17C,MHCflurry presentation,without_flanks,HLA-A*03:01,2.0,72,0,0,0
L9C_T17C,NetMHCpan EL,without_flanks,HLA-A*24:02,0.5,72,0,0,0
L9C_T17C,MHCflurry presentation,without_flanks,HLA-A*24:02,0.5,72,0,0,0
L9C_T17C,NetMHCpan EL,without_flanks,HLA-A*24:02,1.0,72,0,0,0
L9C_T17C,MHCflurry presentation,without_flanks,HLA-A*24:02,1.0,72,0,0,0
L9C_T17C,NetMHCpan EL,without_flanks,HLA-A*24:02,2.0,72,0,0,0
L9C_T17C,MHCflurry presentation,without_flanks,HLA-A*24:02,2.0,72,0,0,0
L9C_T17C,NetMHCpan EL,without_flanks,HLA-B*40:01,0.5,72,0,0,0
L9C_T17C,MHCflurry presentation,without_flanks,HLA-B*40:01,0.5,72,0,0,0
L9C_T17C,NetMHCpan EL,without_flanks,HLA-B*40:01,1.0,72,0,0,0
L9C_T17C,MHCflurry presentation,without_flanks,HLA-B*40:01,1.0,72,0,0,0
L9C_T17C,NetMHCpan EL,without_flanks,HLA-B*40:01,2.0,72,0,0,0
L9C_T17C,MHCflurry presentation,without_flanks,HLA-B*40:01,2.0,72,0,0,0
L9C_T17C,NetMHCpan EL,without_flanks,HLA-B*49:01,0.5,72,0,0,0
L9C_T17C,MHCflurry presentation,without_flanks,HLA-B*49:01,0.5,72,0,0,0
L9C_T17C,NetMHCpan EL,without_flanks,HLA-B*49:01,1.0,72,0,0,0
L9C_T17C,MHCflurry presentation,without_flanks,HLA-B*49:01,1.0,72,0,0,0
L9C_T17C,NetMHCpan EL,without_flanks,HLA-B*49:01,2.0,72,0,0,0
L9C_T17C,MHCflurry presentation,without_flanks,HLA-B*49:01,2.0,72,0,0,0
L9C_T17C,NetMHCpan EL,without_flanks,HLA-C*03:04,0.5,72,3,0,-3
L9C_T17C,MHCflurry presentation,without_flanks,HLA-C*03:04,0.5,72,3,1,-2
L9C_T17C,NetMHCpan EL,without_flanks,HLA-C*03:04,1.0,72,6,2,-4
L9C_T17C,MHCflurry presentation,without_flanks,HLA-C*03:04,1.0,72,7,4,-3
L9C_T17C,NetMHCpan EL,without_flanks,HLA-C*03:04,2.0,72,8,5,-3
L9C_T17C,MHCflurry presentation,without_flanks,HLA-C*03:04,2.0,72,10,6,-4
L9C_T17C,NetMHCpan EL,without_flanks,HLA-C*07:01,0.5,72,1,0,-1
L9C_T17C,MHCflurry presentation,without_flanks,HLA-C*07:01,0.5,72,1,0,-1
L9C_T17C,NetMHCpan EL,without_flanks,HLA-C*07:01,1.0,72,2,0,-2
L9C_T17C,MHCflurry presentation,without_flanks,HLA-C*07:01,1.0,72,3,1,-2
L9C_T17C,NetMHCpan EL,without_flanks,HLA-C*07:01,2.0,72,5,3,-2
L9C_T17C,MHCflurry presentation,without_flanks,HLA-C*07:01,2.0,72,5,4,-1
L9C_T17G,NetMHCpan EL,with_flanks,HLA-A*02:01,0.5,72,0,0,0
L9C_T17G,MHCflurry presentation,with_flanks,HLA-A*02:01,0.5,72,0,0,0
L9C_T17G,NetMHCpan EL,with_flanks,HLA-A*02:01,1.0,72,0,0,0
L9C_T17G,MHCflurry presentation,with_flanks,HLA-A*02:01,1.0,72,4,1,-3
L9C_T17G,NetMHCpan EL,with_flanks,HLA-A*02:01,2.0,72,4,0,-4
L9C_T17G,MHCflurry presentation,with_flanks,HLA-A*02:01,2.0,72,6,4,-2
L9C_T17G,NetMHCpan EL,with_flanks,HLA-A*03:01,0.5,72,0,0,0
L9C_T17G,MHCflurry presentation,with_flanks,HLA-A*03:01,0.5,72,0,0,0
L9C_T17G,NetMHCpan EL,with_flanks,HLA-A*03:01,1.0,72,0,0,0
L9C_T17G,MHCflurry presentation,with_flanks,HLA-A*03:01,1.0,72,0,0,0
L9C_T17G,NetMHCpan EL,with_flanks,HLA-A*03:01,2.0,72,0,0,0
L9C_T17G,MHCflurry presentation,with_flanks,HLA-A*03:01,2.0,72,0,0,0
L9C_T17G,NetMHCpan EL,with_flanks,HLA-A*24:02,0.5,72,0,0,0
L9C_T17G,MHCflurry presentation,with_flanks,HLA-A*24:02,0.5,72,0,0,0
L9C_T17G,NetMHCpan EL,with_flanks,HLA-A*24:02,1.0,72,0,0,0
L9C_T17G,MHCflurry presentation,with_flanks,HLA-A*24:02,1.0,72,0,0,0
L9C_T17G,NetMHCpan EL,with_flanks,HLA-A*24:02,2.0,72,0,0,0
L9C_T17G,MHCflurry presentation,with_flanks,HLA-A*24:02,2.0,72,2,0,-2
L9C_T17G,NetMHCpan EL,with_flanks,HLA-B*40:01,0.5,72,0,0,0
L9C_T17G,MHCflurry presentation,with_flanks,HLA-B*40:01,0.5,72,0,0,0
L9C_T17G,NetMHCpan EL,with_flanks,HLA-B*40:01,1.0,72,0,0,0
L9C_T17G,MHCflurry presentation,with_flanks,HLA-B*40:01,1.0,72,0,0,0
L9C_T17G,NetMHCpan EL,with_flanks,HLA-B*40:01,2.0,72,0,0,0
L9C_T17G,MHCflurry presentation,with_flanks,HLA-B*40:01,2.0,72,0,0,0
L9C_T17G,NetMHCpan EL,with_flanks,HLA-B*49:01,0.5,72,0,0,0
L9C_T17G,MHCflurry presentation,with_flanks,HLA-B*49:01,0.5,72,0,0,0
L9C_T17G,NetMHCpan EL,with_flanks,HLA-B*49:01,1.0,72,0,0,0
L9C_T17G,MHCflurry presentation,with_flanks,HLA-B*49:01,1.0,72,0,0,0
L9C_T17G,NetMHCpan EL,with_flanks,HLA-B*49:01,2.0,72,0,0,0
L9C_T17G,MHCflurry presentation,with_flanks,HLA-B*49:01,2.0,72,0,0,0
L9C_T17G,NetMHCpan EL,with_flanks,HLA-C*03:04,0.5,72,3,0,-3
L9C_T17G,MHCflurry presentation,with_flanks,HLA-C*03:04,0.5,72,5,2,-3
L9C_T17G,NetMHCpan EL,with_flanks,HLA-C*03:04,1.0,72,6,3,-3
L9C_T17G,MHCflurry presentation,with_flanks,HLA-C*03:04,1.0,72,9,5,-4
L9C_T17G,NetMHCpan EL,with_flanks,HLA-C*03:04,2.0,72,8,5,-3
L9C_T17G,MHCflurry presentation,with_flanks,HLA-C*03:04,2.0,72,11,7,-4
L9C_T17G,NetMHCpan EL,with_flanks,HLA-C*07:01,0.5,72,1,0,-1
L9C_T17G,MHCflurry presentation,with_flanks,HLA-C*07:01,0.5,72,4,0,-4
L9C_T17G,NetMHCpan EL,with_flanks,HLA-C*07:01,1.0,72,2,0,-2
L9C_T17G,MHCflurry presentation,with_flanks,HLA-C*07:01,1.0,72,6,2,-4
L9C_T17G,NetMHCpan EL,with_flanks,HLA-C*07:01,2.0,72,5,3,-2
L9C_T17G,MHCflurry presentation,with_flanks,HLA-C*07:01,2.0,72,8,5,-3
L9C_T17G,NetMHCpan EL,without_flanks,HLA-A*02:01,0.5,72,0,0,0
L9C_T17G,MHCflurry presentation,without_flanks,HLA-A*02:01,0.5,72,0,0,0
L9C_T17G,NetMHCpan EL,without_flanks,HLA-A*02:01,1.0,72,0,0,0
L9C_T17G,MHCflurry presentation,without_flanks,HLA-A*02:01,1.0,72,2,1,-1
L9C_T17G,NetMHCpan EL,without_flanks,HLA-A*02:01,2.0,72,4,0,-4
L9C_T17G,MHCflurry presentation,without_flanks,HLA-A*02:01,2.0,72,6,3,-3
L9C_T17G,NetMHCpan EL,without_flanks,HLA-A*03:01,0.5,72,0,0,0
L9C_T17G,MHCflurry presentation,without_flanks,HLA-A*03:01,0.5,72,0,0,0
L9C_T17G,NetMHCpan EL,without_flanks,HLA-A*03:01,1.0,72,0,0,0
L9C_T17G,MHCflurry presentation,without_flanks,HLA-A*03:01,1.0,72,0,0,0
L9C_T17G,NetMHCpan EL,without_flanks,HLA-A*03:01,2.0,72,0,0,0
L9C_T17G,MHCflurry presentation,without_flanks,HLA-A*03:01,2.0,72,0,0,0
L9C_T17G,NetMHCpan EL,without_flanks,HLA-A*24:02,0.5,72,0,0,0
L9C_T17G,MHCflurry presentation,without_flanks,HLA-A*24:02,0.5,72,0,0,0
L9C_T17G,NetMHCpan EL,without_flanks,HLA-A*24:02,1.0,72,0,0,0
L9C_T17G,MHCflurry presentation,without_flanks,HLA-A*24:02,1.0,72,0,0,0
L9C_T17G,NetMHCpan EL,without_flanks,HLA-A*24:02,2.0,72,0,0,0
L9C_T17G,MHCflurry presentation,without_flanks,HLA-A*24:02,2.0,72,0,0,0
L9C_T17G,NetMHCpan EL,without_flanks,HLA-B*40:01,0.5,72,0,0,0
L9C_T17G,MHCflurry presentation,without_flanks,HLA-B*40:01,0.5,72,0,0,0
L9C_T17G,NetMHCpan EL,without_flanks,HLA-B*40:01,1.0,72,0,0,0
L9C_T17G,MHCflurry presentation,without_flanks,HLA-B*40:01,1.0,72,0,0,0
L9C_T17G,NetMHCpan EL,without_flanks,HLA-B*40:01,2.0,72,0,0,0
L9C_T17G,MHCflurry presentation,without_flanks,HLA-B*40:01,2.0,72,0,0,0
L9C_T17G,NetMHCpan EL,without_flanks,HLA-B*49:01,0.5,72,0,0,0
L9C_T17G,MHCflurry presentation,without_flanks,HLA-B*49:01,0.5,72,0,0,0
L9C_T17G,NetMHCpan EL,without_flanks,HLA-B*49:01,1.0,72,0,0,0
L9C_T17G,MHCflurry presentation,without_flanks,HLA-B*49:01,1.0,72,0,0,0
L9C_T17G,NetMHCpan EL,without_flanks,HLA-B*49:01,2.0,72,0,0,0
L9C_T17G,MHCflurry presentation,without_flanks,HLA-B*49:01,2.0,72,0,1,1
L9C_T17G,NetMHCpan EL,without_flanks,HLA-C*03:04,0.5,72,3,0,-3
L9C_T17G,MHCflurry presentation,without_flanks,HLA-C*03:04,0.5,72,3,0,-3
L9C_T17G,NetMHCpan EL,without_flanks,HLA-C*03:04,1.0,72,6,3,-3
L9C_T17G,MHCflurry presentation,without_flanks,HLA-C*03:04,1.0,72,7,5,-2
L9C_T17G,NetMHCpan EL,without_flanks,HLA-C*03:04,2.0,72,8,5,-3
L9C_T17G,MHCflurry presentation,without_flanks,HLA-C*03:04,2.0,72,10,6,-4
L9C_T17G,NetMHCpan EL,without_flanks,HLA-C*07:01,0.5,72,1,0,-1
L9C_T17G,MHCflurry presentation,without_flanks,HLA-C*07:01,0.5,72,1,0,-1
L9C_T17G,NetMHCpan EL,without_flanks,HLA-C*07:01,1.0,72,2,0,-2
L9C_T17G,MHCflurry presentation,without_flanks,HLA-C*07:01,1.0,72,3,1,-2
L9C_T17G,NetMHCpan EL,without_flanks,HLA-C*07:01,2.0,72,5,3,-2
L9C_T17G,MHCflurry presentation,without_flanks,HLA-C*07:01,2.0,72,5,5,0
L9C_T17D,NetMHCpan EL,with_flanks,HLA-A*02:01,0.5,72,0,0,0
L9C_T17D,MHCflurry presentation,with_flanks,HLA-A*02:01,0.5,72,0,0,0
L9C_T17D,NetMHCpan EL,with_flanks,HLA-A*02:01,1.0,72,0,0,0
L9C_T17D,MHCflurry presentation,with_flanks,HLA-A*02:01,1.0,72,4,1,-3
L9C_T17D,NetMHCpan EL,with_flanks,HLA-A*02:01,2.0,72,4,1,-3
L9C_T17D,MHCflurry presentation,with_flanks,HLA-A*02:01,2.0,72,6,3,-3
L9C_T17D,NetMHCpan EL,with_flanks,HLA-A*03:01,0.5,72,0,0,0
L9C_T17D,MHCflurry presentation,with_flanks,HLA-A*03:01,0.5,72,0,0,0
L9C_T17D,NetMHCpan EL,with_flanks,HLA-A*03:01,1.0,72,0,0,0
L9C_T17D,MHCflurry presentation,with_flanks,HLA-A*03:01,1.0,72,0,0,0
L9C_T17D,NetMHCpan EL,with_flanks,HLA-A*03:01,2.0,72,0,0,0
L9C_T17D,MHCflurry presentation,with_flanks,HLA-A*03:01,2.0,72,0,0,0
L9C_T17D,NetMHCpan EL,with_flanks,HLA-A*24:02,0.5,72,0,0,0
L9C_T17D,MHCflurry presentation,with_flanks,HLA-A*24:02,0.5,72,0,0,0
L9C_T17D,NetMHCpan EL,with_flanks,HLA-A*24:02,1.0,72,0,0,0
L9C_T17D,MHCflurry presentation,with_flanks,HLA-A*24:02,1.0,72,0,0,0
L9C_T17D,NetMHCpan EL,with_flanks,HLA-A*24:02,2.0,72,0,0,0
L9C_T17D,MHCflurry presentation,with_flanks,HLA-A*24:02,2.0,72,2,0,-2
L9C_T17D,NetMHCpan EL,with_flanks,HLA-B*40:01,0.5,72,0,0,0
L9C_T17D,MHCflurry presentation,with_flanks,HLA-B*40:01,0.5,72,0,0,0
L9C_T17D,NetMHCpan EL,with_flanks,HLA-B*40:01,1.0,72,0,0,0
L9C_T17D,MHCflurry presentation,with_flanks,HLA-B*40:01,1.0,72,0,0,0
L9C_T17D,NetMHCpan EL,with_flanks,HLA-B*40:01,2.0,72,0,2,2
L9C_T17D,MHCflurry presentation,with_flanks,HLA-B*40:01,2.0,72,0,0,0
L9C_T17D,NetMHCpan EL,with_flanks,HLA-B*49:01,0.5,72,0,0,0
L9C_T17D,MHCflurry presentation,with_flanks,HLA-B*49:01,0.5,72,0,0,0
L9C_T17D,NetMHCpan EL,with_flanks,HLA-B*49:01,1.0,72,0,0,0
L9C_T17D,MHCflurry presentation,with_flanks,HLA-B*49:01,1.0,72,0,0,0
L9C_T17D,NetMHCpan EL,with_flanks,HLA-B*49:01,2.0,72,0,1,1
L9C_T17D,MHCflurry presentation,with_flanks,HLA-B*49:01,2.0,72,0,2,2
L9C_T17D,NetMHCpan EL,with_flanks,HLA-C*03:04,0.5,72,3,0,-3
L9C_T17D,MHCflurry presentation,with_flanks,HLA-C*03:04,0.5,72,5,3,-2
L9C_T17D,NetMHCpan EL,with_flanks,HLA-C*03:04,1.0,72,6,1,-5
L9C_T17D,MHCflurry presentation,with_flanks,HLA-C*03:04,1.0,72,9,4,-5
L9C_T17D,NetMHCpan EL,with_flanks,HLA-C*03:04,2.0,72,8,3,-5
L9C_T17D,MHCflurry presentation,with_flanks,HLA-C*03:04,2.0,72,11,7,-4
L9C_T17D,NetMHCpan EL,with_flanks,HLA-C*07:01,0.5,72,1,0,-1
L9C_T17D,MHCflurry presentation,with_flanks,HLA-C*07:01,0.5,72,4,0,-4
L9C_T17D,NetMHCpan EL,with_flanks,HLA-C*07:01,1.0,72,2,0,-2
L9C_T17D,MHCflurry presentation,with_flanks,HLA-C*07:01,1.0,72,6,2,-4
L9C_T17D,NetMHCpan EL,with_flanks,HLA-C*07:01,2.0,72,5,3,-2
L9C_T17D,MHCflurry presentation,with_flanks,HLA-C*07:01,2.0,72,8,5,-3
L9C_T17D,NetMHCpan EL,without_flanks,HLA-A*02:01,0.5,72,0,0,0
L9C_T17D,MHCflurry presentation,without_flanks,HLA-A*02:01,0.5,72,0,0,0
L9C_T17D,NetMHCpan EL,without_flanks,HLA-A*02:01,1.0,72,0,0,0
L9C_T17D,MHCflurry presentation,without_flanks,HLA-A*02:01,1.0,72,2,1,-1
L9C_T17D,NetMHCpan EL,without_flanks,HLA-A*02:01,2.0,72,4,1,-3
L9C_T17D,MHCflurry presentation,without_flanks,HLA-A*02:01,2.0,72,6,2,-4
L9C_T17D,NetMHCpan EL,without_flanks,HLA-A*03:01,0.5,72,0,0,0
L9C_T17D,MHCflurry presentation,without_flanks,HLA-A*03:01,0.5,72,0,0,0
L9C_T17D,NetMHCpan EL,without_flanks,HLA-A*03:01,1.0,72,0,0,0
L9C_T17D,MHCflurry presentation,without_flanks,HLA-A*03:01,1.0,72,0,0,0
L9C_T17D,NetMHCpan EL,without_flanks,HLA-A*03:01,2.0,72,0,0,0
L9C_T17D,MHCflurry presentation,without_flanks,HLA-A*03:01,2.0,72,0,0,0
L9C_T17D,NetMHCpan EL,without_flanks,HLA-A*24:02,0.5,72,0,0,0
L9C_T17D,MHCflurry presentation,without_flanks,HLA-A*24:02,0.5,72,0,0,0
L9C_T17D,NetMHCpan EL,without_flanks,HLA-A*24:02,1.0,72,0,0,0
L9C_T17D,MHCflurry presentation,without_flanks,HLA-A*24:02,1.0,72,0,0,0
L9C_T17D,NetMHCpan EL,without_flanks,HLA-A*24:02,2.0,72,0,0,0
L9C_T17D,MHCflurry presentation,without_flanks,HLA-A*24:02,2.0,72,0,0,0
L9C_T17D,NetMHCpan EL,without_flanks,HLA-B*40:01,0.5,72,0,0,0
L9C_T17D,MHCflurry presentation,without_flanks,HLA-B*40:01,0.5,72,0,0,0
L9C_T17D,NetMHCpan EL,without_flanks,HLA-B*40:01,1.0,72,0,0,0
L9C_T17D,MHCflurry presentation,without_flanks,HLA-B*40:01,1.0,72,0,0,0
L9C_T17D,NetMHCpan EL,without_flanks,HLA-B*40:01,2.0,72,0,2,2
L9C_T17D,MHCflurry presentation,without_flanks,HLA-B*40:01,2.0,72,0,0,0
L9C_T17D,NetMHCpan EL,without_flanks,HLA-B*49:01,0.5,72,0,0,0
L9C_T17D,MHCflurry presentation,without_flanks,HLA-B*49:01,0.5,72,0,0,0
L9C_T17D,NetMHCpan EL,without_flanks,HLA-B*49:01,1.0,72,0,0,0
L9C_T17D,MHCflurry presentation,without_flanks,HLA-B*49:01,1.0,72,0,0,0
L9C_T17D,NetMHCpan EL,without_flanks,HLA-B*49:01,2.0,72,0,1,1
L9C_T17D,MHCflurry presentation,without_flanks,HLA-B*49:01,2.0,72,0,2,2
L9C_T17D,NetMHCpan EL,without_flanks,HLA-C*03:04,0.5,72,3,0,-3
L9C_T17D,MHCflurry presentation,without_flanks,HLA-C*03:04,0.5,72,3,1,-2
L9C_T17D,NetMHCpan EL,without_flanks,HLA-C*03:04,1.0,72,6,1,-5
L9C_T17D,MHCflurry presentation,without_flanks,HLA-C*03:04,1.0,72,7,4,-3
L9C_T17D,NetMHCpan EL,without_flanks,HLA-C*03:04,2.0,72,8,3,-5
L9C_T17D,MHCflurry presentation,without_flanks,HLA-C*03:04,2.0,72,10,6,-4
L9C_T17D,NetMHCpan EL,without_flanks,HLA-C*07:01,0.5,72,1,0,-1
L9C_T17D,MHCflurry presentation,without_flanks,HLA-C*07:01,0.5,72,1,0,-1
L9C_T17D,NetMHCpan EL,without_flanks,HLA-C*07:01,1.0,72,2,0,-2
L9C_T17D,MHCflurry presentation,without_flanks,HLA-C*07:01,1.0,72,3,1,-2
L9C_T17D,NetMHCpan EL,without_flanks,HLA-C*07:01,2.0,72,5,3,-2
L9C_T17D,MHCflurry presentation,without_flanks,HLA-C*07:01,2.0,72,5,5,0
L9C_T17P,NetMHCpan EL,with_flanks,HLA-A*02:01,0.5,72,0,0,0
L9C_T17P,MHCflurry presentation,with_flanks,HLA-A*02:01,0.5,72,0,0,0
L9C_T17P,NetMHCpan EL,with_flanks,HLA-A*02:01,1.0,72,0,0,0
L9C_T17P,MHCflurry presentation,with_flanks,HLA-A*02:01,1.0,72,4,1,-3
L9C_T17P,NetMHCpan EL,with_flanks,HLA-A*02:01,2.0,72,4,0,-4
L9C_T17P,MHCflurry presentation,with_flanks,HLA-A*02:01,2.0,72,6,4,-2
L9C_T17P,NetMHCpan EL,with_flanks,HLA-A*03:01,0.5,72,0,0,0
L9C_T17P,MHCflurry presentation,with_flanks,HLA-A*03:01,0.5,72,0,0,0
L9C_T17P,NetMHCpan EL,with_flanks,HLA-A*03:01,1.0,72,0,0,0
L9C_T17P,MHCflurry presentation,with_flanks,HLA-A*03:01,1.0,72,0,0,0
L9C_T17P,NetMHCpan EL,with_flanks,HLA-A*03:01,2.0,72,0,0,0
L9C_T17P,MHCflurry presentation,with_flanks,HLA-A*03:01,2.0,72,0,1,1
L9C_T17P,NetMHCpan EL,with_flanks,HLA-A*24:02,0.5,72,0,0,0
L9C_T17P,MHCflurry presentation,with_flanks,HLA-A*24:02,0.5,72,0,0,0
L9C_T17P,NetMHCpan EL,with_flanks,HLA-A*24:02,1.0,72,0,0,0
L9C_T17P,MHCflurry presentation,with_flanks,HLA-A*24:02,1.0,72,0,0,0
L9C_T17P,NetMHCpan EL,with_flanks,HLA-A*24:02,2.0,72,0,0,0
L9C_T17P,MHCflurry presentation,with_flanks,HLA-A*24:02,2.0,72,2,0,-2
L9C_T17P,NetMHCpan EL,with_flanks,HLA-B*40:01,0.5,72,0,0,0
L9C_T17P,MHCflurry presentation,with_flanks,HLA-B*40:01,0.5,72,0,0,0
L9C_T17P,NetMHCpan EL,with_flanks,HLA-B*40:01,1.0,72,0,0,0
L9C_T17P,MHCflurry presentation,with_flanks,HLA-B*40:01,1.0,72,0,0,0
L9C_T17P,NetMHCpan EL,with_flanks,HLA-B*40:01,2.0,72,0,1,1
L9C_T17P,MHCflurry presentation,with_flanks,HLA-B*40:01,2.0,72,0,0,0
L9C_T17P,NetMHCpan EL,with_flanks,HLA-B*49:01,0.5,72,0,0,0
L9C_T17P,MHCflurry presentation,with_flanks,HLA-B*49:01,0.5,72,0,0,0
L9C_T17P,NetMHCpan EL,with_flanks,HLA-B*49:01,1.0,72,0,0,0
L9C_T17P,MHCflurry presentation,with_flanks,HLA-B*49:01,1.0,72,0,0,0
L9C_T17P,NetMHCpan EL,with_flanks,HLA-B*49:01,2.0,72,0,0,0
L9C_T17P,MHCflurry presentation,with_flanks,HLA-B*49:01,2.0,72,0,1,1
L9C_T17P,NetMHCpan EL,with_flanks,HLA-C*03:04,0.5,72,3,0,-3
L9C_T17P,MHCflurry presentation,with_flanks,HLA-C*03:04,0.5,72,5,2,-3
L9C_T17P,NetMHCpan EL,with_flanks,HLA-C*03:04,1.0,72,6,2,-4
L9C_T17P,MHCflurry presentation,with_flanks,HLA-C*03:04,1.0,72,9,5,-4
L9C_T17P,NetMHCpan EL,with_flanks,HLA-C*03:04,2.0,72,8,5,-3
L9C_T17P,MHCflurry presentation,with_flanks,HLA-C*03:04,2.0,72,11,10,-1
L9C_T17P,NetMHCpan EL,with_flanks,HLA-C*07:01,0.5,72,1,0,-1
L9C_T17P,MHCflurry presentation,with_flanks,HLA-C*07:01,0.5,72,4,0,-4
L9C_T17P,NetMHCpan EL,with_flanks,HLA-C*07:01,1.0,72,2,0,-2
L9C_T17P,MHCflurry presentation,with_flanks,HLA-C*07:01,1.0,72,6,2,-4
L9C_T17P,NetMHCpan EL,with_flanks,HLA-C*07:01,2.0,72,5,3,-2
L9C_T17P,MHCflurry presentation,with_flanks,HLA-C*07:01,2.0,72,8,5,-3
L9C_T17P,NetMHCpan EL,without_flanks,HLA-A*02:01,0.5,72,0,0,0
L9C_T17P,MHCflurry presentation,without_flanks,HLA-A*02:01,0.5,72,0,0,0
L9C_T17P,NetMHCpan EL,without_flanks,HLA-A*02:01,1.0,72,0,0,0
L9C_T17P,MHCflurry presentation,without_flanks,HLA-A*02:01,1.0,72,2,1,-1
L9C_T17P,NetMHCpan EL,without_flanks,HLA-A*02:01,2.0,72,4,0,-4
L9C_T17P,MHCflurry presentation,without_flanks,HLA-A*02:01,2.0,72,6,3,-3
L9C_T17P,NetMHCpan EL,without_flanks,HLA-A*03:01,0.5,72,0,0,0
L9C_T17P,MHCflurry presentation,without_flanks,HLA-A*03:01,0.5,72,0,0,0
L9C_T17P,NetMHCpan EL,without_flanks,HLA-A*03:01,1.0,72,0,0,0
L9C_T17P,MHCflurry presentation,without_flanks,HLA-A*03:01,1.0,72,0,0,0
L9C_T17P,NetMHCpan EL,without_flanks,HLA-A*03:01,2.0,72,0,0,0
L9C_T17P,MHCflurry presentation,without_flanks,HLA-A*03:01,2.0,72,0,0,0
L9C_T17P,NetMHCpan EL,without_flanks,HLA-A*24:02,0.5,72,0,0,0
L9C_T17P,MHCflurry presentation,without_flanks,HLA-A*24:02,0.5,72,0,0,0
L9C_T17P,NetMHCpan EL,without_flanks,HLA-A*24:02,1.0,72,0,0,0
L9C_T17P,MHCflurry presentation,without_flanks,HLA-A*24:02,1.0,72,0,0,0
L9C_T17P,NetMHCpan EL,without_flanks,HLA-A*24:02,2.0,72,0,0,0
L9C_T17P,MHCflurry presentation,without_flanks,HLA-A*24:02,2.0,72,0,0,0
L9C_T17P,NetMHCpan EL,without_flanks,HLA-B*40:01,0.5,72,0,0,0
L9C_T17P,MHCflurry presentation,without_flanks,HLA-B*40:01,0.5,72,0,0,0
L9C_T17P,NetMHCpan EL,without_flanks,HLA-B*40:01,1.0,72,0,0,0
L9C_T17P,MHCflurry presentation,without_flanks,HLA-B*40:01,1.0,72,0,0,0
L9C_T17P,NetMHCpan EL,without_flanks,HLA-B*40:01,2.0,72,0,1,1
L9C_T17P,MHCflurry presentation,without_flanks,HLA-B*40:01,2.0,72,0,0,0
L9C_T17P,NetMHCpan EL,without_flanks,HLA-B*49:01,0.5,72,0,0,0
L9C_T17P,MHCflurry presentation,without_flanks,HLA-B*49:01,0.5,72,0,0,0
L9C_T17P,NetMHCpan EL,without_flanks,HLA-B*49:01,1.0,72,0,0,0
L9C_T17P,MHCflurry presentation,without_flanks,HLA-B*49:01,1.0,72,0,0,0
L9C_T17P,NetMHCpan EL,without_flanks,HLA-B*49:01,2.0,72,0,0,0
L9C_T17P,MHCflurry presentation,without_flanks,HLA-B*49:01,2.0,72,0,1,1
L9C_T17P,NetMHCpan EL,without_flanks,HLA-C*03:04,0.5,72,3,0,-3
L9C_T17P,MHCflurry presentation,without_flanks,HLA-C*03:04,0.5,72,3,0,-3
L9C_T17P,NetMHCpan EL,without_flanks,HLA-C*03:04,1.0,72,6,2,-4
L9C_T17P,MHCflurry presentation,without_flanks,HLA-C*03:04,1.0,72,7,4,-3
L9C_T17P,NetMHCpan EL,without_flanks,HLA-C*03:04,2.0,72,8,5,-3
L9C_T17P,MHCflurry presentation,without_flanks,HLA-C*03:04,2.0,72,10,8,-2
L9C_T17P,NetMHCpan EL,without_flanks,HLA-C*07:01,0.5,72,1,0,-1
L9C_T17P,MHCflurry presentation,without_flanks,HLA-C*07:01,0.5,72,1,0,-1
L9C_T17P,NetMHCpan EL,without_flanks,HLA-C*07:01,1.0,72,2,0,-2
L9C_T17P,MHCflurry presentation,without_flanks,HLA-C*07:01,1.0,72,3,1,-2
L9C_T17P,NetMHCpan EL,without_flanks,HLA-C*07:01,2.0,72,5,3,-2
L9C_T17P,MHCflurry presentation,without_flanks,HLA-C*07:01,2.0,72,5,5,0
L9G_T17C,NetMHCpan EL,with_flanks,HLA-A*02:01,0.5,72,0,0,0
L9G_T17C,MHCflurry presentation,with_flanks,HLA-A*02:01,0.5,72,0,1,1
L9G_T17C,NetMHCpan EL,with_flanks,HLA-A*02:01,1.0,72,0,0,0
L9G_T17C,MHCflurry presentation,with_flanks,HLA-A*02:01,1.0,72,4,2,-2
L9G_T17C,NetMHCpan EL,with_flanks,HLA-A*02:01,2.0,72,4,2,-2
L9G_T17C,MHCflurry presentation,with_flanks,HLA-A*02:01,2.0,72,6,4,-2
L9G_T17C,NetMHCpan EL,with_flanks,HLA-A*03:01,0.5,72,0,0,0
L9G_T17C,MHCflurry presentation,with_flanks,HLA-A*03:01,0.5,72,0,0,0
L9G_T17C,NetMHCpan EL,with_flanks,HLA-A*03:01,1.0,72,0,0,0
L9G_T17C,MHCflurry presentation,with_flanks,HLA-A*03:01,1.0,72,0,0,0
L9G_T17C,NetMHCpan EL,with_flanks,HLA-A*03:01,2.0,72,0,0,0
L9G_T17C,MHCflurry presentation,with_flanks,HLA-A*03:01,2.0,72,0,0,0
L9G_T17C,NetMHCpan EL,with_flanks,HLA-A*24:02,0.5,72,0,0,0
L9G_T17C,MHCflurry presentation,with_flanks,HLA-A*24:02,0.5,72,0,0,0
L9G_T17C,NetMHCpan EL,with_flanks,HLA-A*24:02,1.0,72,0,0,0
L9G_T17C,MHCflurry presentation,with_flanks,HLA-A*24:02,1.0,72,0,0,0
L9G_T17C,NetMHCpan EL,with_flanks,HLA-A*24:02,2.0,72,0,0,0
L9G_T17C,MHCflurry presentation,with_flanks,HLA-A*24:02,2.0,72,2,0,-2
L9G_T17C,NetMHCpan EL,with_flanks,HLA-B*40:01,0.5,72,0,0,0
L9G_T17C,MHCflurry presentation,with_flanks,HLA-B*40:01,0.5,72,0,0,0
L9G_T17C,NetMHCpan EL,with_flanks,HLA-B*40:01,1.0,72,0,0,0
L9G_T17C,MHCflurry presentation,with_flanks,HLA-B*40:01,1.0,72,0,0,0
L9G_T17C,NetMHCpan EL,with_flanks,HLA-B*40:01,2.0,72,0,0,0
L9G_T17C,MHCflurry presentation,with_flanks,HLA-B*40:01,2.0,72,0,0,0
L9G_T17C,NetMHCpan EL,with_flanks,HLA-B*49:01,0.5,72,0,0,0
L9G_T17C,MHCflurry presentation,with_flanks,HLA-B*49:01,0.5,72,0,0,0
L9G_T17C,NetMHCpan EL,with_flanks,HLA-B*49:01,1.0,72,0,0,0
L9G_T17C,MHCflurry presentation,with_flanks,HLA-B*49:01,1.0,72,0,0,0
L9G_T17C,NetMHCpan EL,with_flanks,HLA-B*49:01,2.0,72,0,0,0
L9G_T17C,MHCflurry presentation,with_flanks,HLA-B*49:01,2.0,72,0,0,0
L9G_T17C,NetMHCpan EL,with_flanks,HLA-C*03:04,0.5,72,3,0,-3
L9G_T17C,MHCflurry presentation,with_flanks,HLA-C*03:04,0.5,72,5,2,-3
L9G_T17C,NetMHCpan EL,with_flanks,HLA-C*03:04,1.0,72,6,3,-3
L9G_T17C,MHCflurry presentation,with_flanks,HLA-C*03:04,1.0,72,9,3,-6
L9G_T17C,NetMHCpan EL,with_flanks,HLA-C*03:04,2.0,72,8,6,-2
L9G_T17C,MHCflurry presentation,with_flanks,HLA-C*03:04,2.0,72,11,8,-3
L9G_T17C,NetMHCpan EL,with_flanks,HLA-C*07:01,0.5,72,1,0,-1
L9G_T17C,MHCflurry presentation,with_flanks,HLA-C*07:01,0.5,72,4,0,-4
L9G_T17C,NetMHCpan EL,with_flanks,HLA-C*07:01,1.0,72,2,0,-2
L9G_T17C,MHCflurry presentation,with_flanks,HLA-C*07:01,1.0,72,6,2,-4
L9G_T17C,NetMHCpan EL,with_flanks,HLA-C*07:01,2.0,72,5,2,-3
L9G_T17C,MHCflurry presentation,with_flanks,HLA-C*07:01,2.0,72,8,3,-5
L9G_T17C,NetMHCpan EL,without_flanks,HLA-A*02:01,0.5,72,0,0,0
L9G_T17C,MHCflurry presentation,without_flanks,HLA-A*02:01,0.5,72,0,0,0
L9G_T17C,NetMHCpan EL,without_flanks,HLA-A*02:01,1.0,72,0,0,0
L9G_T17C,MHCflurry presentation,without_flanks,HLA-A*02:01,1.0,72,2,1,-1
L9G_T17C,NetMHCpan EL,without_flanks,HLA-A*02:01,2.0,72,4,2,-2
L9G_T17C,MHCflurry presentation,without_flanks,HLA-A*02:01,2.0,72,6,5,-1
L9G_T17C,NetMHCpan EL,without_flanks,HLA-A*03:01,0.5,72,0,0,0
L9G_T17C,MHCflurry presentation,without_flanks,HLA-A*03:01,0.5,72,0,0,0
L9G_T17C,NetMHCpan EL,without_flanks,HLA-A*03:01,1.0,72,0,0,0
L9G_T17C,MHCflurry presentation,without_flanks,HLA-A*03:01,1.0,72,0,0,0
L9G_T17C,NetMHCpan EL,without_flanks,HLA-A*03:01,2.0,72,0,0,0
L9G_T17C,MHCflurry presentation,without_flanks,HLA-A*03:01,2.0,72,0,0,0
L9G_T17C,NetMHCpan EL,without_flanks,HLA-A*24:02,0.5,72,0,0,0
L9G_T17C,MHCflurry presentation,without_flanks,HLA-A*24:02,0.5,72,0,0,0
L9G_T17C,NetMHCpan EL,without_flanks,HLA-A*24:02,1.0,72,0,0,0
L9G_T17C,MHCflurry presentation,without_flanks,HLA-A*24:02,1.0,72,0,0,0
L9G_T17C,NetMHCpan EL,without_flanks,HLA-A*24:02,2.0,72,0,0,0
L9G_T17C,MHCflurry presentation,without_flanks,HLA-A*24:02,2.0,72,0,0,0
L9G_T17C,NetMHCpan EL,without_flanks,HLA-B*40:01,0.5,72,0,0,0
L9G_T17C,MHCflurry presentation,without_flanks,HLA-B*40:01,0.5,72,0,0,0
L9G_T17C,NetMHCpan EL,without_flanks,HLA-B*40:01,1.0,72,0,0,0
L9G_T17C,MHCflurry presentation,without_flanks,HLA-B*40:01,1.0,72,0,0,0
L9G_T17C,NetMHCpan EL,without_flanks,HLA-B*40:01,2.0,72,0,0,0
L9G_T17C,MHCflurry presentation,without_flanks,HLA-B*40:01,2.0,72,0,0,0
L9G_T17C,NetMHCpan EL,without_flanks,HLA-B*49:01,0.5,72,0,0,0
L9G_T17C,MHCflurry presentation,without_flanks,HLA-B*49:01,0.5,72,0,0,0
L9G_T17C,NetMHCpan EL,without_flanks,HLA-B*49:01,1.0,72,0,0,0
L9G_T17C,MHCflurry presentation,without_flanks,HLA-B*49:01,1.0,72,0,0,0
L9G_T17C,NetMHCpan EL,without_flanks,HLA-B*49:01,2.0,72,0,0,0
L9G_T17C,MHCflurry presentation,without_flanks,HLA-B*49:01,2.0,72,0,0,0
L9G_T17C,NetMHCpan EL,without_flanks,HLA-C*03:04,0.5,72,3,0,-3
L9G_T17C,MHCflurry presentation,without_flanks,HLA-C*03:04,0.5,72,3,1,-2
L9G_T17C,NetMHCpan EL,without_flanks,HLA-C*03:04,1.0,72,6,3,-3
L9G_T17C,MHCflurry presentation,without_flanks,HLA-C*03:04,1.0,72,7,3,-4
L9G_T17C,NetMHCpan EL,without_flanks,HLA-C*03:04,2.0,72,8,6,-2
L9G_T17C,MHCflurry presentation,without_flanks,HLA-C*03:04,2.0,72,10,6,-4
L9G_T17C,NetMHCpan EL,without_flanks,HLA-C*07:01,0.5,72,1,0,-1
L9G_T17C,MHCflurry presentation,without_flanks,HLA-C*07:01,0.5,72,1,0,-1
L9G_T17C,NetMHCpan EL,without_flanks,HLA-C*07:01,1.0,72,2,0,-2
L9G_T17C,MHCflurry presentation,without_flanks,HLA-C*07:01,1.0,72,3,1,-2
L9G_T17C,NetMHCpan EL,without_flanks,HLA-C*07:01,2.0,72,5,2,-3
L9G_T17C,MHCflurry presentation,without_flanks,HLA-C*07:01,2.0,72,5,3,-2
L9G_T17G,NetMHCpan EL,with_flanks,HLA-A*02:01,0.5,72,0,0,0
L9G_T17G,MHCflurry presentation,with_flanks,HLA-A*02:01,0.5,72,0,1,1
L9G_T17G,NetMHCpan EL,with_flanks,HLA-A*02:01,1.0,72,0,0,0
L9G_T17G,MHCflurry presentation,with_flanks,HLA-A*02:01,1.0,72,4,2,-2
L9G_T17G,NetMHCpan EL,with_flanks,HLA-A*02:01,2.0,72,4,2,-2
L9G_T17G,MHCflurry presentation,with_flanks,HLA-A*02:01,2.0,72,6,5,-1
L9G_T17G,NetMHCpan EL,with_flanks,HLA-A*03:01,0.5,72,0,0,0
L9G_T17G,MHCflurry presentation,with_flanks,HLA-A*03:01,0.5,72,0,0,0
L9G_T17G,NetMHCpan EL,with_flanks,HLA-A*03:01,1.0,72,0,0,0
L9G_T17G,MHCflurry presentation,with_flanks,HLA-A*03:01,1.0,72,0,0,0
L9G_T17G,NetMHCpan EL,with_flanks,HLA-A*03:01,2.0,72,0,0,0
L9G_T17G,MHCflurry presentation,with_flanks,HLA-A*03:01,2.0,72,0,0,0
L9G_T17G,NetMHCpan EL,with_flanks,HLA-A*24:02,0.5,72,0,0,0
L9G_T17G,MHCflurry presentation,with_flanks,HLA-A*24:02,0.5,72,0,0,0
L9G_T17G,NetMHCpan EL,with_flanks,HLA-A*24:02,1.0,72,0,0,0
L9G_T17G,MHCflurry presentation,with_flanks,HLA-A*24:02,1.0,72,0,0,0
L9G_T17G,NetMHCpan EL,with_flanks,HLA-A*24:02,2.0,72,0,0,0
L9G_T17G,MHCflurry presentation,with_flanks,HLA-A*24:02,2.0,72,2,0,-2
L9G_T17G,NetMHCpan EL,with_flanks,HLA-B*40:01,0.5,72,0,0,0
L9G_T17G,MHCflurry presentation,with_flanks,HLA-B*40:01,0.5,72,0,0,0
L9G_T17G,NetMHCpan EL,with_flanks,HLA-B*40:01,1.0,72,0,0,0
L9G_T17G,MHCflurry presentation,with_flanks,HLA-B*40:01,1.0,72,0,0,0
L9G_T17G,NetMHCpan EL,with_flanks,HLA-B*40:01,2.0,72,0,0,0
L9G_T17G,MHCflurry presentation,with_flanks,HLA-B*40:01,2.0,72,0,0,0
L9G_T17G,NetMHCpan EL,with_flanks,HLA-B*49:01,0.5,72,0,0,0
L9G_T17G,MHCflurry presentation,with_flanks,HLA-B*49:01,0.5,72,0,0,0
L9G_T17G,NetMHCpan EL,with_flanks,HLA-B*49:01,1.0,72,0,0,0
L9G_T17G,MHCflurry presentation,with_flanks,HLA-B*49:01,1.0,72,0,0,0
L9G_T17G,NetMHCpan EL,with_flanks,HLA-B*49:01,2.0,72,0,0,0
L9G_T17G,MHCflurry presentation,with_flanks,HLA-B*49:01,2.0,72,0,0,0
L9G_T17G,NetMHCpan EL,with_flanks,HLA-C*03:04,0.5,72,3,0,-3
L9G_T17G,MHCflurry presentation,with_flanks,HLA-C*03:04,0.5,72,5,1,-4
L9G_T17G,NetMHCpan EL,with_flanks,HLA-C*03:04,1.0,72,6,4,-2
L9G_T17G,MHCflurry presentation,with_flanks,HLA-C*03:04,1.0,72,9,4,-5
L9G_T17G,NetMHCpan EL,with_flanks,HLA-C*03:04,2.0,72,8,6,-2
L9G_T17G,MHCflurry presentation,with_flanks,HLA-C*03:04,2.0,72,11,8,-3
L9G_T17G,NetMHCpan EL,with_flanks,HLA-C*07:01,0.5,72,1,0,-1
L9G_T17G,MHCflurry presentation,with_flanks,HLA-C*07:01,0.5,72,4,0,-4
L9G_T17G,NetMHCpan EL,with_flanks,HLA-C*07:01,1.0,72,2,0,-2
L9G_T17G,MHCflurry presentation,with_flanks,HLA-C*07:01,1.0,72,6,2,-4
L9G_T17G,NetMHCpan EL,with_flanks,HLA-C*07:01,2.0,72,5,2,-3
L9G_T17G,MHCflurry presentation,with_flanks,HLA-C*07:01,2.0,72,8,4,-4
L9G_T17G,NetMHCpan EL,without_flanks,HLA-A*02:01,0.5,72,0,0,0
L9G_T17G,MHCflurry presentation,without_flanks,HLA-A*02:01,0.5,72,0,0,0
L9G_T17G,NetMHCpan EL,without_flanks,HLA-A*02:01,1.0,72,0,0,0
L9G_T17G,MHCflurry presentation,without_flanks,HLA-A*02:01,1.0,72,2,2,0
L9G_T17G,NetMHCpan EL,without_flanks,HLA-A*02:01,2.0,72,4,2,-2
L9G_T17G,MHCflurry presentation,without_flanks,HLA-A*02:01,2.0,72,6,6,0
L9G_T17G,NetMHCpan EL,without_flanks,HLA-A*03:01,0.5,72,0,0,0
L9G_T17G,MHCflurry presentation,without_flanks,HLA-A*03:01,0.5,72,0,0,0
L9G_T17G,NetMHCpan EL,without_flanks,HLA-A*03:01,1.0,72,0,0,0
L9G_T17G,MHCflurry presentation,without_flanks,HLA-A*03:01,1.0,72,0,0,0
L9G_T17G,NetMHCpan EL,without_flanks,HLA-A*03:01,2.0,72,0,0,0
L9G_T17G,MHCflurry presentation,without_flanks,HLA-A*03:01,2.0,72,0,0,0
L9G_T17G,NetMHCpan EL,without_flanks,HLA-A*24:02,0.5,72,0,0,0
L9G_T17G,MHCflurry presentation,without_flanks,HLA-A*24:02,0.5,72,0,0,0
L9G_T17G,NetMHCpan EL,without_flanks,HLA-A*24:02,1.0,72,0,0,0
L9G_T17G,MHCflurry presentation,without_flanks,HLA-A*24:02,1.0,72,0,0,0
L9G_T17G,NetMHCpan EL,without_flanks,HLA-A*24:02,2.0,72,0,0,0
L9G_T17G,MHCflurry presentation,without_flanks,HLA-A*24:02,2.0,72,0,0,0
L9G_T17G,NetMHCpan EL,without_flanks,HLA-B*40:01,0.5,72,0,0,0
L9G_T17G,MHCflurry presentation,without_flanks,HLA-B*40:01,0.5,72,0,0,0
L9G_T17G,NetMHCpan EL,without_flanks,HLA-B*40:01,1.0,72,0,0,0
L9G_T17G,MHCflurry presentation,without_flanks,HLA-B*40:01,1.0,72,0,0,0
L9G_T17G,NetMHCpan EL,without_flanks,HLA-B*40:01,2.0,72,0,0,0
L9G_T17G,MHCflurry presentation,without_flanks,HLA-B*40:01,2.0,72,0,0,0
L9G_T17G,NetMHCpan EL,without_flanks,HLA-B*49:01,0.5,72,0,0,0
L9G_T17G,MHCflurry presentation,without_flanks,HLA-B*49:01,0.5,72,0,0,0
L9G_T17G,NetMHCpan EL,without_flanks,HLA-B*49:01,1.0,72,0,0,0
L9G_T17G,MHCflurry presentation,without_flanks,HLA-B*49:01,1.0,72,0,0,0
L9G_T17G,NetMHCpan EL,without_flanks,HLA-B*49:01,2.0,72,0,0,0
L9G_T17G,MHCflurry presentation,without_flanks,HLA-B*49:01,2.0,72,0,1,1
L9G_T17G,NetMHCpan EL,without_flanks,HLA-C*03:04,0.5,72,3,0,-3
L9G_T17G,MHCflurry presentation,without_flanks,HLA-C*03:04,0.5,72,3,0,-3
L9G_T17G,NetMHCpan EL,without_flanks,HLA-C*03:04,1.0,72,6,4,-2
L9G_T17G,MHCflurry presentation,without_flanks,HLA-C*03:04,1.0,72,7,4,-3
L9G_T17G,NetMHCpan EL,without_flanks,HLA-C*03:04,2.0,72,8,6,-2
L9G_T17G,MHCflurry presentation,without_flanks,HLA-C*03:04,2.0,72,10,6,-4
L9G_T17G,NetMHCpan EL,without_flanks,HLA-C*07:01,0.5,72,1,0,-1
L9G_T17G,MHCflurry presentation,without_flanks,HLA-C*07:01,0.5,72,1,0,-1
L9G_T17G,NetMHCpan EL,without_flanks,HLA-C*07:01,1.0,72,2,0,-2
L9G_T17G,MHCflurry presentation,without_flanks,HLA-C*07:01,1.0,72,3,1,-2
L9G_T17G,NetMHCpan EL,without_flanks,HLA-C*07:01,2.0,72,5,2,-3
L9G_T17G,MHCflurry presentation,without_flanks,HLA-C*07:01,2.0,72,5,4,-1
L9G_T17D,NetMHCpan EL,with_flanks,HLA-A*02:01,0.5,72,0,0,0
L9G_T17D,MHCflurry presentation,with_flanks,HLA-A*02:01,0.5,72,0,1,1
L9G_T17D,NetMHCpan EL,with_flanks,HLA-A*02:01,1.0,72,0,0,0
L9G_T17D,MHCflurry presentation,with_flanks,HLA-A*02:01,1.0,72,4,3,-1
L9G_T17D,NetMHCpan EL,with_flanks,HLA-A*02:01,2.0,72,4,3,-1
L9G_T17D,MHCflurry presentation,with_flanks,HLA-A*02:01,2.0,72,6,3,-3
L9G_T17D,NetMHCpan EL,with_flanks,HLA-A*03:01,0.5,72,0,0,0
L9G_T17D,MHCflurry presentation,with_flanks,HLA-A*03:01,0.5,72,0,0,0
L9G_T17D,NetMHCpan EL,with_flanks,HLA-A*03:01,1.0,72,0,0,0
L9G_T17D,MHCflurry presentation,with_flanks,HLA-A*03:01,1.0,72,0,0,0
L9G_T17D,NetMHCpan EL,with_flanks,HLA-A*03:01,2.0,72,0,0,0
L9G_T17D,MHCflurry presentation,with_flanks,HLA-A*03:01,2.0,72,0,0,0
L9G_T17D,NetMHCpan EL,with_flanks,HLA-A*24:02,0.5,72,0,0,0
L9G_T17D,MHCflurry presentation,with_flanks,HLA-A*24:02,0.5,72,0,0,0
L9G_T17D,NetMHCpan EL,with_flanks,HLA-A*24:02,1.0,72,0,0,0
L9G_T17D,MHCflurry presentation,with_flanks,HLA-A*24:02,1.0,72,0,0,0
L9G_T17D,NetMHCpan EL,with_flanks,HLA-A*24:02,2.0,72,0,0,0
L9G_T17D,MHCflurry presentation,with_flanks,HLA-A*24:02,2.0,72,2,0,-2
L9G_T17D,NetMHCpan EL,with_flanks,HLA-B*40:01,0.5,72,0,0,0
L9G_T17D,MHCflurry presentation,with_flanks,HLA-B*40:01,0.5,72,0,0,0
L9G_T17D,NetMHCpan EL,with_flanks,HLA-B*40:01,1.0,72,0,0,0
L9G_T17D,MHCflurry presentation,with_flanks,HLA-B*40:01,1.0,72,0,0,0
L9G_T17D,NetMHCpan EL,with_flanks,HLA-B*40:01,2.0,72,0,2,2
L9G_T17D,MHCflurry presentation,with_flanks,HLA-B*40:01,2.0,72,0,0,0
L9G_T17D,NetMHCpan EL,with_flanks,HLA-B*49:01,0.5,72,0,0,0
L9G_T17D,MHCflurry presentation,with_flanks,HLA-B*49:01,0.5,72,0,0,0
L9G_T17D,NetMHCpan EL,with_flanks,HLA-B*49:01,1.0,72,0,0,0
L9G_T17D,MHCflurry presentation,with_flanks,HLA-B*49:01,1.0,72,0,1,1
L9G_T17D,NetMHCpan EL,with_flanks,HLA-B*49:01,2.0,72,0,1,1
L9G_T17D,MHCflurry presentation,with_flanks,HLA-B*49:01,2.0,72,0,2,2
L9G_T17D,NetMHCpan EL,with_flanks,HLA-C*03:04,0.5,72,3,0,-3
L9G_T17D,MHCflurry presentation,with_flanks,HLA-C*03:04,0.5,72,5,2,-3
L9G_T17D,NetMHCpan EL,with_flanks,HLA-C*03:04,1.0,72,6,2,-4
L9G_T17D,MHCflurry presentation,with_flanks,HLA-C*03:04,1.0,72,9,3,-6
L9G_T17D,NetMHCpan EL,with_flanks,HLA-C*03:04,2.0,72,8,4,-4
L9G_T17D,MHCflurry presentation,with_flanks,HLA-C*03:04,2.0,72,11,8,-3
L9G_T17D,NetMHCpan EL,with_flanks,HLA-C*07:01,0.5,72,1,0,-1
L9G_T17D,MHCflurry presentation,with_flanks,HLA-C*07:01,0.5,72,4,0,-4
L9G_T17D,NetMHCpan EL,with_flanks,HLA-C*07:01,1.0,72,2,0,-2
L9G_T17D,MHCflurry presentation,with_flanks,HLA-C*07:01,1.0,72,6,2,-4
L9G_T17D,NetMHCpan EL,with_flanks,HLA-C*07:01,2.0,72,5,2,-3
L9G_T17D,MHCflurry presentation,with_flanks,HLA-C*07:01,2.0,72,8,4,-4
L9G_T17D,NetMHCpan EL,without_flanks,HLA-A*02:01,0.5,72,0,0,0
L9G_T17D,MHCflurry presentation,without_flanks,HLA-A*02:01,0.5,72,0,0,0
L9G_T17D,NetMHCpan EL,without_flanks,HLA-A*02:01,1.0,72,0,0,0
L9G_T17D,MHCflurry presentation,without_flanks,HLA-A*02:01,1.0,72,2,2,0
L9G_T17D,NetMHCpan EL,without_flanks,HLA-A*02:01,2.0,72,4,3,-1
L9G_T17D,MHCflurry presentation,without_flanks,HLA-A*02:01,2.0,72,6,4,-2
L9G_T17D,NetMHCpan EL,without_flanks,HLA-A*03:01,0.5,72,0,0,0
L9G_T17D,MHCflurry presentation,without_flanks,HLA-A*03:01,0.5,72,0,0,0
L9G_T17D,NetMHCpan EL,without_flanks,HLA-A*03:01,1.0,72,0,0,0
L9G_T17D,MHCflurry presentation,without_flanks,HLA-A*03:01,1.0,72,0,0,0
L9G_T17D,NetMHCpan EL,without_flanks,HLA-A*03:01,2.0,72,0,0,0
L9G_T17D,MHCflurry presentation,without_flanks,HLA-A*03:01,2.0,72,0,0,0
L9G_T17D,NetMHCpan EL,without_flanks,HLA-A*24:02,0.5,72,0,0,0
L9G_T17D,MHCflurry presentation,without_flanks,HLA-A*24:02,0.5,72,0,0,0
L9G_T17D,NetMHCpan EL,without_flanks,HLA-A*24:02,1.0,72,0,0,0
L9G_T17D,MHCflurry presentation,without_flanks,HLA-A*24:02,1.0,72,0,0,0
L9G_T17D,NetMHCpan EL,without_flanks,HLA-A*24:02,2.0,72,0,0,0
L9G_T17D,MHCflurry presentation,without_flanks,HLA-A*24:02,2.0,72,0,0,0
L9G_T17D,NetMHCpan EL,without_flanks,HLA-B*40:01,0.5,72,0,0,0
L9G_T17D,MHCflurry presentation,without_flanks,HLA-B*40:01,0.5,72,0,0,0
L9G_T17D,NetMHCpan EL,without_flanks,HLA-B*40:01,1.0,72,0,0,0
L9G_T17D,MHCflurry presentation,without_flanks,HLA-B*40:01,1.0,72,0,0,0
L9G_T17D,NetMHCpan EL,without_flanks,HLA-B*40:01,2.0,72,0,2,2
L9G_T17D,MHCflurry presentation,without_flanks,HLA-B*40:01,2.0,72,0,0,0
L9G_T17D,NetMHCpan EL,without_flanks,HLA-B*49:01,0.5,72,0,0,0
L9G_T17D,MHCflurry presentation,without_flanks,HLA-B*49:01,0.5,72,0,0,0
L9G_T17D,NetMHCpan EL,without_flanks,HLA-B*49:01,1.0,72,0,0,0
L9G_T17D,MHCflurry presentation,without_flanks,HLA-B*49:01,1.0,72,0,0,0
L9G_T17D,NetMHCpan EL,without_flanks,HLA-B*49:01,2.0,72,0,1,1
L9G_T17D,MHCflurry presentation,without_flanks,HLA-B*49:01,2.0,72,0,2,2
L9G_T17D,NetMHCpan EL,without_flanks,HLA-C*03:04,0.5,72,3,0,-3
L9G_T17D,MHCflurry presentation,without_flanks,HLA-C*03:04,0.5,72,3,1,-2
L9G_T17D,NetMHCpan EL,without_flanks,HLA-C*03:04,1.0,72,6,2,-4
L9G_T17D,MHCflurry presentation,without_flanks,HLA-C*03:04,1.0,72,7,3,-4
L9G_T17D,NetMHCpan EL,without_flanks,HLA-C*03:04,2.0,72,8,4,-4
L9G_T17D,MHCflurry presentation,without_flanks,HLA-C*03:04,2.0,72,10,6,-4
L9G_T17D,NetMHCpan EL,without_flanks,HLA-C*07:01,0.5,72,1,0,-1
L9G_T17D,MHCflurry presentation,without_flanks,HLA-C*07:01,0.5,72,1,0,-1
L9G_T17D,NetMHCpan EL,without_flanks,HLA-C*07:01,1.0,72,2,0,-2
L9G_T17D,MHCflurry presentation,without_flanks,HLA-C*07:01,1.0,72,3,1,-2
L9G_T17D,NetMHCpan EL,without_flanks,HLA-C*07:01,2.0,72,5,2,-3
L9G_T17D,MHCflurry presentation,without_flanks,HLA-C*07:01,2.0,72,5,4,-1
L9G_T17P,NetMHCpan EL,with_flanks,HLA-A*02:01,0.5,72,0,0,0
L9G_T17P,MHCflurry presentation,with_flanks,HLA-A*02:01,0.5,72,0,1,1
L9G_T17P,NetMHCpan EL,with_flanks,HLA-A*02:01,1.0,72,0,0,0
L9G_T17P,MHCflurry presentation,with_flanks,HLA-A*02:01,1.0,72,4,3,-1
L9G_T17P,NetMHCpan EL,with_flanks,HLA-A*02:01,2.0,72,4,2,-2
L9G_T17P,MHCflurry presentation,with_flanks,HLA-A*02:01,2.0,72,6,5,-1
L9G_T17P,NetMHCpan EL,with_flanks,HLA-A*03:01,0.5,72,0,0,0
L9G_T17P,MHCflurry presentation,with_flanks,HLA-A*03:01,0.5,72,0,0,0
L9G_T17P,NetMHCpan EL,with_flanks,HLA-A*03:01,1.0,72,0,0,0
L9G_T17P,MHCflurry presentation,with_flanks,HLA-A*03:01,1.0,72,0,0,0
L9G_T17P,NetMHCpan EL,with_flanks,HLA-A*03:01,2.0,72,0,0,0
L9G_T17P,MHCflurry presentation,with_flanks,HLA-A*03:01,2.0,72,0,1,1
L9G_T17P,NetMHCpan EL,with_flanks,HLA-A*24:02,0.5,72,0,0,0
L9G_T17P,MHCflurry presentation,with_flanks,HLA-A*24:02,0.5,72,0,0,0
L9G_T17P,NetMHCpan EL,with_flanks,HLA-A*24:02,1.0,72,0,0,0
L9G_T17P,MHCflurry presentation,with_flanks,HLA-A*24:02,1.0,72,0,0,0
L9G_T17P,NetMHCpan EL,with_flanks,HLA-A*24:02,2.0,72,0,0,0
L9G_T17P,MHCflurry presentation,with_flanks,HLA-A*24:02,2.0,72,2,0,-2
L9G_T17P,NetMHCpan EL,with_flanks,HLA-B*40:01,0.5,72,0,0,0
L9G_T17P,MHCflurry presentation,with_flanks,HLA-B*40:01,0.5,72,0,0,0
L9G_T17P,NetMHCpan EL,with_flanks,HLA-B*40:01,1.0,72,0,0,0
L9G_T17P,MHCflurry presentation,with_flanks,HLA-B*40:01,1.0,72,0,0,0
L9G_T17P,NetMHCpan EL,with_flanks,HLA-B*40:01,2.0,72,0,1,1
L9G_T17P,MHCflurry presentation,with_flanks,HLA-B*40:01,2.0,72,0,0,0
L9G_T17P,NetMHCpan EL,with_flanks,HLA-B*49:01,0.5,72,0,0,0
L9G_T17P,MHCflurry presentation,with_flanks,HLA-B*49:01,0.5,72,0,0,0
L9G_T17P,NetMHCpan EL,with_flanks,HLA-B*49:01,1.0,72,0,0,0
L9G_T17P,MHCflurry presentation,with_flanks,HLA-B*49:01,1.0,72,0,0,0
L9G_T17P,NetMHCpan EL,with_flanks,HLA-B*49:01,2.0,72,0,0,0
L9G_T17P,MHCflurry presentation,with_flanks,HLA-B*49:01,2.0,72,0,1,1
L9G_T17P,NetMHCpan EL,with_flanks,HLA-C*03:04,0.5,72,3,0,-3
L9G_T17P,MHCflurry presentation,with_flanks,HLA-C*03:04,0.5,72,5,1,-4
L9G_T17P,NetMHCpan EL,with_flanks,HLA-C*03:04,1.0,72,6,3,-3
L9G_T17P,MHCflurry presentation,with_flanks,HLA-C*03:04,1.0,72,9,4,-5
L9G_T17P,NetMHCpan EL,with_flanks,HLA-C*03:04,2.0,72,8,6,-2
L9G_T17P,MHCflurry presentation,with_flanks,HLA-C*03:04,2.0,72,11,11,0
L9G_T17P,NetMHCpan EL,with_flanks,HLA-C*07:01,0.5,72,1,0,-1
L9G_T17P,MHCflurry presentation,with_flanks,HLA-C*07:01,0.5,72,4,0,-4
L9G_T17P,NetMHCpan EL,with_flanks,HLA-C*07:01,1.0,72,2,0,-2
L9G_T17P,MHCflurry presentation,with_flanks,HLA-C*07:01,1.0,72,6,2,-4
L9G_T17P,NetMHCpan EL,with_flanks,HLA-C*07:01,2.0,72,5,2,-3
L9G_T17P,MHCflurry presentation,with_flanks,HLA-C*07:01,2.0,72,8,4,-4
L9G_T17P,NetMHCpan EL,without_flanks,HLA-A*02:01,0.5,72,0,0,0
L9G_T17P,MHCflurry presentation,without_flanks,HLA-A*02:01,0.5,72,0,0,0
L9G_T17P,NetMHCpan EL,without_flanks,HLA-A*02:01,1.0,72,0,0,0
L9G_T17P,MHCflurry presentation,without_flanks,HLA-A*02:01,1.0,72,2,2,0
L9G_T17P,NetMHCpan EL,without_flanks,HLA-A*02:01,2.0,72,4,2,-2
L9G_T17P,MHCflurry presentation,without_flanks,HLA-A*02:01,2.0,72,6,6,0
L9G_T17P,NetMHCpan EL,without_flanks,HLA-A*03:01,0.5,72,0,0,0
L9G_T17P,MHCflurry presentation,without_flanks,HLA-A*03:01,0.5,72,0,0,0
L9G_T17P,NetMHCpan EL,without_flanks,HLA-A*03:01,1.0,72,0,0,0
L9G_T17P,MHCflurry presentation,without_flanks,HLA-A*03:01,1.0,72,0,0,0
L9G_T17P,NetMHCpan EL,without_flanks,HLA-A*03:01,2.0,72,0,0,0
L9G_T17P,MHCflurry presentation,without_flanks,HLA-A*03:01,2.0,72,0,0,0
L9G_T17P,NetMHCpan EL,without_flanks,HLA-A*24:02,0.5,72,0,0,0
L9G_T17P,MHCflurry presentation,without_flanks,HLA-A*24:02,0.5,72,0,0,0
L9G_T17P,NetMHCpan EL,without_flanks,HLA-A*24:02,1.0,72,0,0,0
L9G_T17P,MHCflurry presentation,without_flanks,HLA-A*24:02,1.0,72,0,0,0
L9G_T17P,NetMHCpan EL,without_flanks,HLA-A*24:02,2.0,72,0,0,0
L9G_T17P,MHCflurry presentation,without_flanks,HLA-A*24:02,2.0,72,0,0,0
L9G_T17P,NetMHCpan EL,without_flanks,HLA-B*40:01,0.5,72,0,0,0
L9G_T17P,MHCflurry presentation,without_flanks,HLA-B*40:01,0.5,72,0,0,0
L9G_T17P,NetMHCpan EL,without_flanks,HLA-B*40:01,1.0,72,0,0,0
L9G_T17P,MHCflurry presentation,without_flanks,HLA-B*40:01,1.0,72,0,0,0
L9G_T17P,NetMHCpan EL,without_flanks,HLA-B*40:01,2.0,72,0,1,1
L9G_T17P,MHCflurry presentation,without_flanks,HLA-B*40:01,2.0,72,0,0,0
L9G_T17P,NetMHCpan EL,without_flanks,HLA-B*49:01,0.5,72,0,0,0
L9G_T17P,MHCflurry presentation,without_flanks,HLA-B*49:01,0.5,72,0,0,0
L9G_T17P,NetMHCpan EL,without_flanks,HLA-B*49:01,1.0,72,0,0,0
L9G_T17P,MHCflurry presentation,without_flanks,HLA-B*49:01,1.0,72,0,0,0
L9G_T17P,NetMHCpan EL,without_flanks,HLA-B*49:01,2.0,72,0,0,0
L9G_T17P,MHCflurry presentation,without_flanks,HLA-B*49:01,2.0,72,0,1,1
L9G_T17P,NetMHCpan EL,without_flanks,HLA-C*03:04,0.5,72,3,0,-3
L9G_T17P,MHCflurry presentation,without_flanks,HLA-C*03:04,0.5,72,3,0,-3
L9G_T17P,NetMHCpan EL,without_flanks,HLA-C*03:04,1.0,72,6,3,-3
L9G_T17P,MHCflurry presentation,without_flanks,HLA-C*03:04,1.0,72,7,3,-4
L9G_T17P,NetMHCpan EL,without_flanks,HLA-C*03:04,2.0,72,8,6,-2
L9G_T17P,MHCflurry presentation,without_flanks,HLA-C*03:04,2.0,72,10,8,-2
L9G_T17P,NetMHCpan EL,without_flanks,HLA-C*07:01,0.5,72,1,0,-1
L9G_T17P,MHCflurry presentation,without_flanks,HLA-C*07:01,0.5,72,1,0,-1
L9G_T17P,NetMHCpan EL,without_flanks,HLA-C*07:01,1.0,72,2,0,-2
L9G_T17P,MHCflurry presentation,without_flanks,HLA-C*07:01,1.0,72,3,1,-2
L9G_T17P,NetMHCpan EL,without_flanks,HLA-C*07:01,2.0,72,5,2,-3
L9G_T17P,MHCflurry presentation,without_flanks,HLA-C*07:01,2.0,72,5,4,-1
