construct,context,better,unchanged,worse
CHGA_baseline,with_flanks,0,42,0
CHGA_L9C,with_flanks,16,26,0
CHGA_L9G,with_flanks,14,27,1
CHGA_T17C,with_flanks,12,30,0
CHGA_T17G,with_flanks,8,33,1
CHGA_L9C_T17C,with_flanks,16,26,0
CHGA_L9C_T17G,with_flanks,16,26,0
CHGA_L9C_T17D,with_flanks,16,23,3
CHGA_L9C_T17P,with_flanks,16,23,3
CHGA_L9G_T17C,with_flanks,16,25,1
CHGA_L9G_T17G,with_flanks,16,25,1
CHGA_L9G_T17D,with_flanks,16,21,5
CHGA_L9G_T17P,with_flanks,15,23,4
CHGA_baseline,without_flanks,0,42,0
CHGA_L9C,without_flanks,15,27,0
CHGA_L9G,without_flanks,12,30,0
CHGA_T17C,without_flanks,10,32,0
CHGA_T17G,without_flanks,6,34,2
CHGA_L9C_T17C,without_flanks,15,27,0
CHGA_L9C_T17G,without_flanks,14,27,1
CHGA_L9C_T17D,without_flanks,14,25,3
CHGA_L9C_T17P,without_flanks,14,26,2
CHGA_L9G_T17C,without_flanks,15,27,0
CHGA_L9G_T17G,without_flanks,13,28,1
CHGA_L9G_T17D,without_flanks,14,25,3
CHGA_L9G_T17P,without_flanks,13,27,2
