stage,construct_id,substitution,scope,window_HLA_pairs,EL_lt_0.5,EL_lt_1,EL_lt_2,BA_lt_500nM
leader_3_9,CANONICAL_CHGA18_INS25_BASELINE,baseline,leader,266,2,6,13,7
leader_3_9,CANONICAL_CHGA18_INS25_BASELINE,baseline,junction,238,2,2,4,2
leader_3_9,CANONICAL_CHGA18_INS25_BASELINE,baseline,signal_or_junction,504,4,8,17,9
leader_3_9,CANONICAL_CHGA18_INS25_BASELINE,baseline,position17_containing,266,2,2,7,4
leader_3_9,CHGA_S3A,S3A,leader,266,4,5,13,8
leader_3_9,CHGA_S3A,S3A,junction,238,2,2,4,2
leader_3_9,CHGA_S3A,S3A,signal_or_junction,504,6,7,17,10
leader_3_9,CHGA_S3A,S3A,position17_containing,266,2,2,7,4
leader_3_9,CHGA_S3C,S3C,leader,266,1,1,8,4
leader_3_9,CHGA_S3C,S3C,junction,238,2,2,4,2
leader_3_9,CHGA_S3C,S3C,signal_or_junction,504,3,3,12,6
leader_3_9,CHGA_S3C,S3C,position17_containing,266,2,2,7,4
leader_3_9,CHGA_S3D,S3D,leader,266,1,2,13,4
leader_3_9,CHGA_S3D,S3D,junction,238,2,2,4,2
leader_3_9,CHGA_S3D,S3D,signal_or_junction,504,3,4,17,6
leader_3_9,CHGA_S3D,S3D,position17_containing,266,2,2,7,4
leader_3_9,CHGA_S3E,S3E,leader,266,6,8,17,11
leader_3_9,CHGA_S3E,S3E,junction,238,2,2,4,2
leader_3_9,CHGA_S3E,S3E,signal_or_junction,504,8,10,21,13
leader_3_9,CHGA_S3E,S3E,position17_containing,266,2,2,7,4
leader_3_9,CHGA_S3F,S3F,leader,266,4,5,13,10
leader_3_9,CHGA_S3F,S3F,junction,238,2,2,4,2
leader_3_9,CHGA_S3F,S3F,signal_or_junction,504,6,7,17,12
leader_3_9,CHGA_S3F,S3F,position17_containing,266,2,2,7,4
leader_3_9,CHGA_S3G,S3G,leader,266,1,2,8,4
leader_3_9,CHGA_S3G,S3G,junction,238,2,2,4,2
leader_3_9,CHGA_S3G,S3G,signal_or_junction,504,3,4,12,6
leader_3_9,CHGA_S3G,S3G,position17_containing,266,2,2,7,4
leader_3_9,CHGA_S3H,S3H,leader,266,2,5,14,6
leader_3_9,CHGA_S3H,S3H,junction,238,2,2,4,2
leader_3_9,CHGA_S3H,S3H,signal_or_junction,504,4,7,18,8
leader_3_9,CHGA_S3H,S3H,position17_containing,266,2,2,7,4
leader_3_9,CHGA_S3I,S3I,leader,266,3,4,11,9
leader_3_9,CHGA_S3I,S3I,junction,238,2,2,4,2
leader_3_9,CHGA_S3I,S3I,signal_or_junction,504,5,6,15,11
leader_3_9,CHGA_S3I,S3I,position17_containing,266,2,2,7,4
leader_3_9,CHGA_S3K,S3K,leader,266,2,3,11,6
leader_3_9,CHGA_S3K,S3K,junction,238,2,2,4,2
leader_3_9,CHGA_S3K,S3K,signal_or_junction,504,4,5,15,8
leader_3_9,CHGA_S3K,S3K,position17_containing,266,2,2,7,4
leader_3_9,CHGA_S3L,S3L,leader,266,3,3,13,11
leader_3_9,CHGA_S3L,S3L,junction,238,2,2,4,2
leader_3_9,CHGA_S3L,S3L,signal_or_junction,504,5,5,17,13
leader_3_9,CHGA_S3L,S3L,position17_containing,266,2,2,7,4
leader_3_9,CHGA_S3M,S3M,leader,266,3,5,14,12
leader_3_9,CHGA_S3M,S3M,junction,238,2,2,4,2
leader_3_9,CHGA_S3M,S3M,signal_or_junction,504,5,7,18,14
leader_3_9,CHGA_S3M,S3M,position17_containing,266,2,2,7,4
leader_3_9,CHGA_S3N,S3N,leader,266,2,3,10,6
leader_3_9,CHGA_S3N,S3N,junction,238,2,2,4,2
leader_3_9,CHGA_S3N,S3N,signal_or_junction,504,4,5,14,8
leader_3_9,CHGA_S3N,S3N,position17_containing,266,2,2,7,4
leader_3_9,CHGA_S3P,S3P,leader,266,1,2,10,5
leader_3_9,CHGA_S3P,S3P,junction,238,2,2,4,2
leader_3_9,CHGA_S3P,S3P,signal_or_junction,504,3,4,14,7
leader_3_9,CHGA_S3P,S3P,position17_containing,266,2,2,7,4
leader_3_9,CHGA_S3Q,S3Q,leader,266,1,5,14,10
leader_3_9,CHGA_S3Q,S3Q,junction,238,2,2,4,2
leader_3_9,CHGA_S3Q,S3Q,signal_or_junction,504,3,7,18,12
leader_3_9,CHGA_S3Q,S3Q,position17_containing,266,2,2,7,4
leader_3_9,CHGA_S3R,S3R,leader,266,5,5,13,8
leader_3_9,CHGA_S3R,S3R,junction,238,2,2,4,2
leader_3_9,CHGA_S3R,S3R,signal_or_junction,504,7,7,17,10
leader_3_9,CHGA_S3R,S3R,position17_containing,266,2,2,7,4
leader_3_9,CHGA_S3T,S3T,leader,266,2,3,14,8
leader_3_9,CHGA_S3T,S3T,junction,238,2,2,4,2
leader_3_9,CHGA_S3T,S3T,signal_or_junction,504,4,5,18,10
leader_3_9,CHGA_S3T,S3T,position17_containing,266,2,2,7,4
leader_3_9,CHGA_S3V,S3V,leader,266,2,4,12,8
leader_3_9,CHGA_S3V,S3V,junction,238,2,2,4,2
leader_3_9,CHGA_S3V,S3V,signal_or_junction,504,4,6,16,10
leader_3_9,CHGA_S3V,S3V,position17_containing,266,2,2,7,4
leader_3_9,CHGA_S3W,S3W,leader,266,2,4,12,8
leader_3_9,CHGA_S3W,S3W,junction,238,2,2,4,2
leader_3_9,CHGA_S3W,S3W,signal_or_junction,504,4,6,16,10
leader_3_9,CHGA_S3W,S3W,position17_containing,266,2,2,7,4
leader_3_9,CHGA_S3Y,S3Y,leader,266,6,9,18,11
leader_3_9,CHGA_S3Y,S3Y,junction,238,2,2,4,2
leader_3_9,CHGA_S3Y,S3Y,signal_or_junction,504,8,11,22,13
leader_3_9,CHGA_S3Y,S3Y,position17_containing,266,2,2,7,4
leader_3_9,CHGA_A4C,A4C,leader,266,1,1,5,5
leader_3_9,CHGA_A4C,A4C,junction,238,2,2,4,2
leader_3_9,CHGA_A4C,A4C,signal_or_junction,504,3,3,9,7
leader_3_9,CHGA_A4C,A4C,position17_containing,266,2,2,7,4
leader_3_9,CHGA_A4D,A4D,leader,266,3,5,15,5
leader_3_9,CHGA_A4D,A4D,junction,238,2,2,4,2
leader_3_9,CHGA_A4D,A4D,signal_or_junction,504,5,7,19,7
leader_3_9,CHGA_A4D,A4D,position17_containing,266,2,2,7,4
leader_3_9,CHGA_A4E,A4E,leader,266,7,8,18,10
leader_3_9,CHGA_A4E,A4E,junction,238,2,2,4,2
leader_3_9,CHGA_A4E,A4E,signal_or_junction,504,9,10,22,12
leader_3_9,CHGA_A4E,A4E,position17_containing,266,2,2,7,4
leader_3_9,CHGA_A4F,A4F,leader,266,3,5,11,8
leader_3_9,CHGA_A4F,A4F,junction,238,2,2,4,2
leader_3_9,CHGA_A4F,A4F,signal_or_junction,504,5,7,15,10
leader_3_9,CHGA_A4F,A4F,position17_containing,266,2,2,7,4
leader_3_9,CHGA_A4G,A4G,leader,266,2,3,8,5
leader_3_9,CHGA_A4G,A4G,junction,238,2,2,4,2
leader_3_9,CHGA_A4G,A4G,signal_or_junction,504,4,5,12,7
leader_3_9,CHGA_A4G,A4G,position17_containing,266,2,2,7,4
leader_3_9,CHGA_A4H,A4H,leader,266,1,6,13,5
leader_3_9,CHGA_A4H,A4H,junction,238,2,2,4,2
leader_3_9,CHGA_A4H,A4H,signal_or_junction,504,3,8,17,7
leader_3_9,CHGA_A4H,A4H,position17_containing,266,2,2,7,4
leader_3_9,CHGA_A4I,A4I,leader,266,1,4,11,5
leader_3_9,CHGA_A4I,A4I,junction,238,2,2,4,2
leader_3_9,CHGA_A4I,A4I,signal_or_junction,504,3,6,15,7
leader_3_9,CHGA_A4I,A4I,position17_containing,266,2,2,7,4
leader_3_9,CHGA_A4K,A4K,leader,266,1,2,12,5
leader_3_9,CHGA_A4K,A4K,junction,238,2,2,4,2
leader_3_9,CHGA_A4K,A4K,signal_or_junction,504,3,4,16,7
leader_3_9,CHGA_A4K,A4K,position17_containing,266,2,2,7,4
leader_3_9,CHGA_A4L,A4L,leader,266,1,2,11,9
leader_3_9,CHGA_A4L,A4L,junction,238,2,2,4,2
leader_3_9,CHGA_A4L,A4L,signal_or_junction,504,3,4,15,11
leader_3_9,CHGA_A4L,A4L,position17_containing,266,2,2,7,4
leader_3_9,CHGA_A4M,A4M,leader,266,1,5,12,11
leader_3_9,CHGA_A4M,A4M,junction,238,2,2,4,2
leader_3_9,CHGA_A4M,A4M,signal_or_junction,504,3,7,16,13
leader_3_9,CHGA_A4M,A4M,position17_containing,266,2,2,7,4
leader_3_9,CHGA_A4N,A4N,leader,266,1,2,11,5
leader_3_9,CHGA_A4N,A4N,junction,238,2,2,4,2
leader_3_9,CHGA_A4N,A4N,signal_or_junction,504,3,4,15,7
leader_3_9,CHGA_A4N,A4N,position17_containing,266,2,2,7,4
leader_3_9,CHGA_A4P,A4P,leader,266,3,5,14,6
leader_3_9,CHGA_A4P,A4P,junction,238,2,2,4,2
leader_3_9,CHGA_A4P,A4P,signal_or_junction,504,5,7,18,8
leader_3_9,CHGA_A4P,A4P,position17_containing,266,2,2,7,4
leader_3_9,CHGA_A4Q,A4Q,leader,266,1,4,13,6
leader_3_9,CHGA_A4Q,A4Q,junction,238,2,2,4,2
leader_3_9,CHGA_A4Q,A4Q,signal_or_junction,504,3,6,17,8
leader_3_9,CHGA_A4Q,A4Q,position17_containing,266,2,2,7,4
leader_3_9,CHGA_A4R,A4R,leader,266,2,3,13,6
leader_3_9,CHGA_A4R,A4R,junction,238,2,2,4,2
leader_3_9,CHGA_A4R,A4R,signal_or_junction,504,4,5,17,8
leader_3_9,CHGA_A4R,A4R,position17_containing,266,2,2,7,4
leader_3_9,CHGA_A4S,A4S,leader,266,2,5,12,7
leader_3_9,CHGA_A4S,A4S,junction,238,2,2,4,2
leader_3_9,CHGA_A4S,A4S,signal_or_junction,504,4,7,16,9
leader_3_9,CHGA_A4S,A4S,position17_containing,266,2,2,7,4
leader_3_9,CHGA_A4T,A4T,leader,266,1,2,12,5
leader_3_9,CHGA_A4T,A4T,junction,238,2,2,4,2
leader_3_9,CHGA_A4T,A4T,signal_or_junction,504,3,4,16,7
leader_3_9,CHGA_A4T,A4T,position17_containing,266,2,2,7,4
leader_3_9,CHGA_A4V,A4V,leader,266,1,4,10,5
leader_3_9,CHGA_A4V,A4V,junction,238,2,2,4,2
leader_3_9,CHGA_A4V,A4V,signal_or_junction,504,3,6,14,7
leader_3_9,CHGA_A4V,A4V,position17_containing,266,2,2,7,4
leader_3_9,CHGA_A4W,A4W,leader,266,2,3,11,8
leader_3_9,CHGA_A4W,A4W,junction,238,2,2,4,2
leader_3_9,CHGA_A4W,A4W,signal_or_junction,504,4,5,15,10
leader_3_9,CHGA_A4W,A4W,position17_containing,266,2,2,7,4
leader_3_9,CHGA_A4Y,A4Y,leader,266,5,8,14,9
leader_3_9,CHGA_A4Y,A4Y,junction,238,2,2,4,2
leader_3_9,CHGA_A4Y,A4Y,signal_or_junction,504,7,10,18,11
leader_3_9,CHGA_A4Y,A4Y,position17_containing,266,2,2,7,4
leader_3_9,CHGA_A5C,A5C,leader,266,1,1,7,5
leader_3_9,CHGA_A5C,A5C,junction,238,2,2,4,2
leader_3_9,CHGA_A5C,A5C,signal_or_junction,504,3,3,11,7
leader_3_9,CHGA_A5C,A5C,position17_containing,266,2,2,7,4
leader_3_9,CHGA_A5D,A5D,leader,266,4,7,14,7
leader_3_9,CHGA_A5D,A5D,junction,238,2,2,4,2
leader_3_9,CHGA_A5D,A5D,signal_or_junction,504,6,9,18,9
leader_3_9,CHGA_A5D,A5D,position17_containing,266,2,2,7,4
leader_3_9,CHGA_A5E,A5E,leader,266,4,9,18,6
leader_3_9,CHGA_A5E,A5E,junction,238,2,2,4,2
leader_3_9,CHGA_A5E,A5E,signal_or_junction,504,6,11,22,8
leader_3_9,CHGA_A5E,A5E,position17_containing,266,2,2,7,4
leader_3_9,CHGA_A5F,A5F,leader,266,2,3,11,7
leader_3_9,CHGA_A5F,A5F,junction,238,2,2,4,2
leader_3_9,CHGA_A5F,A5F,signal_or_junction,504,4,5,15,9
leader_3_9,CHGA_A5F,A5F,position17_containing,266,2,2,7,4
leader_3_9,CHGA_A5G,A5G,leader,266,2,6,12,6
leader_3_9,CHGA_A5G,A5G,junction,238,2,2,4,2
leader_3_9,CHGA_A5G,A5G,signal_or_junction,504,4,8,16,8
leader_3_9,CHGA_A5G,A5G,position17_containing,266,2,2,7,4
leader_3_9,CHGA_A5H,A5H,leader,266,3,6,15,7
leader_3_9,CHGA_A5H,A5H,junction,238,2,2,4,2
leader_3_9,CHGA_A5H,A5H,signal_or_junction,504,5,8,19,9
leader_3_9,CHGA_A5H,A5H,position17_containing,266,2,2,7,4
leader_3_9,CHGA_A5I,A5I,leader,266,2,4,11,6
leader_3_9,CHGA_A5I,A5I,junction,238,2,2,4,2
leader_3_9,CHGA_A5I,A5I,signal_or_junction,504,4,6,15,8
leader_3_9,CHGA_A5I,A5I,position17_containing,266,2,2,7,4
leader_3_9,CHGA_A5K,A5K,leader,266,2,5,14,6
leader_3_9,CHGA_A5K,A5K,junction,238,2,2,4,2
leader_3_9,CHGA_A5K,A5K,signal_or_junction,504,4,7,18,8
leader_3_9,CHGA_A5K,A5K,position17_containing,266,2,2,7,4
leader_3_9,CHGA_A5L,A5L,leader,266,1,2,9,7
leader_3_9,CHGA_A5L,A5L,junction,238,2,2,4,2
leader_3_9,CHGA_A5L,A5L,signal_or_junction,504,3,4,13,9
leader_3_9,CHGA_A5L,A5L,position17_containing,266,2,2,7,4
leader_3_9,CHGA_A5M,A5M,leader,266,2,2,10,8
leader_3_9,CHGA_A5M,A5M,junction,238,2,2,4,2
leader_3_9,CHGA_A5M,A5M,signal_or_junction,504,4,4,14,10
leader_3_9,CHGA_A5M,A5M,position17_containing,266,2,2,7,4
leader_3_9,CHGA_A5N,A5N,leader,266,2,7,13,7
leader_3_9,CHGA_A5N,A5N,junction,238,2,2,4,2
leader_3_9,CHGA_A5N,A5N,signal_or_junction,504,4,9,17,9
leader_3_9,CHGA_A5N,A5N,position17_containing,266,2,2,7,4
leader_3_9,CHGA_A5P,A5P,leader,266,6,9,19,7
leader_3_9,CHGA_A5P,A5P,junction,238,2,2,4,2
leader_3_9,CHGA_A5P,A5P,signal_or_junction,504,8,11,23,9
leader_3_9,CHGA_A5P,A5P,position17_containing,266,2,2,7,4
leader_3_9,CHGA_A5Q,A5Q,leader,266,2,5,13,7
leader_3_9,CHGA_A5Q,A5Q,junction,238,2,2,4,2
leader_3_9,CHGA_A5Q,A5Q,signal_or_junction,504,4,7,17,9
leader_3_9,CHGA_A5Q,A5Q,position17_containing,266,2,2,7,4
leader_3_9,CHGA_A5R,A5R,leader,266,1,5,14,6
leader_3_9,CHGA_A5R,A5R,junction,238,2,2,4,2
leader_3_9,CHGA_A5R,A5R,signal_or_junction,504,3,7,18,8
leader_3_9,CHGA_A5R,A5R,position17_containing,266,2,2,7,4
leader_3_9,CHGA_A5S,A5S,leader,266,2,7,14,8
leader_3_9,CHGA_A5S,A5S,junction,238,2,2,4,2
leader_3_9,CHGA_A5S,A5S,signal_or_junction,504,4,9,18,10
leader_3_9,CHGA_A5S,A5S,position17_containing,266,2,2,7,4
leader_3_9,CHGA_A5T,A5T,leader,266,2,5,13,7
leader_3_9,CHGA_A5T,A5T,junction,238,2,2,4,2
leader_3_9,CHGA_A5T,A5T,signal_or_junction,504,4,7,17,9
leader_3_9,CHGA_A5T,A5T,position17_containing,266,2,2,7,4
leader_3_9,CHGA_A5V,A5V,leader,266,2,4,11,6
leader_3_9,CHGA_A5V,A5V,junction,238,2,2,4,2
leader_3_9,CHGA_A5V,A5V,signal_or_junction,504,4,6,15,8
leader_3_9,CHGA_A5V,A5V,position17_containing,266,2,2,7,4
leader_3_9,CHGA_A5W,A5W,leader,266,1,3,12,7
leader_3_9,CHGA_A5W,A5W,junction,238,2,2,4,2
leader_3_9,CHGA_A5W,A5W,signal_or_junction,504,3,5,16,9
leader_3_9,CHGA_A5W,A5W,position17_containing,266,2,2,7,4
leader_3_9,CHGA_A5Y,A5Y,leader,266,2,5,14,8
leader_3_9,CHGA_A5Y,A5Y,junction,238,2,2,4,2
leader_3_9,CHGA_A5Y,A5Y,signal_or_junction,504,4,7,18,10
leader_3_9,CHGA_A5Y,A5Y,position17_containing,266,2,2,7,4
leader_3_9,CHGA_V6A,V6A,leader,266,2,6,13,8
leader_3_9,CHGA_V6A,V6A,junction,238,2,2,4,2
leader_3_9,CHGA_V6A,V6A,signal_or_junction,504,4,8,17,10
leader_3_9,CHGA_V6A,V6A,position17_containing,266,2,2,7,4
leader_3_9,CHGA_V6C,V6C,leader,266,1,2,6,5
leader_3_9,CHGA_V6C,V6C,junction,238,2,2,4,2
leader_3_9,CHGA_V6C,V6C,signal_or_junction,504,3,4,10,7
leader_3_9,CHGA_V6C,V6C,position17_containing,266,2,2,7,4
leader_3_9,CHGA_V6D,V6D,leader,266,3,6,14,5
leader_3_9,CHGA_V6D,V6D,junction,238,2,2,4,2
leader_3_9,CHGA_V6D,V6D,signal_or_junction,504,5,8,18,7
leader_3_9,CHGA_V6D,V6D,position17_containing,266,2,2,7,4
leader_3_9,CHGA_V6E,V6E,leader,266,4,6,16,6
leader_3_9,CHGA_V6E,V6E,junction,238,2,2,4,2
leader_3_9,CHGA_V6E,V6E,signal_or_junction,504,6,8,20,8
leader_3_9,CHGA_V6E,V6E,position17_containing,266,2,2,7,4
leader_3_9,CHGA_V6F,V6F,leader,266,2,4,13,8
leader_3_9,CHGA_V6F,V6F,junction,238,2,2,4,2
leader_3_9,CHGA_V6F,V6F,signal_or_junction,504,4,6,17,10
leader_3_9,CHGA_V6F,V6F,position17_containing,266,2,2,7,4
leader_3_9,CHGA_V6G,V6G,leader,266,3,7,13,7
leader_3_9,CHGA_V6G,V6G,junction,238,2,2,4,2
leader_3_9,CHGA_V6G,V6G,signal_or_junction,504,5,9,17,9
leader_3_9,CHGA_V6G,V6G,position17_containing,266,2,2,7,4
leader_3_9,CHGA_V6H,V6H,leader,266,4,9,14,7
leader_3_9,CHGA_V6H,V6H,junction,238,2,2,4,2
leader_3_9,CHGA_V6H,V6H,signal_or_junction,504,6,11,18,9
leader_3_9,CHGA_V6H,V6H,position17_containing,266,2,2,7,4
leader_3_9,CHGA_V6I,V6I,leader,266,2,6,13,8
leader_3_9,CHGA_V6I,V6I,junction,238,2,2,4,2
leader_3_9,CHGA_V6I,V6I,signal_or_junction,504,4,8,17,10
leader_3_9,CHGA_V6I,V6I,position17_containing,266,2,2,7,4
leader_3_9,CHGA_V6K,V6K,leader,266,2,7,14,6
leader_3_9,CHGA_V6K,V6K,junction,238,2,2,4,2
leader_3_9,CHGA_V6K,V6K,signal_or_junction,504,4,9,18,8
leader_3_9,CHGA_V6K,V6K,position17_containing,266,2,2,7,4
leader_3_9,CHGA_V6L,V6L,leader,266,2,2,11,7
leader_3_9,CHGA_V6L,V6L,junction,238,2,2,4,2
leader_3_9,CHGA_V6L,V6L,signal_or_junction,504,4,4,15,9
leader_3_9,CHGA_V6L,V6L,position17_containing,266,2,2,7,4
leader_3_9,CHGA_V6M,V6M,leader,266,2,2,13,10
leader_3_9,CHGA_V6M,V6M,junction,238,2,2,4,2
leader_3_9,CHGA_V6M,V6M,signal_or_junction,504,4,4,17,12
leader_3_9,CHGA_V6M,V6M,position17_containing,266,2,2,7,4
leader_3_9,CHGA_V6N,V6N,leader,266,3,6,14,7
leader_3_9,CHGA_V6N,V6N,junction,238,2,2,4,2
leader_3_9,CHGA_V6N,V6N,signal_or_junction,504,5,8,18,9
leader_3_9,CHGA_V6N,V6N,position17_containing,266,2,2,7,4
leader_3_9,CHGA_V6P,V6P,leader,266,6,9,20,8
leader_3_9,CHGA_V6P,V6P,junction,238,2,2,4,2
leader_3_9,CHGA_V6P,V6P,signal_or_junction,504,8,11,24,10
leader_3_9,CHGA_V6P,V6P,position17_containing,266,2,2,7,4
leader_3_9,CHGA_V6Q,V6Q,leader,266,2,6,14,6
leader_3_9,CHGA_V6Q,V6Q,junction,238,2,2,4,2
leader_3_9,CHGA_V6Q,V6Q,signal_or_junction,504,4,8,18,8
leader_3_9,CHGA_V6Q,V6Q,position17_containing,266,2,2,7,4
leader_3_9,CHGA_V6R,V6R,leader,266,2,5,14,8
leader_3_9,CHGA_V6R,V6R,junction,238,2,2,4,2
leader_3_9,CHGA_V6R,V6R,signal_or_junction,504,4,7,18,10
leader_3_9,CHGA_V6R,V6R,position17_containing,266,2,2,7,4
leader_3_9,CHGA_V6S,V6S,leader,266,3,7,14,8
leader_3_9,CHGA_V6S,V6S,junction,238,2,2,4,2
leader_3_9,CHGA_V6S,V6S,signal_or_junction,504,5,9,18,10
leader_3_9,CHGA_V6S,V6S,position17_containing,266,2,2,7,4
leader_3_9,CHGA_V6T,V6T,leader,266,2,7,14,8
leader_3_9,CHGA_V6T,V6T,junction,238,2,2,4,2
leader_3_9,CHGA_V6T,V6T,signal_or_junction,504,4,9,18,10
leader_3_9,CHGA_V6T,V6T,position17_containing,266,2,2,7,4
leader_3_9,CHGA_V6W,V6W,leader,266,2,3,12,7
leader_3_9,CHGA_V6W,V6W,junction,238,2,2,4,2
leader_3_9,CHGA_V6W,V6W,signal_or_junction,504,4,5,16,9
leader_3_9,CHGA_V6W,V6W,position17_containing,266,2,2,7,4
leader_3_9,CHGA_V6Y,V6Y,leader,266,2,4,13,8
leader_3_9,CHGA_V6Y,V6Y,junction,238,2,2,4,2
leader_3_9,CHGA_V6Y,V6Y,signal_or_junction,504,4,6,17,10
leader_3_9,CHGA_V6Y,V6Y,position17_containing,266,2,2,7,4
leader_3_9,CHGA_L7A,L7A,leader,266,2,5,14,6
leader_3_9,CHGA_L7A,L7A,junction,238,2,2,4,2
leader_3_9,CHGA_L7A,L7A,signal_or_junction,504,4,7,18,8
leader_3_9,CHGA_L7A,L7A,position17_containing,266,2,2,7,4
leader_3_9,CHGA_L7C,L7C,leader,266,1,2,11,6
leader_3_9,CHGA_L7C,L7C,junction,238,2,2,4,2
leader_3_9,CHGA_L7C,L7C,signal_or_junction,504,3,4,15,8
leader_3_9,CHGA_L7C,L7C,position17_containing,266,2,2,7,4
leader_3_9,CHGA_L7D,L7D,leader,266,2,4,11,6
leader_3_9,CHGA_L7D,L7D,junction,238,2,2,4,2
leader_3_9,CHGA_L7D,L7D,signal_or_junction,504,4,6,15,8
leader_3_9,CHGA_L7D,L7D,position17_containing,266,2,2,7,4
leader_3_9,CHGA_L7E,L7E,leader,266,2,4,15,5
leader_3_9,CHGA_L7E,L7E,junction,238,2,2,4,2
leader_3_9,CHGA_L7E,L7E,signal_or_junction,504,4,6,19,7
leader_3_9,CHGA_L7E,L7E,position17_containing,266,2,2,7,4
leader_3_9,CHGA_L7F,L7F,leader,266,2,4,15,9
leader_3_9,CHGA_L7F,L7F,junction,238,2,2,4,2
leader_3_9,CHGA_L7F,L7F,signal_or_junction,504,4,6,19,11
leader_3_9,CHGA_L7F,L7F,position17_containing,266,2,2,7,4
leader_3_9,CHGA_L7G,L7G,leader,266,4,6,14,6
leader_3_9,CHGA_L7G,L7G,junction,238,2,2,4,2
leader_3_9,CHGA_L7G,L7G,signal_or_junction,504,6,8,18,8
leader_3_9,CHGA_L7G,L7G,position17_containing,266,2,2,7,4
leader_3_9,CHGA_L7H,L7H,leader,266,5,9,16,7
leader_3_9,CHGA_L7H,L7H,junction,238,2,2,4,2
leader_3_9,CHGA_L7H,L7H,signal_or_junction,504,7,11,20,9
leader_3_9,CHGA_L7H,L7H,position17_containing,266,2,2,7,4
leader_3_9,CHGA_L7I,L7I,leader,266,2,7,14,7
leader_3_9,CHGA_L7I,L7I,junction,238,2,2,4,2
leader_3_9,CHGA_L7I,L7I,signal_or_junction,504,4,9,18,9
leader_3_9,CHGA_L7I,L7I,position17_containing,266,2,2,7,4
leader_3_9,CHGA_L7K,L7K,leader,266,3,6,14,6
leader_3_9,CHGA_L7K,L7K,junction,238,2,2,4,2
leader_3_9,CHGA_L7K,L7K,signal_or_junction,504,5,8,18,8
leader_3_9,CHGA_L7K,L7K,position17_containing,266,2,2,7,4
leader_3_9,CHGA_L7M,L7M,leader,266,2,6,14,9
leader_3_9,CHGA_L7M,L7M,junction,238,2,2,4,2
leader_3_9,CHGA_L7M,L7M,signal_or_junction,504,4,8,18,11
leader_3_9,CHGA_L7M,L7M,position17_containing,266,2,2,7,4
leader_3_9,CHGA_L7N,L7N,leader,266,2,5,14,7
leader_3_9,CHGA_L7N,L7N,junction,238,2,2,4,2
leader_3_9,CHGA_L7N,L7N,signal_or_junction,504,4,7,18,9
leader_3_9,CHGA_L7N,L7N,position17_containing,266,2,2,7,4
leader_3_9,CHGA_L7P,L7P,leader,266,6,9,16,7
leader_3_9,CHGA_L7P,L7P,junction,238,2,2,4,2
leader_3_9,CHGA_L7P,L7P,signal_or_junction,504,8,11,20,9
leader_3_9,CHGA_L7P,L7P,position17_containing,266,2,2,7,4
leader_3_9,CHGA_L7Q,L7Q,leader,266,2,7,14,7
leader_3_9,CHGA_L7Q,L7Q,junction,238,2,2,4,2
leader_3_9,CHGA_L7Q,L7Q,signal_or_junction,504,4,9,18,9
leader_3_9,CHGA_L7Q,L7Q,position17_containing,266,2,2,7,4
leader_3_9,CHGA_L7R,L7R,leader,266,3,9,14,7
leader_3_9,CHGA_L7R,L7R,junction,238,2,2,4,2
leader_3_9,CHGA_L7R,L7R,signal_or_junction,504,5,11,18,9
leader_3_9,CHGA_L7R,L7R,position17_containing,266,2,2,7,4
leader_3_9,CHGA_L7S,L7S,leader,266,4,6,14,8
leader_3_9,CHGA_L7S,L7S,junction,238,2,2,4,2
leader_3_9,CHGA_L7S,L7S,signal_or_junction,504,6,8,18,10
leader_3_9,CHGA_L7S,L7S,position17_containing,266,2,2,7,4
leader_3_9,CHGA_L7T,L7T,leader,266,3,8,14,7
leader_3_9,CHGA_L7T,L7T,junction,238,2,2,4,2
leader_3_9,CHGA_L7T,L7T,signal_or_junction,504,5,10,18,9
leader_3_9,CHGA_L7T,L7T,position17_containing,266,2,2,7,4
leader_3_9,CHGA_L7V,L7V,leader,266,2,7,14,7
leader_3_9,CHGA_L7V,L7V,junction,238,2,2,4,2
leader_3_9,CHGA_L7V,L7V,signal_or_junction,504,4,9,18,9
leader_3_9,CHGA_L7V,L7V,position17_containing,266,2,2,7,4
leader_3_9,CHGA_L7W,L7W,leader,266,2,2,13,7
leader_3_9,CHGA_L7W,L7W,junction,238,2,2,4,2
leader_3_9,CHGA_L7W,L7W,signal_or_junction,504,4,4,17,9
leader_3_9,CHGA_L7W,L7W,position17_containing,266,2,2,7,4
leader_3_9,CHGA_L7Y,L7Y,leader,266,2,4,16,9
leader_3_9,CHGA_L7Y,L7Y,junction,238,2,2,4,2
leader_3_9,CHGA_L7Y,L7Y,signal_or_junction,504,4,6,20,11
leader_3_9,CHGA_L7Y,L7Y,position17_containing,266,2,2,7,4
leader_3_9,CHGA_A8C,A8C,leader,266,1,3,7,6
leader_3_9,CHGA_A8C,A8C,junction,238,2,2,4,2
leader_3_9,CHGA_A8C,A8C,signal_or_junction,504,3,5,11,8
leader_3_9,CHGA_A8C,A8C,position17_containing,266,2,2,6,4
leader_3_9,CHGA_A8D,A8D,leader,266,2,3,8,6
leader_3_9,CHGA_A8D,A8D,junction,238,2,2,4,2
leader_3_9,CHGA_A8D,A8D,signal_or_junction,504,4,5,12,8
leader_3_9,CHGA_A8D,A8D,position17_containing,266,2,2,6,4
leader_3_9,CHGA_A8E,A8E,leader,266,2,6,12,6
leader_3_9,CHGA_A8E,A8E,junction,238,2,2,4,2
leader_3_9,CHGA_A8E,A8E,signal_or_junction,504,4,8,16,8
leader_3_9,CHGA_A8E,A8E,position17_containing,266,2,2,6,4
leader_3_9,CHGA_A8F,A8F,leader,266,3,5,13,9
leader_3_9,CHGA_A8F,A8F,junction,238,2,2,4,2
leader_3_9,CHGA_A8F,A8F,signal_or_junction,504,5,7,17,11
leader_3_9,CHGA_A8F,A8F,position17_containing,266,2,3,7,5
leader_3_9,CHGA_A8G,A8G,leader,266,2,3,11,6
leader_3_9,CHGA_A8G,A8G,junction,238,2,2,4,2
leader_3_9,CHGA_A8G,A8G,signal_or_junction,504,4,5,15,8
leader_3_9,CHGA_A8G,A8G,position17_containing,266,2,2,7,4
leader_3_9,CHGA_A8H,A8H,leader,266,5,8,14,7
leader_3_9,CHGA_A8H,A8H,junction,238,2,2,4,2
leader_3_9,CHGA_A8H,A8H,signal_or_junction,504,7,10,18,9
leader_3_9,CHGA_A8H,A8H,position17_containing,266,2,2,7,4
leader_3_9,CHGA_A8I,A8I,leader,266,2,5,14,7
leader_3_9,CHGA_A8I,A8I,junction,238,2,2,4,2
leader_3_9,CHGA_A8I,A8I,signal_or_junction,504,4,7,18,9
leader_3_9,CHGA_A8I,A8I,position17_containing,266,2,2,7,4
leader_3_9,CHGA_A8K,A8K,leader,266,2,6,14,6
leader_3_9,CHGA_A8K,A8K,junction,238,2,2,4,2
leader_3_9,CHGA_A8K,A8K,signal_or_junction,504,4,8,18,8
leader_3_9,CHGA_A8K,A8K,position17_containing,266,2,3,7,4
leader_3_9,CHGA_A8L,A8L,leader,266,3,7,11,8
leader_3_9,CHGA_A8L,A8L,junction,238,2,2,4,2
leader_3_9,CHGA_A8L,A8L,signal_or_junction,504,5,9,15,10
leader_3_9,CHGA_A8L,A8L,position17_containing,266,2,2,7,4
leader_3_9,CHGA_A8M,A8M,leader,266,2,7,12,9
leader_3_9,CHGA_A8M,A8M,junction,238,2,2,4,2
leader_3_9,CHGA_A8M,A8M,signal_or_junction,504,4,9,16,11
leader_3_9,CHGA_A8M,A8M,position17_containing,266,2,2,7,4
leader_3_9,CHGA_A8N,A8N,leader,266,2,5,11,6
leader_3_9,CHGA_A8N,A8N,junction,238,2,2,4,2
leader_3_9,CHGA_A8N,A8N,signal_or_junction,504,4,7,15,8
leader_3_9,CHGA_A8N,A8N,position17_containing,266,2,2,6,4
leader_3_9,CHGA_A8P,A8P,leader,266,4,10,15,6
leader_3_9,CHGA_A8P,A8P,junction,238,2,2,4,2
leader_3_9,CHGA_A8P,A8P,signal_or_junction,504,6,12,19,8
leader_3_9,CHGA_A8P,A8P,position17_containing,266,2,2,6,4
leader_3_9,CHGA_A8Q,A8Q,leader,266,3,6,13,8
leader_3_9,CHGA_A8Q,A8Q,junction,238,2,2,4,2
leader_3_9,CHGA_A8Q,A8Q,signal_or_junction,504,5,8,17,10
leader_3_9,CHGA_A8Q,A8Q,position17_containing,266,2,2,6,4
leader_3_9,CHGA_A8R,A8R,leader,266,4,6,14,6
leader_3_9,CHGA_A8R,A8R,junction,238,2,2,4,2
leader_3_9,CHGA_A8R,A8R,signal_or_junction,504,6,8,18,8
leader_3_9,CHGA_A8R,A8R,position17_containing,266,2,2,7,4
leader_3_9,CHGA_A8S,A8S,leader,266,2,8,15,7
leader_3_9,CHGA_A8S,A8S,junction,238,2,2,4,2
leader_3_9,CHGA_A8S,A8S,signal_or_junction,504,4,10,19,9
leader_3_9,CHGA_A8S,A8S,position17_containing,266,2,3,7,4
leader_3_9,CHGA_A8T,A8T,leader,266,2,7,16,8
leader_3_9,CHGA_A8T,A8T,junction,238,2,2,4,2
leader_3_9,CHGA_A8T,A8T,signal_or_junction,504,4,9,20,10
leader_3_9,CHGA_A8T,A8T,position17_containing,266,2,2,7,4
leader_3_9,CHGA_A8V,A8V,leader,266,2,6,14,7
leader_3_9,CHGA_A8V,A8V,junction,238,2,2,4,2
leader_3_9,CHGA_A8V,A8V,signal_or_junction,504,4,8,18,9
leader_3_9,CHGA_A8V,A8V,position17_containing,266,2,2,7,4
leader_3_9,CHGA_A8W,A8W,leader,266,1,4,9,8
leader_3_9,CHGA_A8W,A8W,junction,238,2,2,4,2
leader_3_9,CHGA_A8W,A8W,signal_or_junction,504,3,6,13,10
leader_3_9,CHGA_A8W,A8W,position17_containing,266,2,2,6,4
leader_3_9,CHGA_A8Y,A8Y,leader,266,3,6,14,9
leader_3_9,CHGA_A8Y,A8Y,junction,238,2,2,4,2
leader_3_9,CHGA_A8Y,A8Y,signal_or_junction,504,5,8,18,11
leader_3_9,CHGA_A8Y,A8Y,position17_containing,266,2,3,7,5
leader_3_9,CHGA_L9A,L9A,leader,266,3,3,9,8
leader_3_9,CHGA_L9A,L9A,junction,238,2,2,4,2
leader_3_9,CHGA_L9A,L9A,signal_or_junction,504,5,5,13,10
leader_3_9,CHGA_L9A,L9A,position17_containing,266,2,2,6,4
leader_3_9,CHGA_L9C,L9C,leader,266,0,1,7,5
leader_3_9,CHGA_L9C,L9C,junction,238,2,2,4,2
leader_3_9,CHGA_L9C,L9C,signal_or_junction,504,2,3,11,7
leader_3_9,CHGA_L9C,L9C,position17_containing,266,2,2,5,3
leader_3_9,CHGA_L9D,L9D,leader,266,1,2,7,3
leader_3_9,CHGA_L9D,L9D,junction,238,2,2,4,2
leader_3_9,CHGA_L9D,L9D,signal_or_junction,504,3,4,11,5
leader_3_9,CHGA_L9D,L9D,position17_containing,266,2,2,5,3
leader_3_9,CHGA_L9E,L9E,leader,266,4,8,14,7
leader_3_9,CHGA_L9E,L9E,junction,238,2,2,4,2
leader_3_9,CHGA_L9E,L9E,signal_or_junction,504,6,10,18,9
leader_3_9,CHGA_L9E,L9E,position17_containing,266,2,3,7,3
leader_3_9,CHGA_L9F,L9F,leader,266,1,4,10,9
leader_3_9,CHGA_L9F,L9F,junction,238,2,2,4,2
leader_3_9,CHGA_L9F,L9F,signal_or_junction,504,3,6,14,11
leader_3_9,CHGA_L9F,L9F,position17_containing,266,2,3,6,4
leader_3_9,CHGA_L9G,L9G,leader,266,0,2,10,5
leader_3_9,CHGA_L9G,L9G,junction,238,2,2,4,2
leader_3_9,CHGA_L9G,L9G,signal_or_junction,504,2,4,14,7
leader_3_9,CHGA_L9G,L9G,position17_containing,266,2,2,6,4
leader_3_9,CHGA_L9H,L9H,leader,266,3,7,12,5
leader_3_9,CHGA_L9H,L9H,junction,238,2,2,4,2
leader_3_9,CHGA_L9H,L9H,signal_or_junction,504,5,9,16,7
leader_3_9,CHGA_L9H,L9H,position17_containing,266,2,2,6,3
leader_3_9,CHGA_L9I,L9I,leader,266,2,4,10,6
leader_3_9,CHGA_L9I,L9I,junction,238,2,2,4,2
leader_3_9,CHGA_L9I,L9I,signal_or_junction,504,4,6,14,8
leader_3_9,CHGA_L9I,L9I,position17_containing,266,2,2,6,4
leader_3_9,CHGA_L9K,L9K,leader,266,1,6,13,5
leader_3_9,CHGA_L9K,L9K,junction,238,2,2,4,2
leader_3_9,CHGA_L9K,L9K,signal_or_junction,504,3,8,17,7
leader_3_9,CHGA_L9K,L9K,position17_containing,266,2,3,6,4
leader_3_9,CHGA_L9M,L9M,leader,266,2,4,13,9
leader_3_9,CHGA_L9M,L9M,junction,238,2,2,4,2
leader_3_9,CHGA_L9M,L9M,signal_or_junction,504,4,6,17,11
leader_3_9,CHGA_L9M,L9M,position17_containing,266,2,2,7,4
leader_3_9,CHGA_L9N,L9N,leader,266,1,3,9,5
leader_3_9,CHGA_L9N,L9N,junction,238,2,2,4,2
leader_3_9,CHGA_L9N,L9N,signal_or_junction,504,3,5,13,7
leader_3_9,CHGA_L9N,L9N,position17_containing,266,2,2,5,3
leader_3_9,CHGA_L9P,L9P,leader,266,1,5,10,7
leader_3_9,CHGA_L9P,L9P,junction,238,2,2,4,2
leader_3_9,CHGA_L9P,L9P,signal_or_junction,504,3,7,14,9
leader_3_9,CHGA_L9P,L9P,position17_containing,266,2,2,5,3
leader_3_9,CHGA_L9Q,L9Q,leader,266,3,5,9,5
leader_3_9,CHGA_L9Q,L9Q,junction,238,2,2,4,2
leader_3_9,CHGA_L9Q,L9Q,signal_or_junction,504,5,7,13,7
leader_3_9,CHGA_L9Q,L9Q,position17_containing,266,2,2,5,3
leader_3_9,CHGA_L9R,L9R,leader,266,1,5,11,5
leader_3_9,CHGA_L9R,L9R,junction,238,2,2,4,2
leader_3_9,CHGA_L9R,L9R,signal_or_junction,504,3,7,15,7
leader_3_9,CHGA_L9R,L9R,position17_containing,266,2,2,6,4
leader_3_9,CHGA_L9S,L9S,leader,266,3,6,10,7
leader_3_9,CHGA_L9S,L9S,junction,238,2,2,4,2
leader_3_9,CHGA_L9S,L9S,signal_or_junction,504,5,8,14,9
leader_3_9,CHGA_L9S,L9S,position17_containing,266,2,3,6,4
leader_3_9,CHGA_L9T,L9T,leader,266,3,5,10,7
leader_3_9,CHGA_L9T,L9T,junction,238,2,2,4,2
leader_3_9,CHGA_L9T,L9T,signal_or_junction,504,5,7,14,9
leader_3_9,CHGA_L9T,L9T,position17_containing,266,2,2,6,4
leader_3_9,CHGA_L9V,L9V,leader,266,4,4,10,7
leader_3_9,CHGA_L9V,L9V,junction,238,2,2,4,2
leader_3_9,CHGA_L9V,L9V,signal_or_junction,504,6,6,14,9
leader_3_9,CHGA_L9V,L9V,position17_containing,266,2,2,6,4
leader_3_9,CHGA_L9W,L9W,leader,266,1,2,7,6
leader_3_9,CHGA_L9W,L9W,junction,238,2,2,4,2
leader_3_9,CHGA_L9W,L9W,signal_or_junction,504,3,4,11,8
leader_3_9,CHGA_L9W,L9W,position17_containing,266,2,2,5,4
leader_3_9,CHGA_L9Y,L9Y,leader,266,2,6,10,10
leader_3_9,CHGA_L9Y,L9Y,junction,238,2,2,4,2
leader_3_9,CHGA_L9Y,L9Y,signal_or_junction,504,4,8,14,12
leader_3_9,CHGA_L9Y,L9Y,position17_containing,266,2,3,6,4
