variant,context,scope,better,unchanged,worse
T17A,with_flanks,position17_containing,2,35,5
T17C,with_flanks,position17_containing,12,30,0
T17D,with_flanks,position17_containing,11,26,5
T17E,with_flanks,position17_containing,9,20,13
T17F,with_flanks,position17_containing,4,25,13
T17G,with_flanks,position17_containing,8,33,1
T17H,with_flanks,position17_containing,6,23,13
T17I,with_flanks,position17_containing,4,31,7
T17K,with_flanks,position17_containing,9,28,5
T17L,with_flanks,position17_containing,3,29,10
T17M,with_flanks,position17_containing,3,29,10
T17N,with_flanks,position17_containing,11,29,2
T17P,with_flanks,position17_containing,8,30,4
T17Q,with_flanks,position17_containing,2,30,10
T17R,with_flanks,position17_containing,10,23,9
T17S,with_flanks,position17_containing,4,34,4
T17T,with_flanks,position17_containing,0,42,0
T17V,with_flanks,position17_containing,2,35,5
T17W,with_flanks,position17_containing,11,23,8
T17Y,with_flanks,position17_containing,4,22,16
T17A,with_flanks,position17_core_or_flank,2,35,5
T17C,with_flanks,position17_core_or_flank,12,30,0
T17D,with_flanks,position17_core_or_flank,11,26,5
T17E,with_flanks,position17_core_or_flank,9,20,13
T17F,with_flanks,position17_core_or_flank,4,25,13
T17G,with_flanks,position17_core_or_flank,8,33,1
T17H,with_flanks,position17_core_or_flank,6,23,13
T17I,with_flanks,position17_core_or_flank,4,31,7
T17K,with_flanks,position17_core_or_flank,9,28,5
T17L,with_flanks,position17_core_or_flank,3,29,10
T17M,with_flanks,position17_core_or_flank,3,29,10
T17N,with_flanks,position17_core_or_flank,11,29,2
T17P,with_flanks,position17_core_or_flank,8,31,3
T17Q,with_flanks,position17_core_or_flank,2,30,10
T17R,with_flanks,position17_core_or_flank,10,23,9
T17S,with_flanks,position17_core_or_flank,4,34,4
T17T,with_flanks,position17_core_or_flank,0,42,0
T17V,with_flanks,position17_core_or_flank,2,35,5
T17W,with_flanks,position17_core_or_flank,11,23,8
T17Y,with_flanks,position17_core_or_flank,4,22,16
T17A,without_flanks,position17_containing,1,37,4
T17C,without_flanks,position17_containing,10,32,0
T17D,without_flanks,position17_containing,9,29,4
T17E,without_flanks,position17_containing,7,22,13
T17F,without_flanks,position17_containing,6,23,13
T17G,without_flanks,position17_containing,6,34,2
T17H,without_flanks,position17_containing,6,26,10
T17I,without_flanks,position17_containing,2,33,7
T17K,without_flanks,position17_containing,8,30,4
T17L,without_flanks,position17_containing,2,29,11
T17M,without_flanks,position17_containing,2,30,10
T17N,without_flanks,position17_containing,10,31,1
T17P,without_flanks,position17_containing,7,32,3
T17Q,without_flanks,position17_containing,3,28,11
T17R,without_flanks,position17_containing,9,25,8
T17S,without_flanks,position17_containing,2,38,2
T17T,without_flanks,position17_containing,0,42,0
T17V,without_flanks,position17_containing,1,38,3
T17W,without_flanks,position17_containing,9,25,8
T17Y,without_flanks,position17_containing,4,20,18
T17A,without_flanks,position17_core_or_flank,1,37,4
T17C,without_flanks,position17_core_or_flank,10,32,0
T17D,without_flanks,position17_core_or_flank,9,29,4
T17E,without_flanks,position17_core_or_flank,7,22,13
T17F,without_flanks,position17_core_or_flank,6,23,13
T17G,without_flanks,position17_core_or_flank,6,34,2
T17H,without_flanks,position17_core_or_flank,6,26,10
T17I,without_flanks,position17_core_or_flank,2,33,7
T17K,without_flanks,position17_core_or_flank,8,30,4
T17L,without_flanks,position17_core_or_flank,2,29,11
T17M,without_flanks,position17_core_or_flank,2,30,10
T17N,without_flanks,position17_core_or_flank,10,31,1
T17P,without_flanks,position17_core_or_flank,7,32,3
T17Q,without_flanks,position17_core_or_flank,3,28,11
T17R,without_flanks,position17_core_or_flank,9,25,8
T17S,without_flanks,position17_core_or_flank,2,38,2
T17T,without_flanks,position17_core_or_flank,0,42,0
T17V,without_flanks,position17_core_or_flank,1,38,3
T17W,without_flanks,position17_core_or_flank,9,25,8
T17Y,without_flanks,position17_core_or_flank,4,20,18
