construct,context,scope,model,count_lt_0.5,count_lt_1,count_lt_2
CHGA_baseline,with_flanks,signal_or_junction,NetMHC,4,8,17
CHGA_L9C,with_flanks,signal_or_junction,NetMHC,2,3,11
CHGA_L9G,with_flanks,signal_or_junction,NetMHC,2,4,14
CHGA_T17C,with_flanks,signal_or_junction,NetMHC,2,7,12
CHGA_T17G,with_flanks,signal_or_junction,NetMHC,2,8,12
CHGA_L9C_T17C,with_flanks,signal_or_junction,NetMHC,0,2,8
CHGA_L9C_T17G,with_flanks,signal_or_junction,NetMHC,0,3,8
CHGA_L9C_T17D,with_flanks,signal_or_junction,NetMHC,0,1,10
CHGA_L9C_T17P,with_flanks,signal_or_junction,NetMHC,0,2,9
CHGA_L9G_T17C,with_flanks,signal_or_junction,NetMHC,0,3,10
CHGA_L9G_T17G,with_flanks,signal_or_junction,NetMHC,0,4,10
CHGA_L9G_T17D,with_flanks,signal_or_junction,NetMHC,0,2,12
CHGA_L9G_T17P,with_flanks,signal_or_junction,NetMHC,0,3,11
CHGA_baseline,with_flanks,signal_or_junction,MHCflurry,9,19,27
CHGA_L9C,with_flanks,signal_or_junction,MHCflurry,4,9,20
CHGA_L9G,with_flanks,signal_or_junction,MHCflurry,4,10,20
CHGA_T17C,with_flanks,signal_or_junction,MHCflurry,8,16,21
CHGA_T17G,with_flanks,signal_or_junction,MHCflurry,7,17,26
CHGA_L9C_T17C,with_flanks,signal_or_junction,MHCflurry,3,6,14
CHGA_L9C_T17G,with_flanks,signal_or_junction,MHCflurry,2,8,16
CHGA_L9C_T17D,with_flanks,signal_or_junction,MHCflurry,3,7,17
CHGA_L9C_T17P,with_flanks,signal_or_junction,MHCflurry,2,8,21
CHGA_L9G_T17C,with_flanks,signal_or_junction,MHCflurry,3,7,15
CHGA_L9G_T17G,with_flanks,signal_or_junction,MHCflurry,2,8,17
CHGA_L9G_T17D,with_flanks,signal_or_junction,MHCflurry,3,9,17
CHGA_L9G_T17P,with_flanks,signal_or_junction,MHCflurry,2,9,22
CHGA_baseline,with_flanks,full_precursor,NetMHC,15,30,59
CHGA_L9C,with_flanks,full_precursor,NetMHC,13,25,53
CHGA_L9G,with_flanks,full_precursor,NetMHC,13,26,56
CHGA_T17C,with_flanks,full_precursor,NetMHC,13,29,54
CHGA_T17G,with_flanks,full_precursor,NetMHC,13,30,54
CHGA_L9C_T17C,with_flanks,full_precursor,NetMHC,11,24,50
CHGA_L9C_T17G,with_flanks,full_precursor,NetMHC,11,25,50
CHGA_L9C_T17D,with_flanks,full_precursor,NetMHC,11,23,52
CHGA_L9C_T17P,with_flanks,full_precursor,NetMHC,11,24,51
CHGA_L9G_T17C,with_flanks,full_precursor,NetMHC,11,25,52
CHGA_L9G_T17G,with_flanks,full_precursor,NetMHC,11,26,52
CHGA_L9G_T17D,with_flanks,full_precursor,NetMHC,11,24,54
CHGA_L9G_T17P,with_flanks,full_precursor,NetMHC,11,25,53
CHGA_baseline,with_flanks,full_precursor,MHCflurry,20,38,72
CHGA_L9C,with_flanks,full_precursor,MHCflurry,15,28,65
CHGA_L9G,with_flanks,full_precursor,MHCflurry,15,29,65
CHGA_T17C,with_flanks,full_precursor,MHCflurry,19,35,66
CHGA_T17G,with_flanks,full_precursor,MHCflurry,18,36,71
CHGA_L9C_T17C,with_flanks,full_precursor,MHCflurry,14,25,59
CHGA_L9C_T17G,with_flanks,full_precursor,MHCflurry,13,27,61
CHGA_L9C_T17D,with_flanks,full_precursor,MHCflurry,14,26,62
CHGA_L9C_T17P,with_flanks,full_precursor,MHCflurry,13,27,65
CHGA_L9G_T17C,with_flanks,full_precursor,MHCflurry,14,26,60
CHGA_L9G_T17G,with_flanks,full_precursor,MHCflurry,13,27,62
CHGA_L9G_T17D,with_flanks,full_precursor,MHCflurry,14,28,62
CHGA_L9G_T17P,with_flanks,full_precursor,MHCflurry,13,28,66
CHGA_baseline,with_flanks,unchanged_INS_core,NetMHC,11,22,42
CHGA_L9C,with_flanks,unchanged_INS_core,NetMHC,11,22,42
CHGA_L9G,with_flanks,unchanged_INS_core,NetMHC,11,22,42
CHGA_T17C,with_flanks,unchanged_INS_core,NetMHC,11,22,42
CHGA_T17G,with_flanks,unchanged_INS_core,NetMHC,11,22,42
CHGA_L9C_T17C,with_flanks,unchanged_INS_core,NetMHC,11,22,42
CHGA_L9C_T17G,with_flanks,unchanged_INS_core,NetMHC,11,22,42
CHGA_L9C_T17D,with_flanks,unchanged_INS_core,NetMHC,11,22,42
CHGA_L9C_T17P,with_flanks,unchanged_INS_core,NetMHC,11,22,42
CHGA_L9G_T17C,with_flanks,unchanged_INS_core,NetMHC,11,22,42
CHGA_L9G_T17G,with_flanks,unchanged_INS_core,NetMHC,11,22,42
CHGA_L9G_T17D,with_flanks,unchanged_INS_core,NetMHC,11,22,42
CHGA_L9G_T17P,with_flanks,unchanged_INS_core,NetMHC,11,22,42
CHGA_baseline,with_flanks,unchanged_INS_core,MHCflurry,11,19,45
CHGA_L9C,with_flanks,unchanged_INS_core,MHCflurry,11,19,45
CHGA_L9G,with_flanks,unchanged_INS_core,MHCflurry,11,19,45
CHGA_T17C,with_flanks,unchanged_INS_core,MHCflurry,11,19,45
CHGA_T17G,with_flanks,unchanged_INS_core,MHCflurry,11,19,45
CHGA_L9C_T17C,with_flanks,unchanged_INS_core,MHCflurry,11,19,45
CHGA_L9C_T17G,with_flanks,unchanged_INS_core,MHCflurry,11,19,45
CHGA_L9C_T17D,with_flanks,unchanged_INS_core,MHCflurry,11,19,45
CHGA_L9C_T17P,with_flanks,unchanged_INS_core,MHCflurry,11,19,44
CHGA_L9G_T17C,with_flanks,unchanged_INS_core,MHCflurry,11,19,45
CHGA_L9G_T17G,with_flanks,unchanged_INS_core,MHCflurry,11,19,45
CHGA_L9G_T17D,with_flanks,unchanged_INS_core,MHCflurry,11,19,45
CHGA_L9G_T17P,with_flanks,unchanged_INS_core,MHCflurry,11,19,44
CHGA_baseline,with_flanks,flank_affected,NetMHC,4,8,19
CHGA_L9C,with_flanks,flank_affected,NetMHC,2,3,13
CHGA_L9G,with_flanks,flank_affected,NetMHC,2,4,16
CHGA_T17C,with_flanks,flank_affected,NetMHC,2,7,14
CHGA_T17G,with_flanks,flank_affected,NetMHC,2,8,14
CHGA_L9C_T17C,with_flanks,flank_affected,NetMHC,0,2,10
CHGA_L9C_T17G,with_flanks,flank_affected,NetMHC,0,3,10
CHGA_L9C_T17D,with_flanks,flank_affected,NetMHC,0,1,12
CHGA_L9C_T17P,with_flanks,flank_affected,NetMHC,0,2,11
CHGA_L9G_T17C,with_flanks,flank_affected,NetMHC,0,3,12
CHGA_L9G_T17G,with_flanks,flank_affected,NetMHC,0,4,12
CHGA_L9G_T17D,with_flanks,flank_affected,NetMHC,0,2,14
CHGA_L9G_T17P,with_flanks,flank_affected,NetMHC,0,3,13
CHGA_baseline,with_flanks,flank_affected,MHCflurry,9,19,28
CHGA_L9C,with_flanks,flank_affected,MHCflurry,4,9,21
CHGA_L9G,with_flanks,flank_affected,MHCflurry,4,10,21
CHGA_T17C,with_flanks,flank_affected,MHCflurry,8,16,22
CHGA_T17G,with_flanks,flank_affected,MHCflurry,7,17,27
CHGA_L9C_T17C,with_flanks,flank_affected,MHCflurry,3,6,15
CHGA_L9C_T17G,with_flanks,flank_affected,MHCflurry,2,8,17
CHGA_L9C_T17D,with_flanks,flank_affected,MHCflurry,3,7,18
CHGA_L9C_T17P,with_flanks,flank_affected,MHCflurry,2,8,21
CHGA_L9G_T17C,with_flanks,flank_affected,MHCflurry,3,7,16
CHGA_L9G_T17G,with_flanks,flank_affected,MHCflurry,2,8,18
CHGA_L9G_T17D,with_flanks,flank_affected,MHCflurry,3,9,18
CHGA_L9G_T17P,with_flanks,flank_affected,MHCflurry,2,9,22
CHGA_baseline,without_flanks,signal_or_junction,NetMHC,4,8,17
CHGA_L9C,without_flanks,signal_or_junction,NetMHC,2,3,11
CHGA_L9G,without_flanks,signal_or_junction,NetMHC,2,4,14
CHGA_T17C,without_flanks,signal_or_junction,NetMHC,2,7,12
CHGA_T17G,without_flanks,signal_or_junction,NetMHC,2,8,12
CHGA_L9C_T17C,without_flanks,signal_or_junction,NetMHC,0,2,8
CHGA_L9C_T17G,without_flanks,signal_or_junction,NetMHC,0,3,8
CHGA_L9C_T17D,without_flanks,signal_or_junction,NetMHC,0,1,10
CHGA_L9C_T17P,without_flanks,signal_or_junction,NetMHC,0,2,9
CHGA_L9G_T17C,without_flanks,signal_or_junction,NetMHC,0,3,10
CHGA_L9G_T17G,without_flanks,signal_or_junction,NetMHC,0,4,10
CHGA_L9G_T17D,without_flanks,signal_or_junction,NetMHC,0,2,12
CHGA_L9G_T17P,without_flanks,signal_or_junction,NetMHC,0,3,11
CHGA_baseline,without_flanks,signal_or_junction,MHCflurry,4,12,21
CHGA_L9C,without_flanks,signal_or_junction,MHCflurry,2,7,15
CHGA_L9G,without_flanks,signal_or_junction,MHCflurry,2,7,17
CHGA_T17C,without_flanks,signal_or_junction,MHCflurry,3,10,18
CHGA_T17G,without_flanks,signal_or_junction,MHCflurry,2,12,21
CHGA_L9C_T17C,without_flanks,signal_or_junction,MHCflurry,1,5,12
CHGA_L9C_T17G,without_flanks,signal_or_junction,MHCflurry,0,7,15
CHGA_L9C_T17D,without_flanks,signal_or_junction,MHCflurry,1,6,15
CHGA_L9C_T17P,without_flanks,signal_or_junction,MHCflurry,0,6,17
CHGA_L9G_T17C,without_flanks,signal_or_junction,MHCflurry,1,5,14
CHGA_L9G_T17G,without_flanks,signal_or_junction,MHCflurry,0,7,17
CHGA_L9G_T17D,without_flanks,signal_or_junction,MHCflurry,1,6,16
CHGA_L9G_T17P,without_flanks,signal_or_junction,MHCflurry,0,6,19
CHGA_baseline,without_flanks,full_precursor,NetMHC,15,30,59
CHGA_L9C,without_flanks,full_precursor,NetMHC,13,25,53
CHGA_L9G,without_flanks,full_precursor,NetMHC,13,26,56
CHGA_T17C,without_flanks,full_precursor,NetMHC,13,29,54
CHGA_T17G,without_flanks,full_precursor,NetMHC,13,30,54
CHGA_L9C_T17C,without_flanks,full_precursor,NetMHC,11,24,50
CHGA_L9C_T17G,without_flanks,full_precursor,NetMHC,11,25,50
CHGA_L9C_T17D,without_flanks,full_precursor,NetMHC,11,23,52
CHGA_L9C_T17P,without_flanks,full_precursor,NetMHC,11,24,51
CHGA_L9G_T17C,without_flanks,full_precursor,NetMHC,11,25,52
CHGA_L9G_T17G,without_flanks,full_precursor,NetMHC,11,26,52
CHGA_L9G_T17D,without_flanks,full_precursor,NetMHC,11,24,54
CHGA_L9G_T17P,without_flanks,full_precursor,NetMHC,11,25,53
CHGA_baseline,without_flanks,full_precursor,MHCflurry,17,34,67
CHGA_L9C,without_flanks,full_precursor,MHCflurry,15,29,61
CHGA_L9G,without_flanks,full_precursor,MHCflurry,15,29,63
CHGA_T17C,without_flanks,full_precursor,MHCflurry,16,32,64
CHGA_T17G,without_flanks,full_precursor,MHCflurry,15,34,67
CHGA_L9C_T17C,without_flanks,full_precursor,MHCflurry,14,27,58
CHGA_L9C_T17G,without_flanks,full_precursor,MHCflurry,13,29,61
CHGA_L9C_T17D,without_flanks,full_precursor,MHCflurry,14,28,61
CHGA_L9C_T17P,without_flanks,full_precursor,MHCflurry,13,28,63
CHGA_L9G_T17C,without_flanks,full_precursor,MHCflurry,14,27,60
CHGA_L9G_T17G,without_flanks,full_precursor,MHCflurry,13,29,63
CHGA_L9G_T17D,without_flanks,full_precursor,MHCflurry,14,28,62
CHGA_L9G_T17P,without_flanks,full_precursor,MHCflurry,13,28,65
CHGA_baseline,without_flanks,unchanged_INS_core,NetMHC,11,22,42
CHGA_L9C,without_flanks,unchanged_INS_core,NetMHC,11,22,42
CHGA_L9G,without_flanks,unchanged_INS_core,NetMHC,11,22,42
CHGA_T17C,without_flanks,unchanged_INS_core,NetMHC,11,22,42
CHGA_T17G,without_flanks,unchanged_INS_core,NetMHC,11,22,42
CHGA_L9C_T17C,without_flanks,unchanged_INS_core,NetMHC,11,22,42
CHGA_L9C_T17G,without_flanks,unchanged_INS_core,NetMHC,11,22,42
CHGA_L9C_T17D,without_flanks,unchanged_INS_core,NetMHC,11,22,42
CHGA_L9C_T17P,without_flanks,unchanged_INS_core,NetMHC,11,22,42
CHGA_L9G_T17C,without_flanks,unchanged_INS_core,NetMHC,11,22,42
CHGA_L9G_T17G,without_flanks,unchanged_INS_core,NetMHC,11,22,42
CHGA_L9G_T17D,without_flanks,unchanged_INS_core,NetMHC,11,22,42
CHGA_L9G_T17P,without_flanks,unchanged_INS_core,NetMHC,11,22,42
CHGA_baseline,without_flanks,unchanged_INS_core,MHCflurry,13,22,46
CHGA_L9C,without_flanks,unchanged_INS_core,MHCflurry,13,22,46
CHGA_L9G,without_flanks,unchanged_INS_core,MHCflurry,13,22,46
CHGA_T17C,without_flanks,unchanged_INS_core,MHCflurry,13,22,46
CHGA_T17G,without_flanks,unchanged_INS_core,MHCflurry,13,22,46
CHGA_L9C_T17C,without_flanks,unchanged_INS_core,MHCflurry,13,22,46
CHGA_L9C_T17G,without_flanks,unchanged_INS_core,MHCflurry,13,22,46
CHGA_L9C_T17D,without_flanks,unchanged_INS_core,MHCflurry,13,22,46
CHGA_L9C_T17P,without_flanks,unchanged_INS_core,MHCflurry,13,22,46
CHGA_L9G_T17C,without_flanks,unchanged_INS_core,MHCflurry,13,22,46
CHGA_L9G_T17G,without_flanks,unchanged_INS_core,MHCflurry,13,22,46
CHGA_L9G_T17D,without_flanks,unchanged_INS_core,MHCflurry,13,22,46
CHGA_L9G_T17P,without_flanks,unchanged_INS_core,MHCflurry,13,22,46
CHGA_baseline,without_flanks,flank_affected,NetMHC,4,8,19
CHGA_L9C,without_flanks,flank_affected,NetMHC,2,3,13
CHGA_L9G,without_flanks,flank_affected,NetMHC,2,4,16
CHGA_T17C,without_flanks,flank_affected,NetMHC,2,7,14
CHGA_T17G,without_flanks,flank_affected,NetMHC,2,8,14
CHGA_L9C_T17C,without_flanks,flank_affected,NetMHC,0,2,10
CHGA_L9C_T17G,without_flanks,flank_affected,NetMHC,0,3,10
CHGA_L9C_T17D,without_flanks,flank_affected,NetMHC,0,1,12
CHGA_L9C_T17P,without_flanks,flank_affected,NetMHC,0,2,11
CHGA_L9G_T17C,without_flanks,flank_affected,NetMHC,0,3,12
CHGA_L9G_T17G,without_flanks,flank_affected,NetMHC,0,4,12
CHGA_L9G_T17D,without_flanks,flank_affected,NetMHC,0,2,14
CHGA_L9G_T17P,without_flanks,flank_affected,NetMHC,0,3,13
CHGA_baseline,without_flanks,flank_affected,MHCflurry,4,12,22
CHGA_L9C,without_flanks,flank_affected,MHCflurry,2,7,16
CHGA_L9G,without_flanks,flank_affected,MHCflurry,2,7,18
CHGA_T17C,without_flanks,flank_affected,MHCflurry,3,10,19
CHGA_T17G,without_flanks,flank_affected,MHCflurry,2,12,22
CHGA_L9C_T17C,without_flanks,flank_affected,MHCflurry,1,5,13
CHGA_L9C_T17G,without_flanks,flank_affected,MHCflurry,0,7,16
CHGA_L9C_T17D,without_flanks,flank_affected,MHCflurry,1,6,16
CHGA_L9C_T17P,without_flanks,flank_affected,MHCflurry,0,6,18
CHGA_L9G_T17C,without_flanks,flank_affected,MHCflurry,1,5,15
CHGA_L9G_T17G,without_flanks,flank_affected,MHCflurry,0,7,18
CHGA_L9G_T17D,without_flanks,flank_affected,MHCflurry,1,6,17
CHGA_L9G_T17P,without_flanks,flank_affected,MHCflurry,0,6,20
