stage,construct,context,scope,window_HLA_pairs,presentation_lt_0.5,presentation_lt_1,presentation_lt_2
leader_3_9,CANONICAL_CHGA18_INS25_BASELINE,with_flanks,leader,266,7,16,20
leader_3_9,CANONICAL_CHGA18_INS25_BASELINE,with_flanks,signal_or_junction,504,9,19,27
leader_3_9,CANONICAL_CHGA18_INS25_BASELINE,with_flanks,position17_containing,266,2,4,9
leader_3_9,CHGA_S3A,with_flanks,leader,266,11,16,20
leader_3_9,CHGA_S3A,with_flanks,signal_or_junction,504,13,19,27
leader_3_9,CHGA_S3A,with_flanks,position17_containing,266,2,4,9
leader_3_9,CHGA_S3C,with_flanks,leader,266,4,8,11
leader_3_9,CHGA_S3C,with_flanks,signal_or_junction,504,6,11,18
leader_3_9,CHGA_S3C,with_flanks,position17_containing,266,2,4,9
leader_3_9,CHGA_S3D,with_flanks,leader,266,6,13,19
leader_3_9,CHGA_S3D,with_flanks,signal_or_junction,504,8,16,26
leader_3_9,CHGA_S3D,with_flanks,position17_containing,266,2,4,9
leader_3_9,CHGA_S3E,with_flanks,leader,266,8,15,20
leader_3_9,CHGA_S3E,with_flanks,signal_or_junction,504,10,18,27
leader_3_9,CHGA_S3E,with_flanks,position17_containing,266,2,4,9
leader_3_9,CHGA_S3F,with_flanks,leader,266,8,13,22
leader_3_9,CHGA_S3F,with_flanks,signal_or_junction,504,10,16,29
leader_3_9,CHGA_S3F,with_flanks,position17_containing,266,2,4,9
leader_3_9,CHGA_S3G,with_flanks,leader,266,2,9,15
leader_3_9,CHGA_S3G,with_flanks,signal_or_junction,504,4,12,22
leader_3_9,CHGA_S3G,with_flanks,position17_containing,266,2,4,9
leader_3_9,CHGA_S3H,with_flanks,leader,266,11,14,19
leader_3_9,CHGA_S3H,with_flanks,signal_or_junction,504,13,17,26
leader_3_9,CHGA_S3H,with_flanks,position17_containing,266,2,4,9
leader_3_9,CHGA_S3I,with_flanks,leader,266,7,16,19
leader_3_9,CHGA_S3I,with_flanks,signal_or_junction,504,9,19,26
leader_3_9,CHGA_S3I,with_flanks,position17_containing,266,2,4,9
leader_3_9,CHGA_S3K,with_flanks,leader,266,8,11,15
leader_3_9,CHGA_S3K,with_flanks,signal_or_junction,504,10,14,22
leader_3_9,CHGA_S3K,with_flanks,position17_containing,266,2,4,9
leader_3_9,CHGA_S3L,with_flanks,leader,266,6,15,20
leader_3_9,CHGA_S3L,with_flanks,signal_or_junction,504,8,18,27
leader_3_9,CHGA_S3L,with_flanks,position17_containing,266,2,4,9
leader_3_9,CHGA_S3M,with_flanks,leader,266,10,17,29
leader_3_9,CHGA_S3M,with_flanks,signal_or_junction,504,12,20,36
leader_3_9,CHGA_S3M,with_flanks,position17_containing,266,2,4,9
leader_3_9,CHGA_S3N,with_flanks,leader,266,6,11,17
leader_3_9,CHGA_S3N,with_flanks,signal_or_junction,504,8,14,24
leader_3_9,CHGA_S3N,with_flanks,position17_containing,266,2,4,9
leader_3_9,CHGA_S3P,with_flanks,leader,266,4,10,17
leader_3_9,CHGA_S3P,with_flanks,signal_or_junction,504,6,13,24
leader_3_9,CHGA_S3P,with_flanks,position17_containing,266,2,4,9
leader_3_9,CHGA_S3Q,with_flanks,leader,266,9,18,25
leader_3_9,CHGA_S3Q,with_flanks,signal_or_junction,504,11,21,32
leader_3_9,CHGA_S3Q,with_flanks,position17_containing,266,2,4,9
leader_3_9,CHGA_S3R,with_flanks,leader,266,9,12,14
leader_3_9,CHGA_S3R,with_flanks,signal_or_junction,504,11,15,21
leader_3_9,CHGA_S3R,with_flanks,position17_containing,266,2,4,9
leader_3_9,CHGA_S3T,with_flanks,leader,266,8,14,23
leader_3_9,CHGA_S3T,with_flanks,signal_or_junction,504,10,17,30
leader_3_9,CHGA_S3T,with_flanks,position17_containing,266,2,4,9
leader_3_9,CHGA_S3V,with_flanks,leader,266,9,15,20
leader_3_9,CHGA_S3V,with_flanks,signal_or_junction,504,11,18,27
leader_3_9,CHGA_S3V,with_flanks,position17_containing,266,2,4,9
leader_3_9,CHGA_S3W,with_flanks,leader,266,5,9,16
leader_3_9,CHGA_S3W,with_flanks,signal_or_junction,504,7,12,23
leader_3_9,CHGA_S3W,with_flanks,position17_containing,266,2,4,9
leader_3_9,CHGA_S3Y,with_flanks,leader,266,10,16,23
leader_3_9,CHGA_S3Y,with_flanks,signal_or_junction,504,12,19,30
leader_3_9,CHGA_S3Y,with_flanks,position17_containing,266,2,4,9
leader_3_9,CHGA_A4C,with_flanks,leader,266,3,8,15
leader_3_9,CHGA_A4C,with_flanks,signal_or_junction,504,5,11,22
leader_3_9,CHGA_A4C,with_flanks,position17_containing,266,2,4,9
leader_3_9,CHGA_A4D,with_flanks,leader,266,6,15,20
leader_3_9,CHGA_A4D,with_flanks,signal_or_junction,504,8,18,27
leader_3_9,CHGA_A4D,with_flanks,position17_containing,266,2,4,9
leader_3_9,CHGA_A4E,with_flanks,leader,266,7,11,18
leader_3_9,CHGA_A4E,with_flanks,signal_or_junction,504,9,14,25
leader_3_9,CHGA_A4E,with_flanks,position17_containing,266,2,4,9
leader_3_9,CHGA_A4F,with_flanks,leader,266,6,12,19
leader_3_9,CHGA_A4F,with_flanks,signal_or_junction,504,8,15,26
leader_3_9,CHGA_A4F,with_flanks,position17_containing,266,2,4,9
leader_3_9,CHGA_A4G,with_flanks,leader,266,6,9,15
leader_3_9,CHGA_A4G,with_flanks,signal_or_junction,504,8,12,22
leader_3_9,CHGA_A4G,with_flanks,position17_containing,266,2,4,9
leader_3_9,CHGA_A4H,with_flanks,leader,266,8,13,20
leader_3_9,CHGA_A4H,with_flanks,signal_or_junction,504,10,16,27
leader_3_9,CHGA_A4H,with_flanks,position17_containing,266,2,4,9
leader_3_9,CHGA_A4I,with_flanks,leader,266,6,10,19
leader_3_9,CHGA_A4I,with_flanks,signal_or_junction,504,8,13,26
leader_3_9,CHGA_A4I,with_flanks,position17_containing,266,2,4,9
leader_3_9,CHGA_A4K,with_flanks,leader,266,4,10,15
leader_3_9,CHGA_A4K,with_flanks,signal_or_junction,504,6,13,22
leader_3_9,CHGA_A4K,with_flanks,position17_containing,266,2,4,9
leader_3_9,CHGA_A4L,with_flanks,leader,266,5,11,18
leader_3_9,CHGA_A4L,with_flanks,signal_or_junction,504,7,14,25
leader_3_9,CHGA_A4L,with_flanks,position17_containing,266,2,4,9
leader_3_9,CHGA_A4M,with_flanks,leader,266,6,13,21
leader_3_9,CHGA_A4M,with_flanks,signal_or_junction,504,8,16,28
leader_3_9,CHGA_A4M,with_flanks,position17_containing,266,2,4,9
leader_3_9,CHGA_A4N,with_flanks,leader,266,6,12,19
leader_3_9,CHGA_A4N,with_flanks,signal_or_junction,504,8,15,26
leader_3_9,CHGA_A4N,with_flanks,position17_containing,266,2,4,9
leader_3_9,CHGA_A4P,with_flanks,leader,266,6,11,19
leader_3_9,CHGA_A4P,with_flanks,signal_or_junction,504,8,14,26
leader_3_9,CHGA_A4P,with_flanks,position17_containing,266,2,4,9
leader_3_9,CHGA_A4Q,with_flanks,leader,266,6,12,18
leader_3_9,CHGA_A4Q,with_flanks,signal_or_junction,504,8,15,25
leader_3_9,CHGA_A4Q,with_flanks,position17_containing,266,2,4,9
leader_3_9,CHGA_A4R,with_flanks,leader,266,4,10,16
leader_3_9,CHGA_A4R,with_flanks,signal_or_junction,504,6,13,23
leader_3_9,CHGA_A4R,with_flanks,position17_containing,266,2,4,9
leader_3_9,CHGA_A4S,with_flanks,leader,266,8,13,20
leader_3_9,CHGA_A4S,with_flanks,signal_or_junction,504,10,16,27
leader_3_9,CHGA_A4S,with_flanks,position17_containing,266,2,4,9
leader_3_9,CHGA_A4T,with_flanks,leader,266,7,10,19
leader_3_9,CHGA_A4T,with_flanks,signal_or_junction,504,9,13,26
leader_3_9,CHGA_A4T,with_flanks,position17_containing,266,2,4,9
leader_3_9,CHGA_A4V,with_flanks,leader,266,6,11,18
leader_3_9,CHGA_A4V,with_flanks,signal_or_junction,504,8,14,25
leader_3_9,CHGA_A4V,with_flanks,position17_containing,266,2,4,9
leader_3_9,CHGA_A4W,with_flanks,leader,266,3,11,14
leader_3_9,CHGA_A4W,with_flanks,signal_or_junction,504,5,14,21
leader_3_9,CHGA_A4W,with_flanks,position17_containing,266,2,4,9
leader_3_9,CHGA_A4Y,with_flanks,leader,266,8,12,21
leader_3_9,CHGA_A4Y,with_flanks,signal_or_junction,504,10,15,28
leader_3_9,CHGA_A4Y,with_flanks,position17_containing,266,2,4,9
leader_3_9,CHGA_A5C,with_flanks,leader,266,4,11,16
leader_3_9,CHGA_A5C,with_flanks,signal_or_junction,504,6,14,23
leader_3_9,CHGA_A5C,with_flanks,position17_containing,266,2,4,9
leader_3_9,CHGA_A5D,with_flanks,leader,266,11,17,22
leader_3_9,CHGA_A5D,with_flanks,signal_or_junction,504,13,20,29
leader_3_9,CHGA_A5D,with_flanks,position17_containing,266,2,4,9
leader_3_9,CHGA_A5E,with_flanks,leader,266,8,16,22
leader_3_9,CHGA_A5E,with_flanks,signal_or_junction,504,10,19,29
leader_3_9,CHGA_A5E,with_flanks,position17_containing,266,2,4,9
leader_3_9,CHGA_A5F,with_flanks,leader,266,8,14,20
leader_3_9,CHGA_A5F,with_flanks,signal_or_junction,504,10,17,27
leader_3_9,CHGA_A5F,with_flanks,position17_containing,266,2,4,9
leader_3_9,CHGA_A5G,with_flanks,leader,266,8,15,20
leader_3_9,CHGA_A5G,with_flanks,signal_or_junction,504,10,18,27
leader_3_9,CHGA_A5G,with_flanks,position17_containing,266,2,4,9
leader_3_9,CHGA_A5H,with_flanks,leader,266,11,14,22
leader_3_9,CHGA_A5H,with_flanks,signal_or_junction,504,13,17,29
leader_3_9,CHGA_A5H,with_flanks,position17_containing,266,2,4,9
leader_3_9,CHGA_A5I,with_flanks,leader,266,6,12,19
leader_3_9,CHGA_A5I,with_flanks,signal_or_junction,504,8,15,26
leader_3_9,CHGA_A5I,with_flanks,position17_containing,266,2,4,9
leader_3_9,CHGA_A5K,with_flanks,leader,266,8,11,22
leader_3_9,CHGA_A5K,with_flanks,signal_or_junction,504,10,14,29
leader_3_9,CHGA_A5K,with_flanks,position17_containing,266,2,4,9
leader_3_9,CHGA_A5L,with_flanks,leader,266,6,11,19
leader_3_9,CHGA_A5L,with_flanks,signal_or_junction,504,8,14,26
leader_3_9,CHGA_A5L,with_flanks,position17_containing,266,2,4,9
leader_3_9,CHGA_A5M,with_flanks,leader,266,7,12,19
leader_3_9,CHGA_A5M,with_flanks,signal_or_junction,504,9,15,26
leader_3_9,CHGA_A5M,with_flanks,position17_containing,266,2,4,9
leader_3_9,CHGA_A5N,with_flanks,leader,266,9,16,18
leader_3_9,CHGA_A5N,with_flanks,signal_or_junction,504,11,19,25
leader_3_9,CHGA_A5N,with_flanks,position17_containing,266,2,4,9
leader_3_9,CHGA_A5P,with_flanks,leader,266,12,17,21
leader_3_9,CHGA_A5P,with_flanks,signal_or_junction,504,14,20,28
leader_3_9,CHGA_A5P,with_flanks,position17_containing,266,2,4,9
leader_3_9,CHGA_A5Q,with_flanks,leader,266,7,14,19
leader_3_9,CHGA_A5Q,with_flanks,signal_or_junction,504,9,17,26
leader_3_9,CHGA_A5Q,with_flanks,position17_containing,266,2,4,9
leader_3_9,CHGA_A5R,with_flanks,leader,266,6,13,19
leader_3_9,CHGA_A5R,with_flanks,signal_or_junction,504,8,16,26
leader_3_9,CHGA_A5R,with_flanks,position17_containing,266,2,4,9
leader_3_9,CHGA_A5S,with_flanks,leader,266,8,15,21
leader_3_9,CHGA_A5S,with_flanks,signal_or_junction,504,10,18,28
leader_3_9,CHGA_A5S,with_flanks,position17_containing,266,2,4,9
leader_3_9,CHGA_A5T,with_flanks,leader,266,7,14,19
leader_3_9,CHGA_A5T,with_flanks,signal_or_junction,504,9,17,26
leader_3_9,CHGA_A5T,with_flanks,position17_containing,266,2,4,9
leader_3_9,CHGA_A5V,with_flanks,leader,266,7,12,19
leader_3_9,CHGA_A5V,with_flanks,signal_or_junction,504,9,15,26
leader_3_9,CHGA_A5V,with_flanks,position17_containing,266,2,4,9
leader_3_9,CHGA_A5W,with_flanks,leader,266,7,11,17
leader_3_9,CHGA_A5W,with_flanks,signal_or_junction,504,9,14,24
leader_3_9,CHGA_A5W,with_flanks,position17_containing,266,2,4,9
leader_3_9,CHGA_A5Y,with_flanks,leader,266,9,15,20
leader_3_9,CHGA_A5Y,with_flanks,signal_or_junction,504,11,18,27
leader_3_9,CHGA_A5Y,with_flanks,position17_containing,266,2,4,9
leader_3_9,CHGA_V6A,with_flanks,leader,266,8,14,22
leader_3_9,CHGA_V6A,with_flanks,signal_or_junction,504,10,17,29
leader_3_9,CHGA_V6A,with_flanks,position17_containing,266,2,4,9
leader_3_9,CHGA_V6C,with_flanks,leader,266,6,10,18
leader_3_9,CHGA_V6C,with_flanks,signal_or_junction,504,8,13,25
leader_3_9,CHGA_V6C,with_flanks,position17_containing,266,2,4,9
leader_3_9,CHGA_V6D,with_flanks,leader,266,6,13,22
leader_3_9,CHGA_V6D,with_flanks,signal_or_junction,504,8,16,29
leader_3_9,CHGA_V6D,with_flanks,position17_containing,266,2,4,9
leader_3_9,CHGA_V6E,with_flanks,leader,266,7,15,21
leader_3_9,CHGA_V6E,with_flanks,signal_or_junction,504,9,18,28
leader_3_9,CHGA_V6E,with_flanks,position17_containing,266,2,4,9
leader_3_9,CHGA_V6F,with_flanks,leader,266,9,13,20
leader_3_9,CHGA_V6F,with_flanks,signal_or_junction,504,11,16,27
leader_3_9,CHGA_V6F,with_flanks,position17_containing,266,2,4,9
leader_3_9,CHGA_V6G,with_flanks,leader,266,9,15,23
leader_3_9,CHGA_V6G,with_flanks,signal_or_junction,504,11,18,30
leader_3_9,CHGA_V6G,with_flanks,position17_containing,266,2,4,9
leader_3_9,CHGA_V6H,with_flanks,leader,266,10,16,22
leader_3_9,CHGA_V6H,with_flanks,signal_or_junction,504,12,19,29
leader_3_9,CHGA_V6H,with_flanks,position17_containing,266,2,4,9
leader_3_9,CHGA_V6I,with_flanks,leader,266,9,15,20
leader_3_9,CHGA_V6I,with_flanks,signal_or_junction,504,11,18,27
leader_3_9,CHGA_V6I,with_flanks,position17_containing,266,2,4,9
leader_3_9,CHGA_V6K,with_flanks,leader,266,9,11,18
leader_3_9,CHGA_V6K,with_flanks,signal_or_junction,504,11,14,25
leader_3_9,CHGA_V6K,with_flanks,position17_containing,266,2,4,9
leader_3_9,CHGA_V6L,with_flanks,leader,266,9,14,20
leader_3_9,CHGA_V6L,with_flanks,signal_or_junction,504,11,17,27
leader_3_9,CHGA_V6L,with_flanks,position17_containing,266,2,4,9
leader_3_9,CHGA_V6M,with_flanks,leader,266,7,12,18
leader_3_9,CHGA_V6M,with_flanks,signal_or_junction,504,9,15,25
leader_3_9,CHGA_V6M,with_flanks,position17_containing,266,2,4,9
leader_3_9,CHGA_V6N,with_flanks,leader,266,5,14,19
leader_3_9,CHGA_V6N,with_flanks,signal_or_junction,504,7,17,26
leader_3_9,CHGA_V6N,with_flanks,position17_containing,266,2,4,9
leader_3_9,CHGA_V6P,with_flanks,leader,266,13,18,24
leader_3_9,CHGA_V6P,with_flanks,signal_or_junction,504,15,21,31
leader_3_9,CHGA_V6P,with_flanks,position17_containing,266,2,4,9
leader_3_9,CHGA_V6Q,with_flanks,leader,266,7,13,19
leader_3_9,CHGA_V6Q,with_flanks,signal_or_junction,504,9,16,26
leader_3_9,CHGA_V6Q,with_flanks,position17_containing,266,2,4,9
leader_3_9,CHGA_V6R,with_flanks,leader,266,7,12,21
leader_3_9,CHGA_V6R,with_flanks,signal_or_junction,504,9,15,28
leader_3_9,CHGA_V6R,with_flanks,position17_containing,266,2,4,9
leader_3_9,CHGA_V6S,with_flanks,leader,266,5,14,18
leader_3_9,CHGA_V6S,with_flanks,signal_or_junction,504,7,17,25
leader_3_9,CHGA_V6S,with_flanks,position17_containing,266,2,4,9
leader_3_9,CHGA_V6T,with_flanks,leader,266,8,12,20
leader_3_9,CHGA_V6T,with_flanks,signal_or_junction,504,10,15,27
leader_3_9,CHGA_V6T,with_flanks,position17_containing,266,2,4,9
leader_3_9,CHGA_V6W,with_flanks,leader,266,7,16,22
leader_3_9,CHGA_V6W,with_flanks,signal_or_junction,504,9,19,29
leader_3_9,CHGA_V6W,with_flanks,position17_containing,266,2,4,9
leader_3_9,CHGA_V6Y,with_flanks,leader,266,8,13,19
leader_3_9,CHGA_V6Y,with_flanks,signal_or_junction,504,10,16,26
leader_3_9,CHGA_V6Y,with_flanks,position17_containing,266,2,4,9
leader_3_9,CHGA_L7A,with_flanks,leader,266,11,14,20
leader_3_9,CHGA_L7A,with_flanks,signal_or_junction,504,13,17,27
leader_3_9,CHGA_L7A,with_flanks,position17_containing,266,2,4,9
leader_3_9,CHGA_L7C,with_flanks,leader,266,4,12,19
leader_3_9,CHGA_L7C,with_flanks,signal_or_junction,504,6,15,26
leader_3_9,CHGA_L7C,with_flanks,position17_containing,266,2,4,9
leader_3_9,CHGA_L7D,with_flanks,leader,266,4,9,18
leader_3_9,CHGA_L7D,with_flanks,signal_or_junction,504,6,12,25
leader_3_9,CHGA_L7D,with_flanks,position17_containing,266,2,4,9
leader_3_9,CHGA_L7E,with_flanks,leader,266,5,12,16
leader_3_9,CHGA_L7E,with_flanks,signal_or_junction,504,7,15,23
leader_3_9,CHGA_L7E,with_flanks,position17_containing,266,2,4,9
leader_3_9,CHGA_L7F,with_flanks,leader,266,11,14,22
leader_3_9,CHGA_L7F,with_flanks,signal_or_junction,504,13,17,29
leader_3_9,CHGA_L7F,with_flanks,position17_containing,266,2,4,9
leader_3_9,CHGA_L7G,with_flanks,leader,266,10,13,19
leader_3_9,CHGA_L7G,with_flanks,signal_or_junction,504,12,16,26
leader_3_9,CHGA_L7G,with_flanks,position17_containing,266,2,4,9
leader_3_9,CHGA_L7H,with_flanks,leader,266,11,17,24
leader_3_9,CHGA_L7H,with_flanks,signal_or_junction,504,13,20,31
leader_3_9,CHGA_L7H,with_flanks,position17_containing,266,2,4,9
leader_3_9,CHGA_L7I,with_flanks,leader,266,11,17,24
leader_3_9,CHGA_L7I,with_flanks,signal_or_junction,504,13,20,31
leader_3_9,CHGA_L7I,with_flanks,position17_containing,266,2,4,9
leader_3_9,CHGA_L7K,with_flanks,leader,266,10,14,19
leader_3_9,CHGA_L7K,with_flanks,signal_or_junction,504,12,17,26
leader_3_9,CHGA_L7K,with_flanks,position17_containing,266,2,4,9
leader_3_9,CHGA_L7M,with_flanks,leader,266,7,15,20
leader_3_9,CHGA_L7M,with_flanks,signal_or_junction,504,9,18,27
leader_3_9,CHGA_L7M,with_flanks,position17_containing,266,2,4,9
leader_3_9,CHGA_L7N,with_flanks,leader,266,9,14,20
leader_3_9,CHGA_L7N,with_flanks,signal_or_junction,504,11,17,27
leader_3_9,CHGA_L7N,with_flanks,position17_containing,266,2,4,9
leader_3_9,CHGA_L7P,with_flanks,leader,266,11,14,23
leader_3_9,CHGA_L7P,with_flanks,signal_or_junction,504,13,17,30
leader_3_9,CHGA_L7P,with_flanks,position17_containing,266,2,4,9
leader_3_9,CHGA_L7Q,with_flanks,leader,266,8,13,20
leader_3_9,CHGA_L7Q,with_flanks,signal_or_junction,504,10,16,27
leader_3_9,CHGA_L7Q,with_flanks,position17_containing,266,2,4,9
leader_3_9,CHGA_L7R,with_flanks,leader,266,10,15,21
leader_3_9,CHGA_L7R,with_flanks,signal_or_junction,504,12,18,28
leader_3_9,CHGA_L7R,with_flanks,position17_containing,266,2,4,9
leader_3_9,CHGA_L7S,with_flanks,leader,266,9,14,20
leader_3_9,CHGA_L7S,with_flanks,signal_or_junction,504,11,17,27
leader_3_9,CHGA_L7S,with_flanks,position17_containing,266,2,4,9
leader_3_9,CHGA_L7T,with_flanks,leader,266,11,16,22
leader_3_9,CHGA_L7T,with_flanks,signal_or_junction,504,13,19,29
leader_3_9,CHGA_L7T,with_flanks,position17_containing,266,2,4,9
leader_3_9,CHGA_L7V,with_flanks,leader,266,11,18,24
leader_3_9,CHGA_L7V,with_flanks,signal_or_junction,504,13,21,31
leader_3_9,CHGA_L7V,with_flanks,position17_containing,266,2,4,9
leader_3_9,CHGA_L7W,with_flanks,leader,266,4,12,21
leader_3_9,CHGA_L7W,with_flanks,signal_or_junction,504,6,15,28
leader_3_9,CHGA_L7W,with_flanks,position17_containing,266,2,4,9
leader_3_9,CHGA_L7Y,with_flanks,leader,266,8,14,20
leader_3_9,CHGA_L7Y,with_flanks,signal_or_junction,504,10,17,27
leader_3_9,CHGA_L7Y,with_flanks,position17_containing,266,2,4,9
leader_3_9,CHGA_A8C,with_flanks,leader,266,6,9,17
leader_3_9,CHGA_A8C,with_flanks,signal_or_junction,504,8,12,24
leader_3_9,CHGA_A8C,with_flanks,position17_containing,266,2,4,9
leader_3_9,CHGA_A8D,with_flanks,leader,266,6,9,15
leader_3_9,CHGA_A8D,with_flanks,signal_or_junction,504,8,12,22
leader_3_9,CHGA_A8D,with_flanks,position17_containing,266,2,4,9
leader_3_9,CHGA_A8E,with_flanks,leader,266,8,13,20
leader_3_9,CHGA_A8E,with_flanks,signal_or_junction,504,10,16,27
leader_3_9,CHGA_A8E,with_flanks,position17_containing,266,2,4,9
leader_3_9,CHGA_A8F,with_flanks,leader,266,10,13,25
leader_3_9,CHGA_A8F,with_flanks,signal_or_junction,504,12,16,32
leader_3_9,CHGA_A8F,with_flanks,position17_containing,266,2,4,10
leader_3_9,CHGA_A8G,with_flanks,leader,266,5,12,17
leader_3_9,CHGA_A8G,with_flanks,signal_or_junction,504,7,15,24
leader_3_9,CHGA_A8G,with_flanks,position17_containing,266,2,4,9
leader_3_9,CHGA_A8H,with_flanks,leader,266,11,16,23
leader_3_9,CHGA_A8H,with_flanks,signal_or_junction,504,13,19,30
leader_3_9,CHGA_A8H,with_flanks,position17_containing,266,2,4,9
leader_3_9,CHGA_A8I,with_flanks,leader,266,11,15,24
leader_3_9,CHGA_A8I,with_flanks,signal_or_junction,504,13,18,31
leader_3_9,CHGA_A8I,with_flanks,position17_containing,266,2,4,9
leader_3_9,CHGA_A8K,with_flanks,leader,266,7,14,21
leader_3_9,CHGA_A8K,with_flanks,signal_or_junction,504,9,17,28
leader_3_9,CHGA_A8K,with_flanks,position17_containing,266,2,4,9
leader_3_9,CHGA_A8L,with_flanks,leader,266,11,17,26
leader_3_9,CHGA_A8L,with_flanks,signal_or_junction,504,13,20,33
leader_3_9,CHGA_A8L,with_flanks,position17_containing,266,2,4,9
leader_3_9,CHGA_A8M,with_flanks,leader,266,9,13,23
leader_3_9,CHGA_A8M,with_flanks,signal_or_junction,504,11,16,30
leader_3_9,CHGA_A8M,with_flanks,position17_containing,266,2,4,9
leader_3_9,CHGA_A8N,with_flanks,leader,266,6,14,20
leader_3_9,CHGA_A8N,with_flanks,signal_or_junction,504,8,17,27
leader_3_9,CHGA_A8N,with_flanks,position17_containing,266,2,4,9
leader_3_9,CHGA_A8P,with_flanks,leader,266,11,15,23
leader_3_9,CHGA_A8P,with_flanks,signal_or_junction,504,13,18,30
leader_3_9,CHGA_A8P,with_flanks,position17_containing,266,2,4,9
leader_3_9,CHGA_A8Q,with_flanks,leader,266,8,13,21
leader_3_9,CHGA_A8Q,with_flanks,signal_or_junction,504,10,16,28
leader_3_9,CHGA_A8Q,with_flanks,position17_containing,266,2,4,9
leader_3_9,CHGA_A8R,with_flanks,leader,266,8,13,21
leader_3_9,CHGA_A8R,with_flanks,signal_or_junction,504,10,16,28
leader_3_9,CHGA_A8R,with_flanks,position17_containing,266,2,4,9
leader_3_9,CHGA_A8S,with_flanks,leader,266,7,13,20
leader_3_9,CHGA_A8S,with_flanks,signal_or_junction,504,9,16,27
leader_3_9,CHGA_A8S,with_flanks,position17_containing,266,2,4,9
leader_3_9,CHGA_A8T,with_flanks,leader,266,9,15,24
leader_3_9,CHGA_A8T,with_flanks,signal_or_junction,504,11,18,31
leader_3_9,CHGA_A8T,with_flanks,position17_containing,266,2,4,9
leader_3_9,CHGA_A8V,with_flanks,leader,266,9,17,24
leader_3_9,CHGA_A8V,with_flanks,signal_or_junction,504,11,20,31
leader_3_9,CHGA_A8V,with_flanks,position17_containing,266,2,4,9
leader_3_9,CHGA_A8W,with_flanks,leader,266,6,9,14
leader_3_9,CHGA_A8W,with_flanks,signal_or_junction,504,8,12,21
leader_3_9,CHGA_A8W,with_flanks,position17_containing,266,2,4,9
leader_3_9,CHGA_A8Y,with_flanks,leader,266,10,13,22
leader_3_9,CHGA_A8Y,with_flanks,signal_or_junction,504,12,16,29
leader_3_9,CHGA_A8Y,with_flanks,position17_containing,266,2,4,9
leader_3_9,CHGA_L9A,with_flanks,leader,266,6,11,14
leader_3_9,CHGA_L9A,with_flanks,signal_or_junction,504,8,14,21
leader_3_9,CHGA_L9A,with_flanks,position17_containing,266,2,4,9
leader_3_9,CHGA_L9C,with_flanks,leader,266,2,6,12
leader_3_9,CHGA_L9C,with_flanks,signal_or_junction,504,4,9,20
leader_3_9,CHGA_L9C,with_flanks,position17_containing,266,2,4,9
leader_3_9,CHGA_L9D,with_flanks,leader,266,2,6,12
leader_3_9,CHGA_L9D,with_flanks,signal_or_junction,504,4,9,19
leader_3_9,CHGA_L9D,with_flanks,position17_containing,266,2,4,8
leader_3_9,CHGA_L9E,with_flanks,leader,266,8,14,18
leader_3_9,CHGA_L9E,with_flanks,signal_or_junction,504,10,17,25
leader_3_9,CHGA_L9E,with_flanks,position17_containing,266,3,6,11
leader_3_9,CHGA_L9F,with_flanks,leader,266,7,11,17
leader_3_9,CHGA_L9F,with_flanks,signal_or_junction,504,9,14,24
leader_3_9,CHGA_L9F,with_flanks,position17_containing,266,2,5,10
leader_3_9,CHGA_L9G,with_flanks,leader,266,2,7,13
leader_3_9,CHGA_L9G,with_flanks,signal_or_junction,504,4,10,20
leader_3_9,CHGA_L9G,with_flanks,position17_containing,266,2,4,9
leader_3_9,CHGA_L9H,with_flanks,leader,266,10,13,19
leader_3_9,CHGA_L9H,with_flanks,signal_or_junction,504,12,16,26
leader_3_9,CHGA_L9H,with_flanks,position17_containing,266,2,4,9
leader_3_9,CHGA_L9I,with_flanks,leader,266,7,11,16
leader_3_9,CHGA_L9I,with_flanks,signal_or_junction,504,9,14,23
leader_3_9,CHGA_L9I,with_flanks,position17_containing,266,2,4,9
leader_3_9,CHGA_L9K,with_flanks,leader,266,10,13,20
leader_3_9,CHGA_L9K,with_flanks,signal_or_junction,504,12,16,27
leader_3_9,CHGA_L9K,with_flanks,position17_containing,266,2,5,9
leader_3_9,CHGA_L9M,with_flanks,leader,266,7,13,20
leader_3_9,CHGA_L9M,with_flanks,signal_or_junction,504,9,16,27
leader_3_9,CHGA_L9M,with_flanks,position17_containing,266,2,5,9
leader_3_9,CHGA_L9N,with_flanks,leader,266,6,12,13
leader_3_9,CHGA_L9N,with_flanks,signal_or_junction,504,8,15,20
leader_3_9,CHGA_L9N,with_flanks,position17_containing,266,2,4,8
leader_3_9,CHGA_L9P,with_flanks,leader,266,3,9,17
leader_3_9,CHGA_L9P,with_flanks,signal_or_junction,504,5,12,24
leader_3_9,CHGA_L9P,with_flanks,position17_containing,266,2,4,8
leader_3_9,CHGA_L9Q,with_flanks,leader,266,8,11,15
leader_3_9,CHGA_L9Q,with_flanks,signal_or_junction,504,10,14,22
leader_3_9,CHGA_L9Q,with_flanks,position17_containing,266,2,4,8
leader_3_9,CHGA_L9R,with_flanks,leader,266,8,13,20
leader_3_9,CHGA_L9R,with_flanks,signal_or_junction,504,10,16,27
leader_3_9,CHGA_L9R,with_flanks,position17_containing,266,2,5,9
leader_3_9,CHGA_L9S,with_flanks,leader,266,5,12,13
leader_3_9,CHGA_L9S,with_flanks,signal_or_junction,504,7,15,20
leader_3_9,CHGA_L9S,with_flanks,position17_containing,266,2,5,9
leader_3_9,CHGA_L9T,with_flanks,leader,266,8,13,18
leader_3_9,CHGA_L9T,with_flanks,signal_or_junction,504,10,16,25
leader_3_9,CHGA_L9T,with_flanks,position17_containing,266,2,4,9
leader_3_9,CHGA_L9V,with_flanks,leader,266,8,11,17
leader_3_9,CHGA_L9V,with_flanks,signal_or_junction,504,10,14,24
leader_3_9,CHGA_L9V,with_flanks,position17_containing,266,2,4,9
leader_3_9,CHGA_L9W,with_flanks,leader,266,3,8,11
leader_3_9,CHGA_L9W,with_flanks,signal_or_junction,504,5,11,19
leader_3_9,CHGA_L9W,with_flanks,position17_containing,266,2,4,10
leader_3_9,CHGA_L9Y,with_flanks,leader,266,8,11,16
leader_3_9,CHGA_L9Y,with_flanks,signal_or_junction,504,10,14,23
leader_3_9,CHGA_L9Y,with_flanks,position17_containing,266,2,5,9
leader_3_9,CANONICAL_CHGA18_INS25_BASELINE,without_flanks,leader,266,2,10,16
leader_3_9,CANONICAL_CHGA18_INS25_BASELINE,without_flanks,signal_or_junction,504,4,12,21
leader_3_9,CANONICAL_CHGA18_INS25_BASELINE,without_flanks,position17_containing,266,2,3,7
leader_3_9,CHGA_S3A,without_flanks,leader,266,3,10,17
leader_3_9,CHGA_S3A,without_flanks,signal_or_junction,504,5,12,22
leader_3_9,CHGA_S3A,without_flanks,position17_containing,266,2,3,7
leader_3_9,CHGA_S3C,without_flanks,leader,266,1,6,10
leader_3_9,CHGA_S3C,without_flanks,signal_or_junction,504,3,8,15
leader_3_9,CHGA_S3C,without_flanks,position17_containing,266,2,3,7
leader_3_9,CHGA_S3D,without_flanks,leader,266,2,8,14
leader_3_9,CHGA_S3D,without_flanks,signal_or_junction,504,4,10,19
leader_3_9,CHGA_S3D,without_flanks,position17_containing,266,2,3,7
leader_3_9,CHGA_S3E,without_flanks,leader,266,7,11,16
leader_3_9,CHGA_S3E,without_flanks,signal_or_junction,504,9,13,21
leader_3_9,CHGA_S3E,without_flanks,position17_containing,266,2,3,7
leader_3_9,CHGA_S3F,without_flanks,leader,266,5,10,15
leader_3_9,CHGA_S3F,without_flanks,signal_or_junction,504,7,12,20
leader_3_9,CHGA_S3F,without_flanks,position17_containing,266,2,3,7
leader_3_9,CHGA_S3G,without_flanks,leader,266,1,6,11
leader_3_9,CHGA_S3G,without_flanks,signal_or_junction,504,3,8,16
leader_3_9,CHGA_S3G,without_flanks,position17_containing,266,2,3,7
leader_3_9,CHGA_S3H,without_flanks,leader,266,4,10,16
leader_3_9,CHGA_S3H,without_flanks,signal_or_junction,504,6,12,21
leader_3_9,CHGA_S3H,without_flanks,position17_containing,266,2,3,7
leader_3_9,CHGA_S3I,without_flanks,leader,266,4,9,13
leader_3_9,CHGA_S3I,without_flanks,signal_or_junction,504,6,11,18
leader_3_9,CHGA_S3I,without_flanks,position17_containing,266,2,3,7
leader_3_9,CHGA_S3K,without_flanks,leader,266,2,8,14
leader_3_9,CHGA_S3K,without_flanks,signal_or_junction,504,4,10,19
leader_3_9,CHGA_S3K,without_flanks,position17_containing,266,2,3,7
leader_3_9,CHGA_S3L,without_flanks,leader,266,2,9,15
leader_3_9,CHGA_S3L,without_flanks,signal_or_junction,504,4,11,20
leader_3_9,CHGA_S3L,without_flanks,position17_containing,266,2,3,7
leader_3_9,CHGA_S3M,without_flanks,leader,266,4,10,16
leader_3_9,CHGA_S3M,without_flanks,signal_or_junction,504,6,12,21
leader_3_9,CHGA_S3M,without_flanks,position17_containing,266,2,3,7
leader_3_9,CHGA_S3N,without_flanks,leader,266,2,9,12
leader_3_9,CHGA_S3N,without_flanks,signal_or_junction,504,4,11,17
leader_3_9,CHGA_S3N,without_flanks,position17_containing,266,2,3,7
leader_3_9,CHGA_S3P,without_flanks,leader,266,3,6,14
leader_3_9,CHGA_S3P,without_flanks,signal_or_junction,504,5,8,19
leader_3_9,CHGA_S3P,without_flanks,position17_containing,266,2,3,7
leader_3_9,CHGA_S3Q,without_flanks,leader,266,3,9,16
leader_3_9,CHGA_S3Q,without_flanks,signal_or_junction,504,5,11,21
leader_3_9,CHGA_S3Q,without_flanks,position17_containing,266,2,3,7
leader_3_9,CHGA_S3R,without_flanks,leader,266,5,10,14
leader_3_9,CHGA_S3R,without_flanks,signal_or_junction,504,7,12,19
leader_3_9,CHGA_S3R,without_flanks,position17_containing,266,2,3,7
leader_3_9,CHGA_S3T,without_flanks,leader,266,2,10,15
leader_3_9,CHGA_S3T,without_flanks,signal_or_junction,504,4,12,20
leader_3_9,CHGA_S3T,without_flanks,position17_containing,266,2,3,7
leader_3_9,CHGA_S3V,without_flanks,leader,266,3,9,15
leader_3_9,CHGA_S3V,without_flanks,signal_or_junction,504,5,11,20
leader_3_9,CHGA_S3V,without_flanks,position17_containing,266,2,3,7
leader_3_9,CHGA_S3W,without_flanks,leader,266,2,7,12
leader_3_9,CHGA_S3W,without_flanks,signal_or_junction,504,4,9,17
leader_3_9,CHGA_S3W,without_flanks,position17_containing,266,2,3,7
leader_3_9,CHGA_S3Y,without_flanks,leader,266,6,12,16
leader_3_9,CHGA_S3Y,without_flanks,signal_or_junction,504,8,14,21
leader_3_9,CHGA_S3Y,without_flanks,position17_containing,266,2,3,7
leader_3_9,CHGA_A4C,without_flanks,leader,266,1,5,11
leader_3_9,CHGA_A4C,without_flanks,signal_or_junction,504,3,7,16
leader_3_9,CHGA_A4C,without_flanks,position17_containing,266,2,3,7
leader_3_9,CHGA_A4D,without_flanks,leader,266,5,9,15
leader_3_9,CHGA_A4D,without_flanks,signal_or_junction,504,7,11,20
leader_3_9,CHGA_A4D,without_flanks,position17_containing,266,2,3,7
leader_3_9,CHGA_A4E,without_flanks,leader,266,4,10,14
leader_3_9,CHGA_A4E,without_flanks,signal_or_junction,504,6,12,19
leader_3_9,CHGA_A4E,without_flanks,position17_containing,266,2,3,7
leader_3_9,CHGA_A4F,without_flanks,leader,266,1,9,12
leader_3_9,CHGA_A4F,without_flanks,signal_or_junction,504,3,11,17
leader_3_9,CHGA_A4F,without_flanks,position17_containing,266,2,3,7
leader_3_9,CHGA_A4G,without_flanks,leader,266,2,7,13
leader_3_9,CHGA_A4G,without_flanks,signal_or_junction,504,4,9,18
leader_3_9,CHGA_A4G,without_flanks,position17_containing,266,2,3,7
leader_3_9,CHGA_A4H,without_flanks,leader,266,2,9,14
leader_3_9,CHGA_A4H,without_flanks,signal_or_junction,504,4,11,19
leader_3_9,CHGA_A4H,without_flanks,position17_containing,266,2,3,7
leader_3_9,CHGA_A4I,without_flanks,leader,266,1,7,12
leader_3_9,CHGA_A4I,without_flanks,signal_or_junction,504,3,9,17
leader_3_9,CHGA_A4I,without_flanks,position17_containing,266,2,3,7
leader_3_9,CHGA_A4K,without_flanks,leader,266,1,6,13
leader_3_9,CHGA_A4K,without_flanks,signal_or_junction,504,3,8,18
leader_3_9,CHGA_A4K,without_flanks,position17_containing,266,2,3,7
leader_3_9,CHGA_A4L,without_flanks,leader,266,2,5,12
leader_3_9,CHGA_A4L,without_flanks,signal_or_junction,504,4,7,17
leader_3_9,CHGA_A4L,without_flanks,position17_containing,266,2,3,7
leader_3_9,CHGA_A4M,without_flanks,leader,266,2,9,13
leader_3_9,CHGA_A4M,without_flanks,signal_or_junction,504,4,11,18
leader_3_9,CHGA_A4M,without_flanks,position17_containing,266,2,3,7
leader_3_9,CHGA_A4N,without_flanks,leader,266,2,9,12
leader_3_9,CHGA_A4N,without_flanks,signal_or_junction,504,4,11,17
leader_3_9,CHGA_A4N,without_flanks,position17_containing,266,2,3,7
leader_3_9,CHGA_A4P,without_flanks,leader,266,4,9,16
leader_3_9,CHGA_A4P,without_flanks,signal_or_junction,504,6,11,21
leader_3_9,CHGA_A4P,without_flanks,position17_containing,266,2,3,7
leader_3_9,CHGA_A4Q,without_flanks,leader,266,1,7,15
leader_3_9,CHGA_A4Q,without_flanks,signal_or_junction,504,3,9,20
leader_3_9,CHGA_A4Q,without_flanks,position17_containing,266,2,3,7
leader_3_9,CHGA_A4R,without_flanks,leader,266,2,6,12
leader_3_9,CHGA_A4R,without_flanks,signal_or_junction,504,4,8,17
leader_3_9,CHGA_A4R,without_flanks,position17_containing,266,2,3,7
leader_3_9,CHGA_A4S,without_flanks,leader,266,1,9,15
leader_3_9,CHGA_A4S,without_flanks,signal_or_junction,504,3,11,20
leader_3_9,CHGA_A4S,without_flanks,position17_containing,266,2,3,7
leader_3_9,CHGA_A4T,without_flanks,leader,266,1,7,13
leader_3_9,CHGA_A4T,without_flanks,signal_or_junction,504,3,9,18
leader_3_9,CHGA_A4T,without_flanks,position17_containing,266,2,3,7
leader_3_9,CHGA_A4V,without_flanks,leader,266,1,6,13
leader_3_9,CHGA_A4V,without_flanks,signal_or_junction,504,3,8,18
leader_3_9,CHGA_A4V,without_flanks,position17_containing,266,2,3,7
leader_3_9,CHGA_A4W,without_flanks,leader,266,1,5,12
leader_3_9,CHGA_A4W,without_flanks,signal_or_junction,504,3,7,17
leader_3_9,CHGA_A4W,without_flanks,position17_containing,266,2,3,7
leader_3_9,CHGA_A4Y,without_flanks,leader,266,2,9,13
leader_3_9,CHGA_A4Y,without_flanks,signal_or_junction,504,4,11,18
leader_3_9,CHGA_A4Y,without_flanks,position17_containing,266,2,3,7
leader_3_9,CHGA_A5C,without_flanks,leader,266,2,6,13
leader_3_9,CHGA_A5C,without_flanks,signal_or_junction,504,4,8,18
leader_3_9,CHGA_A5C,without_flanks,position17_containing,266,2,3,7
leader_3_9,CHGA_A5D,without_flanks,leader,266,7,13,19
leader_3_9,CHGA_A5D,without_flanks,signal_or_junction,504,9,15,24
leader_3_9,CHGA_A5D,without_flanks,position17_containing,266,2,3,7
leader_3_9,CHGA_A5E,without_flanks,leader,266,6,14,21
leader_3_9,CHGA_A5E,without_flanks,signal_or_junction,504,8,16,26
leader_3_9,CHGA_A5E,without_flanks,position17_containing,266,2,3,7
leader_3_9,CHGA_A5F,without_flanks,leader,266,3,9,17
leader_3_9,CHGA_A5F,without_flanks,signal_or_junction,504,5,11,22
leader_3_9,CHGA_A5F,without_flanks,position17_containing,266,2,3,7
leader_3_9,CHGA_A5G,without_flanks,leader,266,3,11,13
leader_3_9,CHGA_A5G,without_flanks,signal_or_junction,504,5,13,18
leader_3_9,CHGA_A5G,without_flanks,position17_containing,266,2,3,7
leader_3_9,CHGA_A5H,without_flanks,leader,266,7,13,19
leader_3_9,CHGA_A5H,without_flanks,signal_or_junction,504,9,15,24
leader_3_9,CHGA_A5H,without_flanks,position17_containing,266,2,3,7
leader_3_9,CHGA_A5I,without_flanks,leader,266,4,8,17
leader_3_9,CHGA_A5I,without_flanks,signal_or_junction,504,6,10,22
leader_3_9,CHGA_A5I,without_flanks,position17_containing,266,2,3,7
leader_3_9,CHGA_A5K,without_flanks,leader,266,2,11,16
leader_3_9,CHGA_A5K,without_flanks,signal_or_junction,504,4,13,21
leader_3_9,CHGA_A5K,without_flanks,position17_containing,266,2,3,7
leader_3_9,CHGA_A5L,without_flanks,leader,266,2,7,13
leader_3_9,CHGA_A5L,without_flanks,signal_or_junction,504,4,9,18
leader_3_9,CHGA_A5L,without_flanks,position17_containing,266,2,3,7
leader_3_9,CHGA_A5M,without_flanks,leader,266,2,6,14
leader_3_9,CHGA_A5M,without_flanks,signal_or_junction,504,4,8,19
leader_3_9,CHGA_A5M,without_flanks,position17_containing,266,2,3,7
leader_3_9,CHGA_A5N,without_flanks,leader,266,4,11,14
leader_3_9,CHGA_A5N,without_flanks,signal_or_junction,504,6,13,19
leader_3_9,CHGA_A5N,without_flanks,position17_containing,266,2,3,7
leader_3_9,CHGA_A5P,without_flanks,leader,266,6,14,18
leader_3_9,CHGA_A5P,without_flanks,signal_or_junction,504,8,16,23
leader_3_9,CHGA_A5P,without_flanks,position17_containing,266,2,3,7
leader_3_9,CHGA_A5Q,without_flanks,leader,266,2,9,15
leader_3_9,CHGA_A5Q,without_flanks,signal_or_junction,504,4,11,20
leader_3_9,CHGA_A5Q,without_flanks,position17_containing,266,2,3,7
leader_3_9,CHGA_A5R,without_flanks,leader,266,1,8,19
leader_3_9,CHGA_A5R,without_flanks,signal_or_junction,504,3,10,24
leader_3_9,CHGA_A5R,without_flanks,position17_containing,266,2,3,7
leader_3_9,CHGA_A5S,without_flanks,leader,266,2,10,16
leader_3_9,CHGA_A5S,without_flanks,signal_or_junction,504,4,12,21
leader_3_9,CHGA_A5S,without_flanks,position17_containing,266,2,3,7
leader_3_9,CHGA_A5T,without_flanks,leader,266,2,8,14
leader_3_9,CHGA_A5T,without_flanks,signal_or_junction,504,4,10,19
leader_3_9,CHGA_A5T,without_flanks,position17_containing,266,2,3,7
leader_3_9,CHGA_A5V,without_flanks,leader,266,4,8,15
leader_3_9,CHGA_A5V,without_flanks,signal_or_junction,504,6,10,20
leader_3_9,CHGA_A5V,without_flanks,position17_containing,266,2,3,7
leader_3_9,CHGA_A5W,without_flanks,leader,266,1,6,13
leader_3_9,CHGA_A5W,without_flanks,signal_or_junction,504,3,8,18
leader_3_9,CHGA_A5W,without_flanks,position17_containing,266,2,3,7
leader_3_9,CHGA_A5Y,without_flanks,leader,266,3,11,16
leader_3_9,CHGA_A5Y,without_flanks,signal_or_junction,504,5,13,21
leader_3_9,CHGA_A5Y,without_flanks,position17_containing,266,2,3,7
leader_3_9,CHGA_V6A,without_flanks,leader,266,4,11,15
leader_3_9,CHGA_V6A,without_flanks,signal_or_junction,504,6,13,20
leader_3_9,CHGA_V6A,without_flanks,position17_containing,266,2,3,7
leader_3_9,CHGA_V6C,without_flanks,leader,266,2,7,13
leader_3_9,CHGA_V6C,without_flanks,signal_or_junction,504,4,9,18
leader_3_9,CHGA_V6C,without_flanks,position17_containing,266,2,3,7
leader_3_9,CHGA_V6D,without_flanks,leader,266,5,12,18
leader_3_9,CHGA_V6D,without_flanks,signal_or_junction,504,7,14,23
leader_3_9,CHGA_V6D,without_flanks,position17_containing,266,2,3,7
leader_3_9,CHGA_V6E,without_flanks,leader,266,4,13,17
leader_3_9,CHGA_V6E,without_flanks,signal_or_junction,504,6,15,22
leader_3_9,CHGA_V6E,without_flanks,position17_containing,266,2,3,7
leader_3_9,CHGA_V6F,without_flanks,leader,266,2,8,14
leader_3_9,CHGA_V6F,without_flanks,signal_or_junction,504,4,10,19
leader_3_9,CHGA_V6F,without_flanks,position17_containing,266,2,3,7
leader_3_9,CHGA_V6G,without_flanks,leader,266,4,11,17
leader_3_9,CHGA_V6G,without_flanks,signal_or_junction,504,6,13,22
leader_3_9,CHGA_V6G,without_flanks,position17_containing,266,2,3,7
leader_3_9,CHGA_V6H,without_flanks,leader,266,4,13,17
leader_3_9,CHGA_V6H,without_flanks,signal_or_junction,504,6,15,22
leader_3_9,CHGA_V6H,without_flanks,position17_containing,266,2,3,7
leader_3_9,CHGA_V6I,without_flanks,leader,266,2,11,16
leader_3_9,CHGA_V6I,without_flanks,signal_or_junction,504,4,13,21
leader_3_9,CHGA_V6I,without_flanks,position17_containing,266,2,3,7
leader_3_9,CHGA_V6K,without_flanks,leader,266,3,11,12
leader_3_9,CHGA_V6K,without_flanks,signal_or_junction,504,5,13,17
leader_3_9,CHGA_V6K,without_flanks,position17_containing,266,2,3,7
leader_3_9,CHGA_V6L,without_flanks,leader,266,3,9,14
leader_3_9,CHGA_V6L,without_flanks,signal_or_junction,504,5,11,19
leader_3_9,CHGA_V6L,without_flanks,position17_containing,266,2,3,7
leader_3_9,CHGA_V6M,without_flanks,leader,266,3,7,14
leader_3_9,CHGA_V6M,without_flanks,signal_or_junction,504,5,9,19
leader_3_9,CHGA_V6M,without_flanks,position17_containing,266,2,3,7
leader_3_9,CHGA_V6N,without_flanks,leader,266,4,9,14
leader_3_9,CHGA_V6N,without_flanks,signal_or_junction,504,6,11,19
leader_3_9,CHGA_V6N,without_flanks,position17_containing,266,2,3,7
leader_3_9,CHGA_V6P,without_flanks,leader,266,7,16,22
leader_3_9,CHGA_V6P,without_flanks,signal_or_junction,504,9,18,27
leader_3_9,CHGA_V6P,without_flanks,position17_containing,266,2,3,7
leader_3_9,CHGA_V6Q,without_flanks,leader,266,3,10,13
leader_3_9,CHGA_V6Q,without_flanks,signal_or_junction,504,5,12,18
leader_3_9,CHGA_V6Q,without_flanks,position17_containing,266,2,3,7
leader_3_9,CHGA_V6R,without_flanks,leader,266,2,10,14
leader_3_9,CHGA_V6R,without_flanks,signal_or_junction,504,4,12,19
leader_3_9,CHGA_V6R,without_flanks,position17_containing,266,2,3,7
leader_3_9,CHGA_V6S,without_flanks,leader,266,4,9,14
leader_3_9,CHGA_V6S,without_flanks,signal_or_junction,504,6,11,19
leader_3_9,CHGA_V6S,without_flanks,position17_containing,266,2,3,7
leader_3_9,CHGA_V6T,without_flanks,leader,266,2,10,14
leader_3_9,CHGA_V6T,without_flanks,signal_or_junction,504,4,12,19
leader_3_9,CHGA_V6T,without_flanks,position17_containing,266,2,3,7
leader_3_9,CHGA_V6W,without_flanks,leader,266,2,9,13
leader_3_9,CHGA_V6W,without_flanks,signal_or_junction,504,4,11,18
leader_3_9,CHGA_V6W,without_flanks,position17_containing,266,2,3,7
leader_3_9,CHGA_V6Y,without_flanks,leader,266,3,8,13
leader_3_9,CHGA_V6Y,without_flanks,signal_or_junction,504,5,10,18
leader_3_9,CHGA_V6Y,without_flanks,position17_containing,266,2,3,7
leader_3_9,CHGA_L7A,without_flanks,leader,266,4,10,15
leader_3_9,CHGA_L7A,without_flanks,signal_or_junction,504,6,12,20
leader_3_9,CHGA_L7A,without_flanks,position17_containing,266,2,3,7
leader_3_9,CHGA_L7C,without_flanks,leader,266,2,7,13
leader_3_9,CHGA_L7C,without_flanks,signal_or_junction,504,4,9,18
leader_3_9,CHGA_L7C,without_flanks,position17_containing,266,2,3,7
leader_3_9,CHGA_L7D,without_flanks,leader,266,3,8,13
leader_3_9,CHGA_L7D,without_flanks,signal_or_junction,504,5,10,18
leader_3_9,CHGA_L7D,without_flanks,position17_containing,266,2,3,7
leader_3_9,CHGA_L7E,without_flanks,leader,266,3,10,15
leader_3_9,CHGA_L7E,without_flanks,signal_or_junction,504,5,12,20
leader_3_9,CHGA_L7E,without_flanks,position17_containing,266,2,3,7
leader_3_9,CHGA_L7F,without_flanks,leader,266,5,10,16
leader_3_9,CHGA_L7F,without_flanks,signal_or_junction,504,7,12,21
leader_3_9,CHGA_L7F,without_flanks,position17_containing,266,2,3,7
leader_3_9,CHGA_L7G,without_flanks,leader,266,5,11,14
leader_3_9,CHGA_L7G,without_flanks,signal_or_junction,504,7,13,19
leader_3_9,CHGA_L7G,without_flanks,position17_containing,266,2,3,7
leader_3_9,CHGA_L7H,without_flanks,leader,266,10,12,20
leader_3_9,CHGA_L7H,without_flanks,signal_or_junction,504,12,14,25
leader_3_9,CHGA_L7H,without_flanks,position17_containing,266,2,3,7
leader_3_9,CHGA_L7I,without_flanks,leader,266,4,11,17
leader_3_9,CHGA_L7I,without_flanks,signal_or_junction,504,6,13,22
leader_3_9,CHGA_L7I,without_flanks,position17_containing,266,2,3,7
leader_3_9,CHGA_L7K,without_flanks,leader,266,6,11,15
leader_3_9,CHGA_L7K,without_flanks,signal_or_junction,504,8,13,20
leader_3_9,CHGA_L7K,without_flanks,position17_containing,266,2,3,7
leader_3_9,CHGA_L7M,without_flanks,leader,266,2,8,16
leader_3_9,CHGA_L7M,without_flanks,signal_or_junction,504,4,10,21
leader_3_9,CHGA_L7M,without_flanks,position17_containing,266,2,3,7
leader_3_9,CHGA_L7N,without_flanks,leader,266,5,12,15
leader_3_9,CHGA_L7N,without_flanks,signal_or_junction,504,7,14,20
leader_3_9,CHGA_L7N,without_flanks,position17_containing,266,2,3,7
leader_3_9,CHGA_L7P,without_flanks,leader,266,8,13,17
leader_3_9,CHGA_L7P,without_flanks,signal_or_junction,504,10,15,22
leader_3_9,CHGA_L7P,without_flanks,position17_containing,266,2,3,7
leader_3_9,CHGA_L7Q,without_flanks,leader,266,4,10,14
leader_3_9,CHGA_L7Q,without_flanks,signal_or_junction,504,6,12,19
leader_3_9,CHGA_L7Q,without_flanks,position17_containing,266,2,3,7
leader_3_9,CHGA_L7R,without_flanks,leader,266,9,12,15
leader_3_9,CHGA_L7R,without_flanks,signal_or_junction,504,11,14,20
leader_3_9,CHGA_L7R,without_flanks,position17_containing,266,2,3,7
leader_3_9,CHGA_L7S,without_flanks,leader,266,3,9,16
leader_3_9,CHGA_L7S,without_flanks,signal_or_junction,504,5,11,21
leader_3_9,CHGA_L7S,without_flanks,position17_containing,266,2,3,7
leader_3_9,CHGA_L7T,without_flanks,leader,266,5,11,16
leader_3_9,CHGA_L7T,without_flanks,signal_or_junction,504,7,13,21
leader_3_9,CHGA_L7T,without_flanks,position17_containing,266,2,3,7
leader_3_9,CHGA_L7V,without_flanks,leader,266,5,12,15
leader_3_9,CHGA_L7V,without_flanks,signal_or_junction,504,7,14,20
leader_3_9,CHGA_L7V,without_flanks,position17_containing,266,2,3,7
leader_3_9,CHGA_L7W,without_flanks,leader,266,2,6,14
leader_3_9,CHGA_L7W,without_flanks,signal_or_junction,504,4,8,19
leader_3_9,CHGA_L7W,without_flanks,position17_containing,266,2,3,7
leader_3_9,CHGA_L7Y,without_flanks,leader,266,4,9,16
leader_3_9,CHGA_L7Y,without_flanks,signal_or_junction,504,6,11,21
leader_3_9,CHGA_L7Y,without_flanks,position17_containing,266,2,3,7
leader_3_9,CHGA_A8C,without_flanks,leader,266,1,5,14
leader_3_9,CHGA_A8C,without_flanks,signal_or_junction,504,3,7,19
leader_3_9,CHGA_A8C,without_flanks,position17_containing,266,2,3,7
leader_3_9,CHGA_A8D,without_flanks,leader,266,2,7,11
leader_3_9,CHGA_A8D,without_flanks,signal_or_junction,504,4,9,16
leader_3_9,CHGA_A8D,without_flanks,position17_containing,266,2,3,7
leader_3_9,CHGA_A8E,without_flanks,leader,266,3,11,16
leader_3_9,CHGA_A8E,without_flanks,signal_or_junction,504,5,13,21
leader_3_9,CHGA_A8E,without_flanks,position17_containing,266,2,3,7
leader_3_9,CHGA_A8F,without_flanks,leader,266,3,8,16
leader_3_9,CHGA_A8F,without_flanks,signal_or_junction,504,5,10,21
leader_3_9,CHGA_A8F,without_flanks,position17_containing,266,2,3,8
leader_3_9,CHGA_A8G,without_flanks,leader,266,2,7,13
leader_3_9,CHGA_A8G,without_flanks,signal_or_junction,504,4,9,18
leader_3_9,CHGA_A8G,without_flanks,position17_containing,266,2,3,7
leader_3_9,CHGA_A8H,without_flanks,leader,266,8,13,17
leader_3_9,CHGA_A8H,without_flanks,signal_or_junction,504,10,15,22
leader_3_9,CHGA_A8H,without_flanks,position17_containing,266,2,3,7
leader_3_9,CHGA_A8I,without_flanks,leader,266,5,10,15
leader_3_9,CHGA_A8I,without_flanks,signal_or_junction,504,7,12,20
leader_3_9,CHGA_A8I,without_flanks,position17_containing,266,2,3,7
leader_3_9,CHGA_A8K,without_flanks,leader,266,4,11,18
leader_3_9,CHGA_A8K,without_flanks,signal_or_junction,504,6,13,23
leader_3_9,CHGA_A8K,without_flanks,position17_containing,266,2,3,7
leader_3_9,CHGA_A8L,without_flanks,leader,266,5,11,18
leader_3_9,CHGA_A8L,without_flanks,signal_or_junction,504,7,13,23
leader_3_9,CHGA_A8L,without_flanks,position17_containing,266,2,3,7
leader_3_9,CHGA_A8M,without_flanks,leader,266,6,9,16
leader_3_9,CHGA_A8M,without_flanks,signal_or_junction,504,8,11,21
leader_3_9,CHGA_A8M,without_flanks,position17_containing,266,2,3,7
leader_3_9,CHGA_A8N,without_flanks,leader,266,5,9,15
leader_3_9,CHGA_A8N,without_flanks,signal_or_junction,504,7,11,20
leader_3_9,CHGA_A8N,without_flanks,position17_containing,266,2,3,7
leader_3_9,CHGA_A8P,without_flanks,leader,266,9,12,18
leader_3_9,CHGA_A8P,without_flanks,signal_or_junction,504,11,14,23
leader_3_9,CHGA_A8P,without_flanks,position17_containing,266,2,3,7
leader_3_9,CHGA_A8Q,without_flanks,leader,266,5,8,17
leader_3_9,CHGA_A8Q,without_flanks,signal_or_junction,504,7,10,22
leader_3_9,CHGA_A8Q,without_flanks,position17_containing,266,2,3,7
leader_3_9,CHGA_A8R,without_flanks,leader,266,6,11,17
leader_3_9,CHGA_A8R,without_flanks,signal_or_junction,504,8,13,22
leader_3_9,CHGA_A8R,without_flanks,position17_containing,266,2,3,7
leader_3_9,CHGA_A8S,without_flanks,leader,266,2,8,15
leader_3_9,CHGA_A8S,without_flanks,signal_or_junction,504,4,10,20
leader_3_9,CHGA_A8S,without_flanks,position17_containing,266,2,3,7
leader_3_9,CHGA_A8T,without_flanks,leader,266,4,9,16
leader_3_9,CHGA_A8T,without_flanks,signal_or_junction,504,6,11,21
leader_3_9,CHGA_A8T,without_flanks,position17_containing,266,2,3,7
leader_3_9,CHGA_A8V,without_flanks,leader,266,5,11,17
leader_3_9,CHGA_A8V,without_flanks,signal_or_junction,504,7,13,22
leader_3_9,CHGA_A8V,without_flanks,position17_containing,266,2,3,7
leader_3_9,CHGA_A8W,without_flanks,leader,266,1,6,10
leader_3_9,CHGA_A8W,without_flanks,signal_or_junction,504,3,8,15
leader_3_9,CHGA_A8W,without_flanks,position17_containing,266,2,3,7
leader_3_9,CHGA_A8Y,without_flanks,leader,266,3,9,19
leader_3_9,CHGA_A8Y,without_flanks,signal_or_junction,504,5,11,24
leader_3_9,CHGA_A8Y,without_flanks,position17_containing,266,2,3,8
leader_3_9,CHGA_L9A,without_flanks,leader,266,4,9,12
leader_3_9,CHGA_L9A,without_flanks,signal_or_junction,504,6,11,17
leader_3_9,CHGA_L9A,without_flanks,position17_containing,266,2,4,7
leader_3_9,CHGA_L9C,without_flanks,leader,266,0,5,10
leader_3_9,CHGA_L9C,without_flanks,signal_or_junction,504,2,7,15
leader_3_9,CHGA_L9C,without_flanks,position17_containing,266,2,3,6
leader_3_9,CHGA_L9D,without_flanks,leader,266,0,5,10
leader_3_9,CHGA_L9D,without_flanks,signal_or_junction,504,2,7,15
leader_3_9,CHGA_L9D,without_flanks,position17_containing,266,2,3,6
leader_3_9,CHGA_L9E,without_flanks,leader,266,6,11,16
leader_3_9,CHGA_L9E,without_flanks,signal_or_junction,504,8,13,21
leader_3_9,CHGA_L9E,without_flanks,position17_containing,266,4,5,9
leader_3_9,CHGA_L9F,without_flanks,leader,266,1,7,13
leader_3_9,CHGA_L9F,without_flanks,signal_or_junction,504,3,9,18
leader_3_9,CHGA_L9F,without_flanks,position17_containing,266,2,4,8
leader_3_9,CHGA_L9G,without_flanks,leader,266,0,5,12
leader_3_9,CHGA_L9G,without_flanks,signal_or_junction,504,2,7,17
leader_3_9,CHGA_L9G,without_flanks,position17_containing,266,2,3,7
leader_3_9,CHGA_L9H,without_flanks,leader,266,6,12,14
leader_3_9,CHGA_L9H,without_flanks,signal_or_junction,504,8,14,19
leader_3_9,CHGA_L9H,without_flanks,position17_containing,266,2,3,7
leader_3_9,CHGA_L9I,without_flanks,leader,266,2,7,12
leader_3_9,CHGA_L9I,without_flanks,signal_or_junction,504,4,9,17
leader_3_9,CHGA_L9I,without_flanks,position17_containing,266,2,3,7
leader_3_9,CHGA_L9K,without_flanks,leader,266,5,11,14
leader_3_9,CHGA_L9K,without_flanks,signal_or_junction,504,7,13,19
leader_3_9,CHGA_L9K,without_flanks,position17_containing,266,2,4,7
leader_3_9,CHGA_L9M,without_flanks,leader,266,2,8,14
leader_3_9,CHGA_L9M,without_flanks,signal_or_junction,504,4,10,19
leader_3_9,CHGA_L9M,without_flanks,position17_containing,266,2,4,7
leader_3_9,CHGA_L9N,without_flanks,leader,266,1,7,10
leader_3_9,CHGA_L9N,without_flanks,signal_or_junction,504,3,9,15
leader_3_9,CHGA_L9N,without_flanks,position17_containing,266,2,3,6
leader_3_9,CHGA_L9P,without_flanks,leader,266,2,6,13
leader_3_9,CHGA_L9P,without_flanks,signal_or_junction,504,4,8,18
leader_3_9,CHGA_L9P,without_flanks,position17_containing,266,2,3,6
leader_3_9,CHGA_L9Q,without_flanks,leader,266,3,8,12
leader_3_9,CHGA_L9Q,without_flanks,signal_or_junction,504,5,10,17
leader_3_9,CHGA_L9Q,without_flanks,position17_containing,266,2,3,6
leader_3_9,CHGA_L9R,without_flanks,leader,266,4,13,14
leader_3_9,CHGA_L9R,without_flanks,signal_or_junction,504,6,15,19
leader_3_9,CHGA_L9R,without_flanks,position17_containing,266,2,4,7
leader_3_9,CHGA_L9S,without_flanks,leader,266,2,8,11
leader_3_9,CHGA_L9S,without_flanks,signal_or_junction,504,4,10,16
leader_3_9,CHGA_L9S,without_flanks,position17_containing,266,2,4,7
leader_3_9,CHGA_L9T,without_flanks,leader,266,3,7,13
leader_3_9,CHGA_L9T,without_flanks,signal_or_junction,504,5,9,18
leader_3_9,CHGA_L9T,without_flanks,position17_containing,266,2,3,7
leader_3_9,CHGA_L9V,without_flanks,leader,266,4,8,11
leader_3_9,CHGA_L9V,without_flanks,signal_or_junction,504,6,10,16
leader_3_9,CHGA_L9V,without_flanks,position17_containing,266,2,3,7
leader_3_9,CHGA_L9W,without_flanks,leader,266,1,4,8
leader_3_9,CHGA_L9W,without_flanks,signal_or_junction,504,3,6,13
leader_3_9,CHGA_L9W,without_flanks,position17_containing,266,2,3,7
leader_3_9,CHGA_L9Y,without_flanks,leader,266,2,10,13
leader_3_9,CHGA_L9Y,without_flanks,signal_or_junction,504,4,12,18
leader_3_9,CHGA_L9Y,without_flanks,position17_containing,266,2,4,7
position17,CANONICAL_CHGA18_T17A_INS25_SENSITIVITY,with_flanks,leader,266,7,16,21
position17,CANONICAL_CHGA18_T17A_INS25_SENSITIVITY,with_flanks,signal_or_junction,504,9,18,32
position17,CANONICAL_CHGA18_T17A_INS25_SENSITIVITY,with_flanks,position17_containing,266,2,3,14
position17,CANONICAL_CHGA18_T17C_INS25_SENSITIVITY,with_flanks,leader,266,7,15,19
position17,CANONICAL_CHGA18_T17C_INS25_SENSITIVITY,with_flanks,signal_or_junction,504,8,16,21
position17,CANONICAL_CHGA18_T17C_INS25_SENSITIVITY,with_flanks,position17_containing,266,1,1,3
position17,CANONICAL_CHGA18_T17D_INS25_SENSITIVITY,with_flanks,leader,266,7,15,18
position17,CANONICAL_CHGA18_T17D_INS25_SENSITIVITY,with_flanks,signal_or_junction,504,9,18,25
position17,CANONICAL_CHGA18_T17D_INS25_SENSITIVITY,with_flanks,position17_containing,266,2,3,7
position17,CANONICAL_CHGA18_T17E_INS25_SENSITIVITY,with_flanks,leader,266,7,15,20
position17,CANONICAL_CHGA18_T17E_INS25_SENSITIVITY,with_flanks,signal_or_junction,504,10,19,28
position17,CANONICAL_CHGA18_T17E_INS25_SENSITIVITY,with_flanks,position17_containing,266,3,4,10
position17,CANONICAL_CHGA18_T17F_INS25_SENSITIVITY,with_flanks,leader,266,7,16,20
position17,CANONICAL_CHGA18_T17F_INS25_SENSITIVITY,with_flanks,signal_or_junction,504,10,21,29
position17,CANONICAL_CHGA18_T17F_INS25_SENSITIVITY,with_flanks,position17_containing,266,3,6,11
position17,CANONICAL_CHGA18_T17G_INS25_SENSITIVITY,with_flanks,leader,266,7,15,20
position17,CANONICAL_CHGA18_T17G_INS25_SENSITIVITY,with_flanks,signal_or_junction,504,7,17,26
position17,CANONICAL_CHGA18_T17G_INS25_SENSITIVITY,with_flanks,position17_containing,266,0,2,8
position17,CANONICAL_CHGA18_T17H_INS25_SENSITIVITY,with_flanks,leader,266,7,16,20
position17,CANONICAL_CHGA18_T17H_INS25_SENSITIVITY,with_flanks,signal_or_junction,504,10,20,30
position17,CANONICAL_CHGA18_T17H_INS25_SENSITIVITY,with_flanks,position17_containing,266,3,5,12
position17,CANONICAL_CHGA18_T17I_INS25_SENSITIVITY,with_flanks,leader,266,7,15,20
position17,CANONICAL_CHGA18_T17I_INS25_SENSITIVITY,with_flanks,signal_or_junction,504,10,18,29
position17,CANONICAL_CHGA18_T17I_INS25_SENSITIVITY,with_flanks,position17_containing,266,3,3,11
position17,CANONICAL_CHGA18_T17K_INS25_SENSITIVITY,with_flanks,leader,266,7,17,21
position17,CANONICAL_CHGA18_T17K_INS25_SENSITIVITY,with_flanks,signal_or_junction,504,8,18,25
position17,CANONICAL_CHGA18_T17K_INS25_SENSITIVITY,with_flanks,position17_containing,266,1,3,7
position17,CANONICAL_CHGA18_T17L_INS25_SENSITIVITY,with_flanks,leader,266,7,16,22
position17,CANONICAL_CHGA18_T17L_INS25_SENSITIVITY,with_flanks,signal_or_junction,504,10,19,30
position17,CANONICAL_CHGA18_T17L_INS25_SENSITIVITY,with_flanks,position17_containing,266,3,4,12
position17,CANONICAL_CHGA18_T17M_INS25_SENSITIVITY,with_flanks,leader,266,7,15,19
position17,CANONICAL_CHGA18_T17M_INS25_SENSITIVITY,with_flanks,signal_or_junction,504,9,20,29
position17,CANONICAL_CHGA18_T17M_INS25_SENSITIVITY,with_flanks,position17_containing,266,2,5,11
position17,CANONICAL_CHGA18_T17N_INS25_SENSITIVITY,with_flanks,leader,266,7,15,19
position17,CANONICAL_CHGA18_T17N_INS25_SENSITIVITY,with_flanks,signal_or_junction,504,8,16,24
position17,CANONICAL_CHGA18_T17N_INS25_SENSITIVITY,with_flanks,position17_containing,266,1,1,6
position17,CANONICAL_CHGA18_T17P_INS25_SENSITIVITY,with_flanks,leader,266,7,16,20
position17,CANONICAL_CHGA18_T17P_INS25_SENSITIVITY,with_flanks,signal_or_junction,504,7,18,29
position17,CANONICAL_CHGA18_T17P_INS25_SENSITIVITY,with_flanks,position17_containing,266,0,3,11
position17,CANONICAL_CHGA18_T17Q_INS25_SENSITIVITY,with_flanks,leader,266,7,16,20
position17,CANONICAL_CHGA18_T17Q_INS25_SENSITIVITY,with_flanks,signal_or_junction,504,9,20,29
position17,CANONICAL_CHGA18_T17Q_INS25_SENSITIVITY,with_flanks,position17_containing,266,2,5,11
position17,CANONICAL_CHGA18_T17R_INS25_SENSITIVITY,with_flanks,leader,266,7,15,19
position17,CANONICAL_CHGA18_T17R_INS25_SENSITIVITY,with_flanks,signal_or_junction,504,9,19,24
position17,CANONICAL_CHGA18_T17R_INS25_SENSITIVITY,with_flanks,position17_containing,266,2,4,6
position17,CANONICAL_CHGA18_T17S_INS25_SENSITIVITY,with_flanks,leader,266,7,16,20
position17,CANONICAL_CHGA18_T17S_INS25_SENSITIVITY,with_flanks,signal_or_junction,504,9,18,27
position17,CANONICAL_CHGA18_T17S_INS25_SENSITIVITY,with_flanks,position17_containing,266,2,3,9
position17,CANONICAL_CHGA18_T17T_INS25_SENSITIVITY,with_flanks,leader,266,7,16,20
position17,CANONICAL_CHGA18_T17T_INS25_SENSITIVITY,with_flanks,signal_or_junction,504,9,19,27
position17,CANONICAL_CHGA18_T17T_INS25_SENSITIVITY,with_flanks,position17_containing,266,2,4,9
position17,CANONICAL_CHGA18_T17V_INS25_SENSITIVITY,with_flanks,leader,266,7,16,21
position17,CANONICAL_CHGA18_T17V_INS25_SENSITIVITY,with_flanks,signal_or_junction,504,10,19,30
position17,CANONICAL_CHGA18_T17V_INS25_SENSITIVITY,with_flanks,position17_containing,266,3,4,12
position17,CANONICAL_CHGA18_T17W_INS25_SENSITIVITY,with_flanks,leader,266,7,15,19
position17,CANONICAL_CHGA18_T17W_INS25_SENSITIVITY,with_flanks,signal_or_junction,504,8,18,23
position17,CANONICAL_CHGA18_T17W_INS25_SENSITIVITY,with_flanks,position17_containing,266,1,3,5
position17,CANONICAL_CHGA18_T17Y_INS25_SENSITIVITY,with_flanks,leader,266,7,16,20
position17,CANONICAL_CHGA18_T17Y_INS25_SENSITIVITY,with_flanks,signal_or_junction,504,10,21,30
position17,CANONICAL_CHGA18_T17Y_INS25_SENSITIVITY,with_flanks,position17_containing,266,3,6,12
position17,CANONICAL_CHGA18_T17A_INS25_SENSITIVITY,without_flanks,leader,266,2,10,17
position17,CANONICAL_CHGA18_T17A_INS25_SENSITIVITY,without_flanks,signal_or_junction,504,4,12,24
position17,CANONICAL_CHGA18_T17A_INS25_SENSITIVITY,without_flanks,position17_containing,266,2,3,10
position17,CANONICAL_CHGA18_T17C_INS25_SENSITIVITY,without_flanks,leader,266,2,9,16
position17,CANONICAL_CHGA18_T17C_INS25_SENSITIVITY,without_flanks,signal_or_junction,504,3,10,18
position17,CANONICAL_CHGA18_T17C_INS25_SENSITIVITY,without_flanks,position17_containing,266,1,1,4
position17,CANONICAL_CHGA18_T17D_INS25_SENSITIVITY,without_flanks,leader,266,2,9,14
position17,CANONICAL_CHGA18_T17D_INS25_SENSITIVITY,without_flanks,signal_or_junction,504,3,11,20
position17,CANONICAL_CHGA18_T17D_INS25_SENSITIVITY,without_flanks,position17_containing,266,1,2,6
position17,CANONICAL_CHGA18_T17E_INS25_SENSITIVITY,without_flanks,leader,266,2,10,16
position17,CANONICAL_CHGA18_T17E_INS25_SENSITIVITY,without_flanks,signal_or_junction,504,4,13,23
position17,CANONICAL_CHGA18_T17E_INS25_SENSITIVITY,without_flanks,position17_containing,266,2,4,9
position17,CANONICAL_CHGA18_T17F_INS25_SENSITIVITY,without_flanks,leader,266,2,10,16
position17,CANONICAL_CHGA18_T17F_INS25_SENSITIVITY,without_flanks,signal_or_junction,504,4,14,23
position17,CANONICAL_CHGA18_T17F_INS25_SENSITIVITY,without_flanks,position17_containing,266,2,5,9
position17,CANONICAL_CHGA18_T17G_INS25_SENSITIVITY,without_flanks,leader,266,2,10,16
position17,CANONICAL_CHGA18_T17G_INS25_SENSITIVITY,without_flanks,signal_or_junction,504,2,12,21
position17,CANONICAL_CHGA18_T17G_INS25_SENSITIVITY,without_flanks,position17_containing,266,0,3,7
position17,CANONICAL_CHGA18_T17H_INS25_SENSITIVITY,without_flanks,leader,266,2,10,16
position17,CANONICAL_CHGA18_T17H_INS25_SENSITIVITY,without_flanks,signal_or_junction,504,3,13,23
position17,CANONICAL_CHGA18_T17H_INS25_SENSITIVITY,without_flanks,position17_containing,266,1,4,9
position17,CANONICAL_CHGA18_T17I_INS25_SENSITIVITY,without_flanks,leader,266,2,9,16
position17,CANONICAL_CHGA18_T17I_INS25_SENSITIVITY,without_flanks,signal_or_junction,504,5,12,24
position17,CANONICAL_CHGA18_T17I_INS25_SENSITIVITY,without_flanks,position17_containing,266,3,3,10
position17,CANONICAL_CHGA18_T17K_INS25_SENSITIVITY,without_flanks,leader,266,2,10,17
position17,CANONICAL_CHGA18_T17K_INS25_SENSITIVITY,without_flanks,signal_or_junction,504,2,11,19
position17,CANONICAL_CHGA18_T17K_INS25_SENSITIVITY,without_flanks,position17_containing,266,0,2,5
position17,CANONICAL_CHGA18_T17L_INS25_SENSITIVITY,without_flanks,leader,266,2,10,18
position17,CANONICAL_CHGA18_T17L_INS25_SENSITIVITY,without_flanks,signal_or_junction,504,5,13,25
position17,CANONICAL_CHGA18_T17L_INS25_SENSITIVITY,without_flanks,position17_containing,266,3,4,11
position17,CANONICAL_CHGA18_T17M_INS25_SENSITIVITY,without_flanks,leader,266,2,9,16
position17,CANONICAL_CHGA18_T17M_INS25_SENSITIVITY,without_flanks,signal_or_junction,504,4,12,24
position17,CANONICAL_CHGA18_T17M_INS25_SENSITIVITY,without_flanks,position17_containing,266,2,3,10
position17,CANONICAL_CHGA18_T17N_INS25_SENSITIVITY,without_flanks,leader,266,2,9,16
position17,CANONICAL_CHGA18_T17N_INS25_SENSITIVITY,without_flanks,signal_or_junction,504,3,10,19
position17,CANONICAL_CHGA18_T17N_INS25_SENSITIVITY,without_flanks,position17_containing,266,1,1,5
position17,CANONICAL_CHGA18_T17P_INS25_SENSITIVITY,without_flanks,leader,266,2,10,16
position17,CANONICAL_CHGA18_T17P_INS25_SENSITIVITY,without_flanks,signal_or_junction,504,2,11,23
position17,CANONICAL_CHGA18_T17P_INS25_SENSITIVITY,without_flanks,position17_containing,266,0,2,9
position17,CANONICAL_CHGA18_T17Q_INS25_SENSITIVITY,without_flanks,leader,266,2,10,16
position17,CANONICAL_CHGA18_T17Q_INS25_SENSITIVITY,without_flanks,signal_or_junction,504,3,13,23
position17,CANONICAL_CHGA18_T17Q_INS25_SENSITIVITY,without_flanks,position17_containing,266,1,4,9
position17,CANONICAL_CHGA18_T17R_INS25_SENSITIVITY,without_flanks,leader,266,2,9,15
position17,CANONICAL_CHGA18_T17R_INS25_SENSITIVITY,without_flanks,signal_or_junction,504,4,11,20
position17,CANONICAL_CHGA18_T17R_INS25_SENSITIVITY,without_flanks,position17_containing,266,2,2,6
position17,CANONICAL_CHGA18_T17S_INS25_SENSITIVITY,without_flanks,leader,266,2,10,16
position17,CANONICAL_CHGA18_T17S_INS25_SENSITIVITY,without_flanks,signal_or_junction,504,4,12,20
position17,CANONICAL_CHGA18_T17S_INS25_SENSITIVITY,without_flanks,position17_containing,266,2,3,6
position17,CANONICAL_CHGA18_T17T_INS25_SENSITIVITY,without_flanks,leader,266,2,10,16
position17,CANONICAL_CHGA18_T17T_INS25_SENSITIVITY,without_flanks,signal_or_junction,504,4,12,21
position17,CANONICAL_CHGA18_T17T_INS25_SENSITIVITY,without_flanks,position17_containing,266,2,3,7
position17,CANONICAL_CHGA18_T17V_INS25_SENSITIVITY,without_flanks,leader,266,2,10,18
position17,CANONICAL_CHGA18_T17V_INS25_SENSITIVITY,without_flanks,signal_or_junction,504,4,13,23
position17,CANONICAL_CHGA18_T17V_INS25_SENSITIVITY,without_flanks,position17_containing,266,2,4,9
position17,CANONICAL_CHGA18_T17W_INS25_SENSITIVITY,without_flanks,leader,266,2,10,15
position17,CANONICAL_CHGA18_T17W_INS25_SENSITIVITY,without_flanks,signal_or_junction,504,3,12,18
position17,CANONICAL_CHGA18_T17W_INS25_SENSITIVITY,without_flanks,position17_containing,266,1,3,4
position17,CANONICAL_CHGA18_T17Y_INS25_SENSITIVITY,without_flanks,leader,266,2,11,16
position17,CANONICAL_CHGA18_T17Y_INS25_SENSITIVITY,without_flanks,signal_or_junction,504,6,16,24
position17,CANONICAL_CHGA18_T17Y_INS25_SENSITIVITY,without_flanks,position17_containing,266,4,7,10
