context,construct,substitution,region,allele,threshold,window_count,net_el_lt,mhc_presentation_lt
with_flanks,CHGA_baseline,baseline,signal,all,0.5,266,2,7
with_flanks,CHGA_baseline,baseline,signal,all,1,266,6,16
with_flanks,CHGA_baseline,baseline,signal,all,2,266,13,20
with_flanks,CHGA_baseline,baseline,signal,HLA-A*02:01,0.5,38,0,0
with_flanks,CHGA_baseline,baseline,signal,HLA-A*02:01,1,38,0,3
with_flanks,CHGA_baseline,baseline,signal,HLA-A*02:01,2,38,4,5
with_flanks,CHGA_baseline,baseline,signal,HLA-A*24:02,0.5,38,0,0
with_flanks,CHGA_baseline,baseline,signal,HLA-A*24:02,1,38,0,0
with_flanks,CHGA_baseline,baseline,signal,HLA-A*24:02,2,38,0,1
with_flanks,CHGA_baseline,baseline,signal,HLA-A*03:01,0.5,38,0,0
with_flanks,CHGA_baseline,baseline,signal,HLA-A*03:01,1,38,0,0
with_flanks,CHGA_baseline,baseline,signal,HLA-A*03:01,2,38,0,0
with_flanks,CHGA_baseline,baseline,signal,HLA-B*40:01,0.5,38,0,0
with_flanks,CHGA_baseline,baseline,signal,HLA-B*40:01,1,38,0,0
with_flanks,CHGA_baseline,baseline,signal,HLA-B*40:01,2,38,0,0
with_flanks,CHGA_baseline,baseline,signal,HLA-B*49:01,0.5,38,0,0
with_flanks,CHGA_baseline,baseline,signal,HLA-B*49:01,1,38,0,0
with_flanks,CHGA_baseline,baseline,signal,HLA-B*49:01,2,38,0,0
with_flanks,CHGA_baseline,baseline,signal,HLA-C*03:04,0.5,38,1,3
with_flanks,CHGA_baseline,baseline,signal,HLA-C*03:04,1,38,4,7
with_flanks,CHGA_baseline,baseline,signal,HLA-C*03:04,2,38,5,7
with_flanks,CHGA_baseline,baseline,signal,HLA-C*07:01,0.5,38,1,4
with_flanks,CHGA_baseline,baseline,signal,HLA-C*07:01,1,38,2,6
with_flanks,CHGA_baseline,baseline,signal,HLA-C*07:01,2,38,4,7
with_flanks,CHGA_baseline,baseline,signal_or_junction,all,0.5,504,4,9
with_flanks,CHGA_baseline,baseline,signal_or_junction,all,1,504,8,19
with_flanks,CHGA_baseline,baseline,signal_or_junction,all,2,504,17,27
with_flanks,CHGA_baseline,baseline,signal_or_junction,HLA-A*02:01,0.5,72,0,0
with_flanks,CHGA_baseline,baseline,signal_or_junction,HLA-A*02:01,1,72,0,4
with_flanks,CHGA_baseline,baseline,signal_or_junction,HLA-A*02:01,2,72,4,6
with_flanks,CHGA_baseline,baseline,signal_or_junction,HLA-A*24:02,0.5,72,0,0
with_flanks,CHGA_baseline,baseline,signal_or_junction,HLA-A*24:02,1,72,0,0
with_flanks,CHGA_baseline,baseline,signal_or_junction,HLA-A*24:02,2,72,0,2
with_flanks,CHGA_baseline,baseline,signal_or_junction,HLA-A*03:01,0.5,72,0,0
with_flanks,CHGA_baseline,baseline,signal_or_junction,HLA-A*03:01,1,72,0,0
with_flanks,CHGA_baseline,baseline,signal_or_junction,HLA-A*03:01,2,72,0,0
with_flanks,CHGA_baseline,baseline,signal_or_junction,HLA-B*40:01,0.5,72,0,0
with_flanks,CHGA_baseline,baseline,signal_or_junction,HLA-B*40:01,1,72,0,0
with_flanks,CHGA_baseline,baseline,signal_or_junction,HLA-B*40:01,2,72,0,0
with_flanks,CHGA_baseline,baseline,signal_or_junction,HLA-B*49:01,0.5,72,0,0
with_flanks,CHGA_baseline,baseline,signal_or_junction,HLA-B*49:01,1,72,0,0
with_flanks,CHGA_baseline,baseline,signal_or_junction,HLA-B*49:01,2,72,0,0
with_flanks,CHGA_baseline,baseline,signal_or_junction,HLA-C*03:04,0.5,72,3,5
with_flanks,CHGA_baseline,baseline,signal_or_junction,HLA-C*03:04,1,72,6,9
with_flanks,CHGA_baseline,baseline,signal_or_junction,HLA-C*03:04,2,72,8,11
with_flanks,CHGA_baseline,baseline,signal_or_junction,HLA-C*07:01,0.5,72,1,4
with_flanks,CHGA_baseline,baseline,signal_or_junction,HLA-C*07:01,1,72,2,6
with_flanks,CHGA_baseline,baseline,signal_or_junction,HLA-C*07:01,2,72,5,8
with_flanks,CHGA_L9C,L9C,signal,all,0.5,266,0,2
with_flanks,CHGA_L9C,L9C,signal,all,1,266,1,6
with_flanks,CHGA_L9C,L9C,signal,all,2,266,7,12
with_flanks,CHGA_L9C,L9C,signal,HLA-A*02:01,0.5,38,0,0
with_flanks,CHGA_L9C,L9C,signal,HLA-A*02:01,1,38,0,1
with_flanks,CHGA_L9C,L9C,signal,HLA-A*02:01,2,38,1,3
with_flanks,CHGA_L9C,L9C,signal,HLA-A*24:02,0.5,38,0,0
with_flanks,CHGA_L9C,L9C,signal,HLA-A*24:02,1,38,0,0
with_flanks,CHGA_L9C,L9C,signal,HLA-A*24:02,2,38,0,0
with_flanks,CHGA_L9C,L9C,signal,HLA-A*03:01,0.5,38,0,0
with_flanks,CHGA_L9C,L9C,signal,HLA-A*03:01,1,38,0,0
with_flanks,CHGA_L9C,L9C,signal,HLA-A*03:01,2,38,0,0
with_flanks,CHGA_L9C,L9C,signal,HLA-B*40:01,0.5,38,0,0
with_flanks,CHGA_L9C,L9C,signal,HLA-B*40:01,1,38,0,0
with_flanks,CHGA_L9C,L9C,signal,HLA-B*40:01,2,38,0,0
with_flanks,CHGA_L9C,L9C,signal,HLA-B*49:01,0.5,38,0,0
with_flanks,CHGA_L9C,L9C,signal,HLA-B*49:01,1,38,0,0
with_flanks,CHGA_L9C,L9C,signal,HLA-B*49:01,2,38,0,0
with_flanks,CHGA_L9C,L9C,signal,HLA-C*03:04,0.5,38,0,2
with_flanks,CHGA_L9C,L9C,signal,HLA-C*03:04,1,38,1,3
with_flanks,CHGA_L9C,L9C,signal,HLA-C*03:04,2,38,3,5
with_flanks,CHGA_L9C,L9C,signal,HLA-C*07:01,0.5,38,0,0
with_flanks,CHGA_L9C,L9C,signal,HLA-C*07:01,1,38,0,2
with_flanks,CHGA_L9C,L9C,signal,HLA-C*07:01,2,38,3,4
with_flanks,CHGA_L9C,L9C,signal_or_junction,all,0.5,504,2,4
with_flanks,CHGA_L9C,L9C,signal_or_junction,all,1,504,3,9
with_flanks,CHGA_L9C,L9C,signal_or_junction,all,2,504,11,20
with_flanks,CHGA_L9C,L9C,signal_or_junction,HLA-A*02:01,0.5,72,0,0
with_flanks,CHGA_L9C,L9C,signal_or_junction,HLA-A*02:01,1,72,0,2
with_flanks,CHGA_L9C,L9C,signal_or_junction,HLA-A*02:01,2,72,1,4
with_flanks,CHGA_L9C,L9C,signal_or_junction,HLA-A*24:02,0.5,72,0,0
with_flanks,CHGA_L9C,L9C,signal_or_junction,HLA-A*24:02,1,72,0,0
with_flanks,CHGA_L9C,L9C,signal_or_junction,HLA-A*24:02,2,72,0,1
with_flanks,CHGA_L9C,L9C,signal_or_junction,HLA-A*03:01,0.5,72,0,0
with_flanks,CHGA_L9C,L9C,signal_or_junction,HLA-A*03:01,1,72,0,0
with_flanks,CHGA_L9C,L9C,signal_or_junction,HLA-A*03:01,2,72,0,0
with_flanks,CHGA_L9C,L9C,signal_or_junction,HLA-B*40:01,0.5,72,0,0
with_flanks,CHGA_L9C,L9C,signal_or_junction,HLA-B*40:01,1,72,0,0
with_flanks,CHGA_L9C,L9C,signal_or_junction,HLA-B*40:01,2,72,0,0
with_flanks,CHGA_L9C,L9C,signal_or_junction,HLA-B*49:01,0.5,72,0,0
with_flanks,CHGA_L9C,L9C,signal_or_junction,HLA-B*49:01,1,72,0,0
with_flanks,CHGA_L9C,L9C,signal_or_junction,HLA-B*49:01,2,72,0,0
with_flanks,CHGA_L9C,L9C,signal_or_junction,HLA-C*03:04,0.5,72,2,4
with_flanks,CHGA_L9C,L9C,signal_or_junction,HLA-C*03:04,1,72,3,5
with_flanks,CHGA_L9C,L9C,signal_or_junction,HLA-C*03:04,2,72,6,10
with_flanks,CHGA_L9C,L9C,signal_or_junction,HLA-C*07:01,0.5,72,0,0
with_flanks,CHGA_L9C,L9C,signal_or_junction,HLA-C*07:01,1,72,0,2
with_flanks,CHGA_L9C,L9C,signal_or_junction,HLA-C*07:01,2,72,4,5
with_flanks,CHGA_L9G,L9G,signal,all,0.5,266,0,2
with_flanks,CHGA_L9G,L9G,signal,all,1,266,2,7
with_flanks,CHGA_L9G,L9G,signal,all,2,266,10,13
with_flanks,CHGA_L9G,L9G,signal,HLA-A*02:01,0.5,38,0,1
with_flanks,CHGA_L9G,L9G,signal,HLA-A*02:01,1,38,0,3
with_flanks,CHGA_L9G,L9G,signal,HLA-A*02:01,2,38,4,4
with_flanks,CHGA_L9G,L9G,signal,HLA-A*24:02,0.5,38,0,0
with_flanks,CHGA_L9G,L9G,signal,HLA-A*24:02,1,38,0,0
with_flanks,CHGA_L9G,L9G,signal,HLA-A*24:02,2,38,0,0
with_flanks,CHGA_L9G,L9G,signal,HLA-A*03:01,0.5,38,0,0
with_flanks,CHGA_L9G,L9G,signal,HLA-A*03:01,1,38,0,0
with_flanks,CHGA_L9G,L9G,signal,HLA-A*03:01,2,38,0,0
with_flanks,CHGA_L9G,L9G,signal,HLA-B*40:01,0.5,38,0,0
with_flanks,CHGA_L9G,L9G,signal,HLA-B*40:01,1,38,0,0
with_flanks,CHGA_L9G,L9G,signal,HLA-B*40:01,2,38,0,0
with_flanks,CHGA_L9G,L9G,signal,HLA-B*49:01,0.5,38,0,0
with_flanks,CHGA_L9G,L9G,signal,HLA-B*49:01,1,38,0,0
with_flanks,CHGA_L9G,L9G,signal,HLA-B*49:01,2,38,0,0
with_flanks,CHGA_L9G,L9G,signal,HLA-C*03:04,0.5,38,0,1
with_flanks,CHGA_L9G,L9G,signal,HLA-C*03:04,1,38,2,2
with_flanks,CHGA_L9G,L9G,signal,HLA-C*03:04,2,38,4,6
with_flanks,CHGA_L9G,L9G,signal,HLA-C*07:01,0.5,38,0,0
with_flanks,CHGA_L9G,L9G,signal,HLA-C*07:01,1,38,0,2
with_flanks,CHGA_L9G,L9G,signal,HLA-C*07:01,2,38,2,3
with_flanks,CHGA_L9G,L9G,signal_or_junction,all,0.5,504,2,4
with_flanks,CHGA_L9G,L9G,signal_or_junction,all,1,504,4,10
with_flanks,CHGA_L9G,L9G,signal_or_junction,all,2,504,14,20
with_flanks,CHGA_L9G,L9G,signal_or_junction,HLA-A*02:01,0.5,72,0,1
with_flanks,CHGA_L9G,L9G,signal_or_junction,HLA-A*02:01,1,72,0,4
with_flanks,CHGA_L9G,L9G,signal_or_junction,HLA-A*02:01,2,72,4,5
with_flanks,CHGA_L9G,L9G,signal_or_junction,HLA-A*24:02,0.5,72,0,0
with_flanks,CHGA_L9G,L9G,signal_or_junction,HLA-A*24:02,1,72,0,0
with_flanks,CHGA_L9G,L9G,signal_or_junction,HLA-A*24:02,2,72,0,1
with_flanks,CHGA_L9G,L9G,signal_or_junction,HLA-A*03:01,0.5,72,0,0
with_flanks,CHGA_L9G,L9G,signal_or_junction,HLA-A*03:01,1,72,0,0
with_flanks,CHGA_L9G,L9G,signal_or_junction,HLA-A*03:01,2,72,0,0
with_flanks,CHGA_L9G,L9G,signal_or_junction,HLA-B*40:01,0.5,72,0,0
with_flanks,CHGA_L9G,L9G,signal_or_junction,HLA-B*40:01,1,72,0,0
with_flanks,CHGA_L9G,L9G,signal_or_junction,HLA-B*40:01,2,72,0,0
with_flanks,CHGA_L9G,L9G,signal_or_junction,HLA-B*49:01,0.5,72,0,0
with_flanks,CHGA_L9G,L9G,signal_or_junction,HLA-B*49:01,1,72,0,0
with_flanks,CHGA_L9G,L9G,signal_or_junction,HLA-B*49:01,2,72,0,0
with_flanks,CHGA_L9G,L9G,signal_or_junction,HLA-C*03:04,0.5,72,2,3
with_flanks,CHGA_L9G,L9G,signal_or_junction,HLA-C*03:04,1,72,4,4
with_flanks,CHGA_L9G,L9G,signal_or_junction,HLA-C*03:04,2,72,7,10
with_flanks,CHGA_L9G,L9G,signal_or_junction,HLA-C*07:01,0.5,72,0,0
with_flanks,CHGA_L9G,L9G,signal_or_junction,HLA-C*07:01,1,72,0,2
with_flanks,CHGA_L9G,L9G,signal_or_junction,HLA-C*07:01,2,72,3,4
with_flanks,CHGA_T17C,T17C,signal,all,0.5,266,2,7
with_flanks,CHGA_T17C,T17C,signal,all,1,266,6,15
with_flanks,CHGA_T17C,T17C,signal,all,2,266,10,19
with_flanks,CHGA_T17C,T17C,signal,HLA-A*02:01,0.5,38,0,0
with_flanks,CHGA_T17C,T17C,signal,HLA-A*02:01,1,38,0,2
with_flanks,CHGA_T17C,T17C,signal,HLA-A*02:01,2,38,1,4
with_flanks,CHGA_T17C,T17C,signal,HLA-A*24:02,0.5,38,0,0
with_flanks,CHGA_T17C,T17C,signal,HLA-A*24:02,1,38,0,0
with_flanks,CHGA_T17C,T17C,signal,HLA-A*24:02,2,38,0,1
with_flanks,CHGA_T17C,T17C,signal,HLA-A*03:01,0.5,38,0,0
with_flanks,CHGA_T17C,T17C,signal,HLA-A*03:01,1,38,0,0
with_flanks,CHGA_T17C,T17C,signal,HLA-A*03:01,2,38,0,0
with_flanks,CHGA_T17C,T17C,signal,HLA-B*40:01,0.5,38,0,0
with_flanks,CHGA_T17C,T17C,signal,HLA-B*40:01,1,38,0,0
with_flanks,CHGA_T17C,T17C,signal,HLA-B*40:01,2,38,0,0
with_flanks,CHGA_T17C,T17C,signal,HLA-B*49:01,0.5,38,0,0
with_flanks,CHGA_T17C,T17C,signal,HLA-B*49:01,1,38,0,0
with_flanks,CHGA_T17C,T17C,signal,HLA-B*49:01,2,38,0,0
with_flanks,CHGA_T17C,T17C,signal,HLA-C*03:04,0.5,38,1,3
with_flanks,CHGA_T17C,T17C,signal,HLA-C*03:04,1,38,4,7
with_flanks,CHGA_T17C,T17C,signal,HLA-C*03:04,2,38,5,7
with_flanks,CHGA_T17C,T17C,signal,HLA-C*07:01,0.5,38,1,4
with_flanks,CHGA_T17C,T17C,signal,HLA-C*07:01,1,38,2,6
with_flanks,CHGA_T17C,T17C,signal,HLA-C*07:01,2,38,4,7
with_flanks,CHGA_T17C,T17C,signal_or_junction,all,0.5,504,2,8
with_flanks,CHGA_T17C,T17C,signal_or_junction,all,1,504,7,16
with_flanks,CHGA_T17C,T17C,signal_or_junction,all,2,504,12,21
with_flanks,CHGA_T17C,T17C,signal_or_junction,HLA-A*02:01,0.5,72,0,0
with_flanks,CHGA_T17C,T17C,signal_or_junction,HLA-A*02:01,1,72,0,2
with_flanks,CHGA_T17C,T17C,signal_or_junction,HLA-A*02:01,2,72,1,4
with_flanks,CHGA_T17C,T17C,signal_or_junction,HLA-A*24:02,0.5,72,0,0
with_flanks,CHGA_T17C,T17C,signal_or_junction,HLA-A*24:02,1,72,0,0
with_flanks,CHGA_T17C,T17C,signal_or_junction,HLA-A*24:02,2,72,0,1
with_flanks,CHGA_T17C,T17C,signal_or_junction,HLA-A*03:01,0.5,72,0,0
with_flanks,CHGA_T17C,T17C,signal_or_junction,HLA-A*03:01,1,72,0,0
with_flanks,CHGA_T17C,T17C,signal_or_junction,HLA-A*03:01,2,72,0,0
with_flanks,CHGA_T17C,T17C,signal_or_junction,HLA-B*40:01,0.5,72,0,0
with_flanks,CHGA_T17C,T17C,signal_or_junction,HLA-B*40:01,1,72,0,0
with_flanks,CHGA_T17C,T17C,signal_or_junction,HLA-B*40:01,2,72,0,0
with_flanks,CHGA_T17C,T17C,signal_or_junction,HLA-B*49:01,0.5,72,0,0
with_flanks,CHGA_T17C,T17C,signal_or_junction,HLA-B*49:01,1,72,0,0
with_flanks,CHGA_T17C,T17C,signal_or_junction,HLA-B*49:01,2,72,0,0
with_flanks,CHGA_T17C,T17C,signal_or_junction,HLA-C*03:04,0.5,72,1,4
with_flanks,CHGA_T17C,T17C,signal_or_junction,HLA-C*03:04,1,72,5,8
with_flanks,CHGA_T17C,T17C,signal_or_junction,HLA-C*03:04,2,72,7,9
with_flanks,CHGA_T17C,T17C,signal_or_junction,HLA-C*07:01,0.5,72,1,4
with_flanks,CHGA_T17C,T17C,signal_or_junction,HLA-C*07:01,1,72,2,6
with_flanks,CHGA_T17C,T17C,signal_or_junction,HLA-C*07:01,2,72,4,7
with_flanks,CHGA_T17G,T17G,signal,all,0.5,266,2,7
with_flanks,CHGA_T17G,T17G,signal,all,1,266,6,15
with_flanks,CHGA_T17G,T17G,signal,all,2,266,10,20
with_flanks,CHGA_T17G,T17G,signal,HLA-A*02:01,0.5,38,0,0
with_flanks,CHGA_T17G,T17G,signal,HLA-A*02:01,1,38,0,2
with_flanks,CHGA_T17G,T17G,signal,HLA-A*02:01,2,38,1,5
with_flanks,CHGA_T17G,T17G,signal,HLA-A*24:02,0.5,38,0,0
with_flanks,CHGA_T17G,T17G,signal,HLA-A*24:02,1,38,0,0
with_flanks,CHGA_T17G,T17G,signal,HLA-A*24:02,2,38,0,1
with_flanks,CHGA_T17G,T17G,signal,HLA-A*03:01,0.5,38,0,0
with_flanks,CHGA_T17G,T17G,signal,HLA-A*03:01,1,38,0,0
with_flanks,CHGA_T17G,T17G,signal,HLA-A*03:01,2,38,0,0
with_flanks,CHGA_T17G,T17G,signal,HLA-B*40:01,0.5,38,0,0
with_flanks,CHGA_T17G,T17G,signal,HLA-B*40:01,1,38,0,0
with_flanks,CHGA_T17G,T17G,signal,HLA-B*40:01,2,38,0,0
with_flanks,CHGA_T17G,T17G,signal,HLA-B*49:01,0.5,38,0,0
with_flanks,CHGA_T17G,T17G,signal,HLA-B*49:01,1,38,0,0
with_flanks,CHGA_T17G,T17G,signal,HLA-B*49:01,2,38,0,0
with_flanks,CHGA_T17G,T17G,signal,HLA-C*03:04,0.5,38,1,3
with_flanks,CHGA_T17G,T17G,signal,HLA-C*03:04,1,38,4,7
with_flanks,CHGA_T17G,T17G,signal,HLA-C*03:04,2,38,5,7
with_flanks,CHGA_T17G,T17G,signal,HLA-C*07:01,0.5,38,1,4
with_flanks,CHGA_T17G,T17G,signal,HLA-C*07:01,1,38,2,6
with_flanks,CHGA_T17G,T17G,signal,HLA-C*07:01,2,38,4,7
with_flanks,CHGA_T17G,T17G,signal_or_junction,all,0.5,504,2,7
with_flanks,CHGA_T17G,T17G,signal_or_junction,all,1,504,8,17
with_flanks,CHGA_T17G,T17G,signal_or_junction,all,2,504,12,26
with_flanks,CHGA_T17G,T17G,signal_or_junction,HLA-A*02:01,0.5,72,0,0
with_flanks,CHGA_T17G,T17G,signal_or_junction,HLA-A*02:01,1,72,0,2
with_flanks,CHGA_T17G,T17G,signal_or_junction,HLA-A*02:01,2,72,1,6
with_flanks,CHGA_T17G,T17G,signal_or_junction,HLA-A*24:02,0.5,72,0,0
with_flanks,CHGA_T17G,T17G,signal_or_junction,HLA-A*24:02,1,72,0,0
with_flanks,CHGA_T17G,T17G,signal_or_junction,HLA-A*24:02,2,72,0,1
with_flanks,CHGA_T17G,T17G,signal_or_junction,HLA-A*03:01,0.5,72,0,0
with_flanks,CHGA_T17G,T17G,signal_or_junction,HLA-A*03:01,1,72,0,0
with_flanks,CHGA_T17G,T17G,signal_or_junction,HLA-A*03:01,2,72,0,0
with_flanks,CHGA_T17G,T17G,signal_or_junction,HLA-B*40:01,0.5,72,0,0
with_flanks,CHGA_T17G,T17G,signal_or_junction,HLA-B*40:01,1,72,0,0
with_flanks,CHGA_T17G,T17G,signal_or_junction,HLA-B*40:01,2,72,0,0
with_flanks,CHGA_T17G,T17G,signal_or_junction,HLA-B*49:01,0.5,72,0,0
with_flanks,CHGA_T17G,T17G,signal_or_junction,HLA-B*49:01,1,72,0,0
with_flanks,CHGA_T17G,T17G,signal_or_junction,HLA-B*49:01,2,72,0,2
with_flanks,CHGA_T17G,T17G,signal_or_junction,HLA-C*03:04,0.5,72,1,3
with_flanks,CHGA_T17G,T17G,signal_or_junction,HLA-C*03:04,1,72,6,9
with_flanks,CHGA_T17G,T17G,signal_or_junction,HLA-C*03:04,2,72,7,9
with_flanks,CHGA_T17G,T17G,signal_or_junction,HLA-C*07:01,0.5,72,1,4
with_flanks,CHGA_T17G,T17G,signal_or_junction,HLA-C*07:01,1,72,2,6
with_flanks,CHGA_T17G,T17G,signal_or_junction,HLA-C*07:01,2,72,4,8
with_flanks,CHGA_L9C_T17C,L9C_T17C,signal,all,0.5,266,0,2
with_flanks,CHGA_L9C_T17C,L9C_T17C,signal,all,1,266,1,5
with_flanks,CHGA_L9C_T17C,L9C_T17C,signal,all,2,266,6,12
with_flanks,CHGA_L9C_T17C,L9C_T17C,signal,HLA-A*02:01,0.5,38,0,0
with_flanks,CHGA_L9C_T17C,L9C_T17C,signal,HLA-A*02:01,1,38,0,0
with_flanks,CHGA_L9C_T17C,L9C_T17C,signal,HLA-A*02:01,2,38,0,3
with_flanks,CHGA_L9C_T17C,L9C_T17C,signal,HLA-A*24:02,0.5,38,0,0
with_flanks,CHGA_L9C_T17C,L9C_T17C,signal,HLA-A*24:02,1,38,0,0
with_flanks,CHGA_L9C_T17C,L9C_T17C,signal,HLA-A*24:02,2,38,0,0
with_flanks,CHGA_L9C_T17C,L9C_T17C,signal,HLA-A*03:01,0.5,38,0,0
with_flanks,CHGA_L9C_T17C,L9C_T17C,signal,HLA-A*03:01,1,38,0,0
with_flanks,CHGA_L9C_T17C,L9C_T17C,signal,HLA-A*03:01,2,38,0,0
with_flanks,CHGA_L9C_T17C,L9C_T17C,signal,HLA-B*40:01,0.5,38,0,0
with_flanks,CHGA_L9C_T17C,L9C_T17C,signal,HLA-B*40:01,1,38,0,0
with_flanks,CHGA_L9C_T17C,L9C_T17C,signal,HLA-B*40:01,2,38,0,0
with_flanks,CHGA_L9C_T17C,L9C_T17C,signal,HLA-B*49:01,0.5,38,0,0
with_flanks,CHGA_L9C_T17C,L9C_T17C,signal,HLA-B*49:01,1,38,0,0
with_flanks,CHGA_L9C_T17C,L9C_T17C,signal,HLA-B*49:01,2,38,0,0
with_flanks,CHGA_L9C_T17C,L9C_T17C,signal,HLA-C*03:04,0.5,38,0,2
with_flanks,CHGA_L9C_T17C,L9C_T17C,signal,HLA-C*03:04,1,38,1,3
with_flanks,CHGA_L9C_T17C,L9C_T17C,signal,HLA-C*03:04,2,38,3,5
with_flanks,CHGA_L9C_T17C,L9C_T17C,signal,HLA-C*07:01,0.5,38,0,0
with_flanks,CHGA_L9C_T17C,L9C_T17C,signal,HLA-C*07:01,1,38,0,2
with_flanks,CHGA_L9C_T17C,L9C_T17C,signal,HLA-C*07:01,2,38,3,4
with_flanks,CHGA_L9C_T17C,L9C_T17C,signal_or_junction,all,0.5,504,0,3
with_flanks,CHGA_L9C_T17C,L9C_T17C,signal_or_junction,all,1,504,2,6
with_flanks,CHGA_L9C_T17C,L9C_T17C,signal_or_junction,all,2,504,8,14
with_flanks,CHGA_L9C_T17C,L9C_T17C,signal_or_junction,HLA-A*02:01,0.5,72,0,0
with_flanks,CHGA_L9C_T17C,L9C_T17C,signal_or_junction,HLA-A*02:01,1,72,0,0
with_flanks,CHGA_L9C_T17C,L9C_T17C,signal_or_junction,HLA-A*02:01,2,72,0,3
with_flanks,CHGA_L9C_T17C,L9C_T17C,signal_or_junction,HLA-A*24:02,0.5,72,0,0
with_flanks,CHGA_L9C_T17C,L9C_T17C,signal_or_junction,HLA-A*24:02,1,72,0,0
with_flanks,CHGA_L9C_T17C,L9C_T17C,signal_or_junction,HLA-A*24:02,2,72,0,0
with_flanks,CHGA_L9C_T17C,L9C_T17C,signal_or_junction,HLA-A*03:01,0.5,72,0,0
with_flanks,CHGA_L9C_T17C,L9C_T17C,signal_or_junction,HLA-A*03:01,1,72,0,0
with_flanks,CHGA_L9C_T17C,L9C_T17C,signal_or_junction,HLA-A*03:01,2,72,0,0
with_flanks,CHGA_L9C_T17C,L9C_T17C,signal_or_junction,HLA-B*40:01,0.5,72,0,0
with_flanks,CHGA_L9C_T17C,L9C_T17C,signal_or_junction,HLA-B*40:01,1,72,0,0
with_flanks,CHGA_L9C_T17C,L9C_T17C,signal_or_junction,HLA-B*40:01,2,72,0,0
with_flanks,CHGA_L9C_T17C,L9C_T17C,signal_or_junction,HLA-B*49:01,0.5,72,0,0
with_flanks,CHGA_L9C_T17C,L9C_T17C,signal_or_junction,HLA-B*49:01,1,72,0,0
with_flanks,CHGA_L9C_T17C,L9C_T17C,signal_or_junction,HLA-B*49:01,2,72,0,0
with_flanks,CHGA_L9C_T17C,L9C_T17C,signal_or_junction,HLA-C*03:04,0.5,72,0,3
with_flanks,CHGA_L9C_T17C,L9C_T17C,signal_or_junction,HLA-C*03:04,1,72,2,4
with_flanks,CHGA_L9C_T17C,L9C_T17C,signal_or_junction,HLA-C*03:04,2,72,5,7
with_flanks,CHGA_L9C_T17C,L9C_T17C,signal_or_junction,HLA-C*07:01,0.5,72,0,0
with_flanks,CHGA_L9C_T17C,L9C_T17C,signal_or_junction,HLA-C*07:01,1,72,0,2
with_flanks,CHGA_L9C_T17C,L9C_T17C,signal_or_junction,HLA-C*07:01,2,72,3,4
with_flanks,CHGA_L9C_T17G,L9C_T17G,signal,all,0.5,266,0,2
with_flanks,CHGA_L9C_T17G,L9C_T17G,signal,all,1,266,1,6
with_flanks,CHGA_L9C_T17G,L9C_T17G,signal,all,2,266,6,12
with_flanks,CHGA_L9C_T17G,L9C_T17G,signal,HLA-A*02:01,0.5,38,0,0
with_flanks,CHGA_L9C_T17G,L9C_T17G,signal,HLA-A*02:01,1,38,0,1
with_flanks,CHGA_L9C_T17G,L9C_T17G,signal,HLA-A*02:01,2,38,0,3
with_flanks,CHGA_L9C_T17G,L9C_T17G,signal,HLA-A*24:02,0.5,38,0,0
with_flanks,CHGA_L9C_T17G,L9C_T17G,signal,HLA-A*24:02,1,38,0,0
with_flanks,CHGA_L9C_T17G,L9C_T17G,signal,HLA-A*24:02,2,38,0,0
with_flanks,CHGA_L9C_T17G,L9C_T17G,signal,HLA-A*03:01,0.5,38,0,0
with_flanks,CHGA_L9C_T17G,L9C_T17G,signal,HLA-A*03:01,1,38,0,0
with_flanks,CHGA_L9C_T17G,L9C_T17G,signal,HLA-A*03:01,2,38,0,0
with_flanks,CHGA_L9C_T17G,L9C_T17G,signal,HLA-B*40:01,0.5,38,0,0
with_flanks,CHGA_L9C_T17G,L9C_T17G,signal,HLA-B*40:01,1,38,0,0
with_flanks,CHGA_L9C_T17G,L9C_T17G,signal,HLA-B*40:01,2,38,0,0
with_flanks,CHGA_L9C_T17G,L9C_T17G,signal,HLA-B*49:01,0.5,38,0,0
with_flanks,CHGA_L9C_T17G,L9C_T17G,signal,HLA-B*49:01,1,38,0,0
with_flanks,CHGA_L9C_T17G,L9C_T17G,signal,HLA-B*49:01,2,38,0,0
with_flanks,CHGA_L9C_T17G,L9C_T17G,signal,HLA-C*03:04,0.5,38,0,2
with_flanks,CHGA_L9C_T17G,L9C_T17G,signal,HLA-C*03:04,1,38,1,3
with_flanks,CHGA_L9C_T17G,L9C_T17G,signal,HLA-C*03:04,2,38,3,5
with_flanks,CHGA_L9C_T17G,L9C_T17G,signal,HLA-C*07:01,0.5,38,0,0
with_flanks,CHGA_L9C_T17G,L9C_T17G,signal,HLA-C*07:01,1,38,0,2
with_flanks,CHGA_L9C_T17G,L9C_T17G,signal,HLA-C*07:01,2,38,3,4
with_flanks,CHGA_L9C_T17G,L9C_T17G,signal_or_junction,all,0.5,504,0,2
with_flanks,CHGA_L9C_T17G,L9C_T17G,signal_or_junction,all,1,504,3,8
with_flanks,CHGA_L9C_T17G,L9C_T17G,signal_or_junction,all,2,504,8,16
with_flanks,CHGA_L9C_T17G,L9C_T17G,signal_or_junction,HLA-A*02:01,0.5,72,0,0
with_flanks,CHGA_L9C_T17G,L9C_T17G,signal_or_junction,HLA-A*02:01,1,72,0,1
with_flanks,CHGA_L9C_T17G,L9C_T17G,signal_or_junction,HLA-A*02:01,2,72,0,4
with_flanks,CHGA_L9C_T17G,L9C_T17G,signal_or_junction,HLA-A*24:02,0.5,72,0,0
with_flanks,CHGA_L9C_T17G,L9C_T17G,signal_or_junction,HLA-A*24:02,1,72,0,0
with_flanks,CHGA_L9C_T17G,L9C_T17G,signal_or_junction,HLA-A*24:02,2,72,0,0
with_flanks,CHGA_L9C_T17G,L9C_T17G,signal_or_junction,HLA-A*03:01,0.5,72,0,0
with_flanks,CHGA_L9C_T17G,L9C_T17G,signal_or_junction,HLA-A*03:01,1,72,0,0
with_flanks,CHGA_L9C_T17G,L9C_T17G,signal_or_junction,HLA-A*03:01,2,72,0,0
with_flanks,CHGA_L9C_T17G,L9C_T17G,signal_or_junction,HLA-B*40:01,0.5,72,0,0
with_flanks,CHGA_L9C_T17G,L9C_T17G,signal_or_junction,HLA-B*40:01,1,72,0,0
with_flanks,CHGA_L9C_T17G,L9C_T17G,signal_or_junction,HLA-B*40:01,2,72,0,0
with_flanks,CHGA_L9C_T17G,L9C_T17G,signal_or_junction,HLA-B*49:01,0.5,72,0,0
with_flanks,CHGA_L9C_T17G,L9C_T17G,signal_or_junction,HLA-B*49:01,1,72,0,0
with_flanks,CHGA_L9C_T17G,L9C_T17G,signal_or_junction,HLA-B*49:01,2,72,0,0
with_flanks,CHGA_L9C_T17G,L9C_T17G,signal_or_junction,HLA-C*03:04,0.5,72,0,2
with_flanks,CHGA_L9C_T17G,L9C_T17G,signal_or_junction,HLA-C*03:04,1,72,3,5
with_flanks,CHGA_L9C_T17G,L9C_T17G,signal_or_junction,HLA-C*03:04,2,72,5,7
with_flanks,CHGA_L9C_T17G,L9C_T17G,signal_or_junction,HLA-C*07:01,0.5,72,0,0
with_flanks,CHGA_L9C_T17G,L9C_T17G,signal_or_junction,HLA-C*07:01,1,72,0,2
with_flanks,CHGA_L9C_T17G,L9C_T17G,signal_or_junction,HLA-C*07:01,2,72,3,5
with_flanks,CHGA_L9C_T17D,L9C_T17D,signal,all,0.5,266,0,2
with_flanks,CHGA_L9C_T17D,L9C_T17D,signal,all,1,266,1,5
with_flanks,CHGA_L9C_T17D,L9C_T17D,signal,all,2,266,6,11
with_flanks,CHGA_L9C_T17D,L9C_T17D,signal,HLA-A*02:01,0.5,38,0,0
with_flanks,CHGA_L9C_T17D,L9C_T17D,signal,HLA-A*02:01,1,38,0,0
with_flanks,CHGA_L9C_T17D,L9C_T17D,signal,HLA-A*02:01,2,38,0,2
with_flanks,CHGA_L9C_T17D,L9C_T17D,signal,HLA-A*24:02,0.5,38,0,0
with_flanks,CHGA_L9C_T17D,L9C_T17D,signal,HLA-A*24:02,1,38,0,0
with_flanks,CHGA_L9C_T17D,L9C_T17D,signal,HLA-A*24:02,2,38,0,0
with_flanks,CHGA_L9C_T17D,L9C_T17D,signal,HLA-A*03:01,0.5,38,0,0
with_flanks,CHGA_L9C_T17D,L9C_T17D,signal,HLA-A*03:01,1,38,0,0
with_flanks,CHGA_L9C_T17D,L9C_T17D,signal,HLA-A*03:01,2,38,0,0
with_flanks,CHGA_L9C_T17D,L9C_T17D,signal,HLA-B*40:01,0.5,38,0,0
with_flanks,CHGA_L9C_T17D,L9C_T17D,signal,HLA-B*40:01,1,38,0,0
with_flanks,CHGA_L9C_T17D,L9C_T17D,signal,HLA-B*40:01,2,38,0,0
with_flanks,CHGA_L9C_T17D,L9C_T17D,signal,HLA-B*49:01,0.5,38,0,0
with_flanks,CHGA_L9C_T17D,L9C_T17D,signal,HLA-B*49:01,1,38,0,0
with_flanks,CHGA_L9C_T17D,L9C_T17D,signal,HLA-B*49:01,2,38,0,0
with_flanks,CHGA_L9C_T17D,L9C_T17D,signal,HLA-C*03:04,0.5,38,0,2
with_flanks,CHGA_L9C_T17D,L9C_T17D,signal,HLA-C*03:04,1,38,1,3
with_flanks,CHGA_L9C_T17D,L9C_T17D,signal,HLA-C*03:04,2,38,3,5
with_flanks,CHGA_L9C_T17D,L9C_T17D,signal,HLA-C*07:01,0.5,38,0,0
with_flanks,CHGA_L9C_T17D,L9C_T17D,signal,HLA-C*07:01,1,38,0,2
with_flanks,CHGA_L9C_T17D,L9C_T17D,signal,HLA-C*07:01,2,38,3,4
with_flanks,CHGA_L9C_T17D,L9C_T17D,signal_or_junction,all,0.5,504,0,3
with_flanks,CHGA_L9C_T17D,L9C_T17D,signal_or_junction,all,1,504,1,7
with_flanks,CHGA_L9C_T17D,L9C_T17D,signal_or_junction,all,2,504,10,17
with_flanks,CHGA_L9C_T17D,L9C_T17D,signal_or_junction,HLA-A*02:01,0.5,72,0,0
with_flanks,CHGA_L9C_T17D,L9C_T17D,signal_or_junction,HLA-A*02:01,1,72,0,1
with_flanks,CHGA_L9C_T17D,L9C_T17D,signal_or_junction,HLA-A*02:01,2,72,1,3
with_flanks,CHGA_L9C_T17D,L9C_T17D,signal_or_junction,HLA-A*24:02,0.5,72,0,0
with_flanks,CHGA_L9C_T17D,L9C_T17D,signal_or_junction,HLA-A*24:02,1,72,0,0
with_flanks,CHGA_L9C_T17D,L9C_T17D,signal_or_junction,HLA-A*24:02,2,72,0,0
with_flanks,CHGA_L9C_T17D,L9C_T17D,signal_or_junction,HLA-A*03:01,0.5,72,0,0
with_flanks,CHGA_L9C_T17D,L9C_T17D,signal_or_junction,HLA-A*03:01,1,72,0,0
with_flanks,CHGA_L9C_T17D,L9C_T17D,signal_or_junction,HLA-A*03:01,2,72,0,0
with_flanks,CHGA_L9C_T17D,L9C_T17D,signal_or_junction,HLA-B*40:01,0.5,72,0,0
with_flanks,CHGA_L9C_T17D,L9C_T17D,signal_or_junction,HLA-B*40:01,1,72,0,0
with_flanks,CHGA_L9C_T17D,L9C_T17D,signal_or_junction,HLA-B*40:01,2,72,2,0
with_flanks,CHGA_L9C_T17D,L9C_T17D,signal_or_junction,HLA-B*49:01,0.5,72,0,0
with_flanks,CHGA_L9C_T17D,L9C_T17D,signal_or_junction,HLA-B*49:01,1,72,0,0
with_flanks,CHGA_L9C_T17D,L9C_T17D,signal_or_junction,HLA-B*49:01,2,72,1,2
with_flanks,CHGA_L9C_T17D,L9C_T17D,signal_or_junction,HLA-C*03:04,0.5,72,0,3
with_flanks,CHGA_L9C_T17D,L9C_T17D,signal_or_junction,HLA-C*03:04,1,72,1,4
with_flanks,CHGA_L9C_T17D,L9C_T17D,signal_or_junction,HLA-C*03:04,2,72,3,7
with_flanks,CHGA_L9C_T17D,L9C_T17D,signal_or_junction,HLA-C*07:01,0.5,72,0,0
with_flanks,CHGA_L9C_T17D,L9C_T17D,signal_or_junction,HLA-C*07:01,1,72,0,2
with_flanks,CHGA_L9C_T17D,L9C_T17D,signal_or_junction,HLA-C*07:01,2,72,3,5
with_flanks,CHGA_L9C_T17P,L9C_T17P,signal,all,0.5,266,0,2
with_flanks,CHGA_L9C_T17P,L9C_T17P,signal,all,1,266,1,6
with_flanks,CHGA_L9C_T17P,L9C_T17P,signal,all,2,266,6,12
with_flanks,CHGA_L9C_T17P,L9C_T17P,signal,HLA-A*02:01,0.5,38,0,0
with_flanks,CHGA_L9C_T17P,L9C_T17P,signal,HLA-A*02:01,1,38,0,1
with_flanks,CHGA_L9C_T17P,L9C_T17P,signal,HLA-A*02:01,2,38,0,3
with_flanks,CHGA_L9C_T17P,L9C_T17P,signal,HLA-A*24:02,0.5,38,0,0
with_flanks,CHGA_L9C_T17P,L9C_T17P,signal,HLA-A*24:02,1,38,0,0
with_flanks,CHGA_L9C_T17P,L9C_T17P,signal,HLA-A*24:02,2,38,0,0
with_flanks,CHGA_L9C_T17P,L9C_T17P,signal,HLA-A*03:01,0.5,38,0,0
with_flanks,CHGA_L9C_T17P,L9C_T17P,signal,HLA-A*03:01,1,38,0,0
with_flanks,CHGA_L9C_T17P,L9C_T17P,signal,HLA-A*03:01,2,38,0,0
with_flanks,CHGA_L9C_T17P,L9C_T17P,signal,HLA-B*40:01,0.5,38,0,0
with_flanks,CHGA_L9C_T17P,L9C_T17P,signal,HLA-B*40:01,1,38,0,0
with_flanks,CHGA_L9C_T17P,L9C_T17P,signal,HLA-B*40:01,2,38,0,0
with_flanks,CHGA_L9C_T17P,L9C_T17P,signal,HLA-B*49:01,0.5,38,0,0
with_flanks,CHGA_L9C_T17P,L9C_T17P,signal,HLA-B*49:01,1,38,0,0
with_flanks,CHGA_L9C_T17P,L9C_T17P,signal,HLA-B*49:01,2,38,0,0
with_flanks,CHGA_L9C_T17P,L9C_T17P,signal,HLA-C*03:04,0.5,38,0,2
with_flanks,CHGA_L9C_T17P,L9C_T17P,signal,HLA-C*03:04,1,38,1,3
with_flanks,CHGA_L9C_T17P,L9C_T17P,signal,HLA-C*03:04,2,38,3,5
with_flanks,CHGA_L9C_T17P,L9C_T17P,signal,HLA-C*07:01,0.5,38,0,0
with_flanks,CHGA_L9C_T17P,L9C_T17P,signal,HLA-C*07:01,1,38,0,2
with_flanks,CHGA_L9C_T17P,L9C_T17P,signal,HLA-C*07:01,2,38,3,4
with_flanks,CHGA_L9C_T17P,L9C_T17P,signal_or_junction,all,0.5,504,0,2
with_flanks,CHGA_L9C_T17P,L9C_T17P,signal_or_junction,all,1,504,2,8
with_flanks,CHGA_L9C_T17P,L9C_T17P,signal_or_junction,all,2,504,9,21
with_flanks,CHGA_L9C_T17P,L9C_T17P,signal_or_junction,HLA-A*02:01,0.5,72,0,0
with_flanks,CHGA_L9C_T17P,L9C_T17P,signal_or_junction,HLA-A*02:01,1,72,0,1
with_flanks,CHGA_L9C_T17P,L9C_T17P,signal_or_junction,HLA-A*02:01,2,72,0,4
with_flanks,CHGA_L9C_T17P,L9C_T17P,signal_or_junction,HLA-A*24:02,0.5,72,0,0
with_flanks,CHGA_L9C_T17P,L9C_T17P,signal_or_junction,HLA-A*24:02,1,72,0,0
with_flanks,CHGA_L9C_T17P,L9C_T17P,signal_or_junction,HLA-A*24:02,2,72,0,0
with_flanks,CHGA_L9C_T17P,L9C_T17P,signal_or_junction,HLA-A*03:01,0.5,72,0,0
with_flanks,CHGA_L9C_T17P,L9C_T17P,signal_or_junction,HLA-A*03:01,1,72,0,0
with_flanks,CHGA_L9C_T17P,L9C_T17P,signal_or_junction,HLA-A*03:01,2,72,0,1
with_flanks,CHGA_L9C_T17P,L9C_T17P,signal_or_junction,HLA-B*40:01,0.5,72,0,0
with_flanks,CHGA_L9C_T17P,L9C_T17P,signal_or_junction,HLA-B*40:01,1,72,0,0
with_flanks,CHGA_L9C_T17P,L9C_T17P,signal_or_junction,HLA-B*40:01,2,72,1,0
with_flanks,CHGA_L9C_T17P,L9C_T17P,signal_or_junction,HLA-B*49:01,0.5,72,0,0
with_flanks,CHGA_L9C_T17P,L9C_T17P,signal_or_junction,HLA-B*49:01,1,72,0,0
with_flanks,CHGA_L9C_T17P,L9C_T17P,signal_or_junction,HLA-B*49:01,2,72,0,1
with_flanks,CHGA_L9C_T17P,L9C_T17P,signal_or_junction,HLA-C*03:04,0.5,72,0,2
with_flanks,CHGA_L9C_T17P,L9C_T17P,signal_or_junction,HLA-C*03:04,1,72,2,5
with_flanks,CHGA_L9C_T17P,L9C_T17P,signal_or_junction,HLA-C*03:04,2,72,5,10
with_flanks,CHGA_L9C_T17P,L9C_T17P,signal_or_junction,HLA-C*07:01,0.5,72,0,0
with_flanks,CHGA_L9C_T17P,L9C_T17P,signal_or_junction,HLA-C*07:01,1,72,0,2
with_flanks,CHGA_L9C_T17P,L9C_T17P,signal_or_junction,HLA-C*07:01,2,72,3,5
with_flanks,CHGA_L9G_T17C,L9G_T17C,signal,all,0.5,266,0,2
with_flanks,CHGA_L9G_T17C,L9G_T17C,signal,all,1,266,2,6
with_flanks,CHGA_L9G_T17C,L9G_T17C,signal,all,2,266,8,13
with_flanks,CHGA_L9G_T17C,L9G_T17C,signal,HLA-A*02:01,0.5,38,0,1
with_flanks,CHGA_L9G_T17C,L9G_T17C,signal,HLA-A*02:01,1,38,0,2
with_flanks,CHGA_L9G_T17C,L9G_T17C,signal,HLA-A*02:01,2,38,2,4
with_flanks,CHGA_L9G_T17C,L9G_T17C,signal,HLA-A*24:02,0.5,38,0,0
with_flanks,CHGA_L9G_T17C,L9G_T17C,signal,HLA-A*24:02,1,38,0,0
with_flanks,CHGA_L9G_T17C,L9G_T17C,signal,HLA-A*24:02,2,38,0,0
with_flanks,CHGA_L9G_T17C,L9G_T17C,signal,HLA-A*03:01,0.5,38,0,0
with_flanks,CHGA_L9G_T17C,L9G_T17C,signal,HLA-A*03:01,1,38,0,0
with_flanks,CHGA_L9G_T17C,L9G_T17C,signal,HLA-A*03:01,2,38,0,0
with_flanks,CHGA_L9G_T17C,L9G_T17C,signal,HLA-B*40:01,0.5,38,0,0
with_flanks,CHGA_L9G_T17C,L9G_T17C,signal,HLA-B*40:01,1,38,0,0
with_flanks,CHGA_L9G_T17C,L9G_T17C,signal,HLA-B*40:01,2,38,0,0
with_flanks,CHGA_L9G_T17C,L9G_T17C,signal,HLA-B*49:01,0.5,38,0,0
with_flanks,CHGA_L9G_T17C,L9G_T17C,signal,HLA-B*49:01,1,38,0,0
with_flanks,CHGA_L9G_T17C,L9G_T17C,signal,HLA-B*49:01,2,38,0,0
with_flanks,CHGA_L9G_T17C,L9G_T17C,signal,HLA-C*03:04,0.5,38,0,1
with_flanks,CHGA_L9G_T17C,L9G_T17C,signal,HLA-C*03:04,1,38,2,2
with_flanks,CHGA_L9G_T17C,L9G_T17C,signal,HLA-C*03:04,2,38,4,6
with_flanks,CHGA_L9G_T17C,L9G_T17C,signal,HLA-C*07:01,0.5,38,0,0
with_flanks,CHGA_L9G_T17C,L9G_T17C,signal,HLA-C*07:01,1,38,0,2
with_flanks,CHGA_L9G_T17C,L9G_T17C,signal,HLA-C*07:01,2,38,2,3
with_flanks,CHGA_L9G_T17C,L9G_T17C,signal_or_junction,all,0.5,504,0,3
with_flanks,CHGA_L9G_T17C,L9G_T17C,signal_or_junction,all,1,504,3,7
with_flanks,CHGA_L9G_T17C,L9G_T17C,signal_or_junction,all,2,504,10,15
with_flanks,CHGA_L9G_T17C,L9G_T17C,signal_or_junction,HLA-A*02:01,0.5,72,0,1
with_flanks,CHGA_L9G_T17C,L9G_T17C,signal_or_junction,HLA-A*02:01,1,72,0,2
with_flanks,CHGA_L9G_T17C,L9G_T17C,signal_or_junction,HLA-A*02:01,2,72,2,4
with_flanks,CHGA_L9G_T17C,L9G_T17C,signal_or_junction,HLA-A*24:02,0.5,72,0,0
with_flanks,CHGA_L9G_T17C,L9G_T17C,signal_or_junction,HLA-A*24:02,1,72,0,0
with_flanks,CHGA_L9G_T17C,L9G_T17C,signal_or_junction,HLA-A*24:02,2,72,0,0
with_flanks,CHGA_L9G_T17C,L9G_T17C,signal_or_junction,HLA-A*03:01,0.5,72,0,0
with_flanks,CHGA_L9G_T17C,L9G_T17C,signal_or_junction,HLA-A*03:01,1,72,0,0
with_flanks,CHGA_L9G_T17C,L9G_T17C,signal_or_junction,HLA-A*03:01,2,72,0,0
with_flanks,CHGA_L9G_T17C,L9G_T17C,signal_or_junction,HLA-B*40:01,0.5,72,0,0
with_flanks,CHGA_L9G_T17C,L9G_T17C,signal_or_junction,HLA-B*40:01,1,72,0,0
with_flanks,CHGA_L9G_T17C,L9G_T17C,signal_or_junction,HLA-B*40:01,2,72,0,0
with_flanks,CHGA_L9G_T17C,L9G_T17C,signal_or_junction,HLA-B*49:01,0.5,72,0,0
with_flanks,CHGA_L9G_T17C,L9G_T17C,signal_or_junction,HLA-B*49:01,1,72,0,0
with_flanks,CHGA_L9G_T17C,L9G_T17C,signal_or_junction,HLA-B*49:01,2,72,0,0
with_flanks,CHGA_L9G_T17C,L9G_T17C,signal_or_junction,HLA-C*03:04,0.5,72,0,2
with_flanks,CHGA_L9G_T17C,L9G_T17C,signal_or_junction,HLA-C*03:04,1,72,3,3
with_flanks,CHGA_L9G_T17C,L9G_T17C,signal_or_junction,HLA-C*03:04,2,72,6,8
with_flanks,CHGA_L9G_T17C,L9G_T17C,signal_or_junction,HLA-C*07:01,0.5,72,0,0
with_flanks,CHGA_L9G_T17C,L9G_T17C,signal_or_junction,HLA-C*07:01,1,72,0,2
with_flanks,CHGA_L9G_T17C,L9G_T17C,signal_or_junction,HLA-C*07:01,2,72,2,3
with_flanks,CHGA_L9G_T17G,L9G_T17G,signal,all,0.5,266,0,2
with_flanks,CHGA_L9G_T17G,L9G_T17G,signal,all,1,266,2,6
with_flanks,CHGA_L9G_T17G,L9G_T17G,signal,all,2,266,8,13
with_flanks,CHGA_L9G_T17G,L9G_T17G,signal,HLA-A*02:01,0.5,38,0,1
with_flanks,CHGA_L9G_T17G,L9G_T17G,signal,HLA-A*02:01,1,38,0,2
with_flanks,CHGA_L9G_T17G,L9G_T17G,signal,HLA-A*02:01,2,38,2,4
with_flanks,CHGA_L9G_T17G,L9G_T17G,signal,HLA-A*24:02,0.5,38,0,0
with_flanks,CHGA_L9G_T17G,L9G_T17G,signal,HLA-A*24:02,1,38,0,0
with_flanks,CHGA_L9G_T17G,L9G_T17G,signal,HLA-A*24:02,2,38,0,0
with_flanks,CHGA_L9G_T17G,L9G_T17G,signal,HLA-A*03:01,0.5,38,0,0
with_flanks,CHGA_L9G_T17G,L9G_T17G,signal,HLA-A*03:01,1,38,0,0
with_flanks,CHGA_L9G_T17G,L9G_T17G,signal,HLA-A*03:01,2,38,0,0
with_flanks,CHGA_L9G_T17G,L9G_T17G,signal,HLA-B*40:01,0.5,38,0,0
with_flanks,CHGA_L9G_T17G,L9G_T17G,signal,HLA-B*40:01,1,38,0,0
with_flanks,CHGA_L9G_T17G,L9G_T17G,signal,HLA-B*40:01,2,38,0,0
with_flanks,CHGA_L9G_T17G,L9G_T17G,signal,HLA-B*49:01,0.5,38,0,0
with_flanks,CHGA_L9G_T17G,L9G_T17G,signal,HLA-B*49:01,1,38,0,0
with_flanks,CHGA_L9G_T17G,L9G_T17G,signal,HLA-B*49:01,2,38,0,0
with_flanks,CHGA_L9G_T17G,L9G_T17G,signal,HLA-C*03:04,0.5,38,0,1
with_flanks,CHGA_L9G_T17G,L9G_T17G,signal,HLA-C*03:04,1,38,2,2
with_flanks,CHGA_L9G_T17G,L9G_T17G,signal,HLA-C*03:04,2,38,4,6
with_flanks,CHGA_L9G_T17G,L9G_T17G,signal,HLA-C*07:01,0.5,38,0,0
with_flanks,CHGA_L9G_T17G,L9G_T17G,signal,HLA-C*07:01,1,38,0,2
with_flanks,CHGA_L9G_T17G,L9G_T17G,signal,HLA-C*07:01,2,38,2,3
with_flanks,CHGA_L9G_T17G,L9G_T17G,signal_or_junction,all,0.5,504,0,2
with_flanks,CHGA_L9G_T17G,L9G_T17G,signal_or_junction,all,1,504,4,8
with_flanks,CHGA_L9G_T17G,L9G_T17G,signal_or_junction,all,2,504,10,17
with_flanks,CHGA_L9G_T17G,L9G_T17G,signal_or_junction,HLA-A*02:01,0.5,72,0,1
with_flanks,CHGA_L9G_T17G,L9G_T17G,signal_or_junction,HLA-A*02:01,1,72,0,2
with_flanks,CHGA_L9G_T17G,L9G_T17G,signal_or_junction,HLA-A*02:01,2,72,2,5
with_flanks,CHGA_L9G_T17G,L9G_T17G,signal_or_junction,HLA-A*24:02,0.5,72,0,0
with_flanks,CHGA_L9G_T17G,L9G_T17G,signal_or_junction,HLA-A*24:02,1,72,0,0
with_flanks,CHGA_L9G_T17G,L9G_T17G,signal_or_junction,HLA-A*24:02,2,72,0,0
with_flanks,CHGA_L9G_T17G,L9G_T17G,signal_or_junction,HLA-A*03:01,0.5,72,0,0
with_flanks,CHGA_L9G_T17G,L9G_T17G,signal_or_junction,HLA-A*03:01,1,72,0,0
with_flanks,CHGA_L9G_T17G,L9G_T17G,signal_or_junction,HLA-A*03:01,2,72,0,0
with_flanks,CHGA_L9G_T17G,L9G_T17G,signal_or_junction,HLA-B*40:01,0.5,72,0,0
with_flanks,CHGA_L9G_T17G,L9G_T17G,signal_or_junction,HLA-B*40:01,1,72,0,0
with_flanks,CHGA_L9G_T17G,L9G_T17G,signal_or_junction,HLA-B*40:01,2,72,0,0
with_flanks,CHGA_L9G_T17G,L9G_T17G,signal_or_junction,HLA-B*49:01,0.5,72,0,0
with_flanks,CHGA_L9G_T17G,L9G_T17G,signal_or_junction,HLA-B*49:01,1,72,0,0
with_flanks,CHGA_L9G_T17G,L9G_T17G,signal_or_junction,HLA-B*49:01,2,72,0,0
with_flanks,CHGA_L9G_T17G,L9G_T17G,signal_or_junction,HLA-C*03:04,0.5,72,0,1
with_flanks,CHGA_L9G_T17G,L9G_T17G,signal_or_junction,HLA-C*03:04,1,72,4,4
with_flanks,CHGA_L9G_T17G,L9G_T17G,signal_or_junction,HLA-C*03:04,2,72,6,8
with_flanks,CHGA_L9G_T17G,L9G_T17G,signal_or_junction,HLA-C*07:01,0.5,72,0,0
with_flanks,CHGA_L9G_T17G,L9G_T17G,signal_or_junction,HLA-C*07:01,1,72,0,2
with_flanks,CHGA_L9G_T17G,L9G_T17G,signal_or_junction,HLA-C*07:01,2,72,2,4
with_flanks,CHGA_L9G_T17D,L9G_T17D,signal,all,0.5,266,0,2
with_flanks,CHGA_L9G_T17D,L9G_T17D,signal,all,1,266,2,6
with_flanks,CHGA_L9G_T17D,L9G_T17D,signal,all,2,266,8,11
with_flanks,CHGA_L9G_T17D,L9G_T17D,signal,HLA-A*02:01,0.5,38,0,1
with_flanks,CHGA_L9G_T17D,L9G_T17D,signal,HLA-A*02:01,1,38,0,2
with_flanks,CHGA_L9G_T17D,L9G_T17D,signal,HLA-A*02:01,2,38,2,2
with_flanks,CHGA_L9G_T17D,L9G_T17D,signal,HLA-A*24:02,0.5,38,0,0
with_flanks,CHGA_L9G_T17D,L9G_T17D,signal,HLA-A*24:02,1,38,0,0
with_flanks,CHGA_L9G_T17D,L9G_T17D,signal,HLA-A*24:02,2,38,0,0
with_flanks,CHGA_L9G_T17D,L9G_T17D,signal,HLA-A*03:01,0.5,38,0,0
with_flanks,CHGA_L9G_T17D,L9G_T17D,signal,HLA-A*03:01,1,38,0,0
with_flanks,CHGA_L9G_T17D,L9G_T17D,signal,HLA-A*03:01,2,38,0,0
with_flanks,CHGA_L9G_T17D,L9G_T17D,signal,HLA-B*40:01,0.5,38,0,0
with_flanks,CHGA_L9G_T17D,L9G_T17D,signal,HLA-B*40:01,1,38,0,0
with_flanks,CHGA_L9G_T17D,L9G_T17D,signal,HLA-B*40:01,2,38,0,0
with_flanks,CHGA_L9G_T17D,L9G_T17D,signal,HLA-B*49:01,0.5,38,0,0
with_flanks,CHGA_L9G_T17D,L9G_T17D,signal,HLA-B*49:01,1,38,0,0
with_flanks,CHGA_L9G_T17D,L9G_T17D,signal,HLA-B*49:01,2,38,0,0
with_flanks,CHGA_L9G_T17D,L9G_T17D,signal,HLA-C*03:04,0.5,38,0,1
with_flanks,CHGA_L9G_T17D,L9G_T17D,signal,HLA-C*03:04,1,38,2,2
with_flanks,CHGA_L9G_T17D,L9G_T17D,signal,HLA-C*03:04,2,38,4,6
with_flanks,CHGA_L9G_T17D,L9G_T17D,signal,HLA-C*07:01,0.5,38,0,0
with_flanks,CHGA_L9G_T17D,L9G_T17D,signal,HLA-C*07:01,1,38,0,2
with_flanks,CHGA_L9G_T17D,L9G_T17D,signal,HLA-C*07:01,2,38,2,3
with_flanks,CHGA_L9G_T17D,L9G_T17D,signal_or_junction,all,0.5,504,0,3
with_flanks,CHGA_L9G_T17D,L9G_T17D,signal_or_junction,all,1,504,2,9
with_flanks,CHGA_L9G_T17D,L9G_T17D,signal_or_junction,all,2,504,12,17
with_flanks,CHGA_L9G_T17D,L9G_T17D,signal_or_junction,HLA-A*02:01,0.5,72,0,1
with_flanks,CHGA_L9G_T17D,L9G_T17D,signal_or_junction,HLA-A*02:01,1,72,0,3
with_flanks,CHGA_L9G_T17D,L9G_T17D,signal_or_junction,HLA-A*02:01,2,72,3,3
with_flanks,CHGA_L9G_T17D,L9G_T17D,signal_or_junction,HLA-A*24:02,0.5,72,0,0
with_flanks,CHGA_L9G_T17D,L9G_T17D,signal_or_junction,HLA-A*24:02,1,72,0,0
with_flanks,CHGA_L9G_T17D,L9G_T17D,signal_or_junction,HLA-A*24:02,2,72,0,0
with_flanks,CHGA_L9G_T17D,L9G_T17D,signal_or_junction,HLA-A*03:01,0.5,72,0,0
with_flanks,CHGA_L9G_T17D,L9G_T17D,signal_or_junction,HLA-A*03:01,1,72,0,0
with_flanks,CHGA_L9G_T17D,L9G_T17D,signal_or_junction,HLA-A*03:01,2,72,0,0
with_flanks,CHGA_L9G_T17D,L9G_T17D,signal_or_junction,HLA-B*40:01,0.5,72,0,0
with_flanks,CHGA_L9G_T17D,L9G_T17D,signal_or_junction,HLA-B*40:01,1,72,0,0
with_flanks,CHGA_L9G_T17D,L9G_T17D,signal_or_junction,HLA-B*40:01,2,72,2,0
with_flanks,CHGA_L9G_T17D,L9G_T17D,signal_or_junction,HLA-B*49:01,0.5,72,0,0
with_flanks,CHGA_L9G_T17D,L9G_T17D,signal_or_junction,HLA-B*49:01,1,72,0,1
with_flanks,CHGA_L9G_T17D,L9G_T17D,signal_or_junction,HLA-B*49:01,2,72,1,2
with_flanks,CHGA_L9G_T17D,L9G_T17D,signal_or_junction,HLA-C*03:04,0.5,72,0,2
with_flanks,CHGA_L9G_T17D,L9G_T17D,signal_or_junction,HLA-C*03:04,1,72,2,3
with_flanks,CHGA_L9G_T17D,L9G_T17D,signal_or_junction,HLA-C*03:04,2,72,4,8
with_flanks,CHGA_L9G_T17D,L9G_T17D,signal_or_junction,HLA-C*07:01,0.5,72,0,0
with_flanks,CHGA_L9G_T17D,L9G_T17D,signal_or_junction,HLA-C*07:01,1,72,0,2
with_flanks,CHGA_L9G_T17D,L9G_T17D,signal_or_junction,HLA-C*07:01,2,72,2,4
with_flanks,CHGA_L9G_T17P,L9G_T17P,signal,all,0.5,266,0,2
with_flanks,CHGA_L9G_T17P,L9G_T17P,signal,all,1,266,2,7
with_flanks,CHGA_L9G_T17P,L9G_T17P,signal,all,2,266,8,13
with_flanks,CHGA_L9G_T17P,L9G_T17P,signal,HLA-A*02:01,0.5,38,0,1
with_flanks,CHGA_L9G_T17P,L9G_T17P,signal,HLA-A*02:01,1,38,0,3
with_flanks,CHGA_L9G_T17P,L9G_T17P,signal,HLA-A*02:01,2,38,2,4
with_flanks,CHGA_L9G_T17P,L9G_T17P,signal,HLA-A*24:02,0.5,38,0,0
with_flanks,CHGA_L9G_T17P,L9G_T17P,signal,HLA-A*24:02,1,38,0,0
with_flanks,CHGA_L9G_T17P,L9G_T17P,signal,HLA-A*24:02,2,38,0,0
with_flanks,CHGA_L9G_T17P,L9G_T17P,signal,HLA-A*03:01,0.5,38,0,0
with_flanks,CHGA_L9G_T17P,L9G_T17P,signal,HLA-A*03:01,1,38,0,0
with_flanks,CHGA_L9G_T17P,L9G_T17P,signal,HLA-A*03:01,2,38,0,0
with_flanks,CHGA_L9G_T17P,L9G_T17P,signal,HLA-B*40:01,0.5,38,0,0
with_flanks,CHGA_L9G_T17P,L9G_T17P,signal,HLA-B*40:01,1,38,0,0
with_flanks,CHGA_L9G_T17P,L9G_T17P,signal,HLA-B*40:01,2,38,0,0
with_flanks,CHGA_L9G_T17P,L9G_T17P,signal,HLA-B*49:01,0.5,38,0,0
with_flanks,CHGA_L9G_T17P,L9G_T17P,signal,HLA-B*49:01,1,38,0,0
with_flanks,CHGA_L9G_T17P,L9G_T17P,signal,HLA-B*49:01,2,38,0,0
with_flanks,CHGA_L9G_T17P,L9G_T17P,signal,HLA-C*03:04,0.5,38,0,1
with_flanks,CHGA_L9G_T17P,L9G_T17P,signal,HLA-C*03:04,1,38,2,2
with_flanks,CHGA_L9G_T17P,L9G_T17P,signal,HLA-C*03:04,2,38,4,6
with_flanks,CHGA_L9G_T17P,L9G_T17P,signal,HLA-C*07:01,0.5,38,0,0
with_flanks,CHGA_L9G_T17P,L9G_T17P,signal,HLA-C*07:01,1,38,0,2
with_flanks,CHGA_L9G_T17P,L9G_T17P,signal,HLA-C*07:01,2,38,2,3
with_flanks,CHGA_L9G_T17P,L9G_T17P,signal_or_junction,all,0.5,504,0,2
with_flanks,CHGA_L9G_T17P,L9G_T17P,signal_or_junction,all,1,504,3,9
with_flanks,CHGA_L9G_T17P,L9G_T17P,signal_or_junction,all,2,504,11,22
with_flanks,CHGA_L9G_T17P,L9G_T17P,signal_or_junction,HLA-A*02:01,0.5,72,0,1
with_flanks,CHGA_L9G_T17P,L9G_T17P,signal_or_junction,HLA-A*02:01,1,72,0,3
with_flanks,CHGA_L9G_T17P,L9G_T17P,signal_or_junction,HLA-A*02:01,2,72,2,5
with_flanks,CHGA_L9G_T17P,L9G_T17P,signal_or_junction,HLA-A*24:02,0.5,72,0,0
with_flanks,CHGA_L9G_T17P,L9G_T17P,signal_or_junction,HLA-A*24:02,1,72,0,0
with_flanks,CHGA_L9G_T17P,L9G_T17P,signal_or_junction,HLA-A*24:02,2,72,0,0
with_flanks,CHGA_L9G_T17P,L9G_T17P,signal_or_junction,HLA-A*03:01,0.5,72,0,0
with_flanks,CHGA_L9G_T17P,L9G_T17P,signal_or_junction,HLA-A*03:01,1,72,0,0
with_flanks,CHGA_L9G_T17P,L9G_T17P,signal_or_junction,HLA-A*03:01,2,72,0,1
with_flanks,CHGA_L9G_T17P,L9G_T17P,signal_or_junction,HLA-B*40:01,0.5,72,0,0
with_flanks,CHGA_L9G_T17P,L9G_T17P,signal_or_junction,HLA-B*40:01,1,72,0,0
with_flanks,CHGA_L9G_T17P,L9G_T17P,signal_or_junction,HLA-B*40:01,2,72,1,0
with_flanks,CHGA_L9G_T17P,L9G_T17P,signal_or_junction,HLA-B*49:01,0.5,72,0,0
with_flanks,CHGA_L9G_T17P,L9G_T17P,signal_or_junction,HLA-B*49:01,1,72,0,0
with_flanks,CHGA_L9G_T17P,L9G_T17P,signal_or_junction,HLA-B*49:01,2,72,0,1
with_flanks,CHGA_L9G_T17P,L9G_T17P,signal_or_junction,HLA-C*03:04,0.5,72,0,1
with_flanks,CHGA_L9G_T17P,L9G_T17P,signal_or_junction,HLA-C*03:04,1,72,3,4
with_flanks,CHGA_L9G_T17P,L9G_T17P,signal_or_junction,HLA-C*03:04,2,72,6,11
with_flanks,CHGA_L9G_T17P,L9G_T17P,signal_or_junction,HLA-C*07:01,0.5,72,0,0
with_flanks,CHGA_L9G_T17P,L9G_T17P,signal_or_junction,HLA-C*07:01,1,72,0,2
with_flanks,CHGA_L9G_T17P,L9G_T17P,signal_or_junction,HLA-C*07:01,2,72,2,4
without_flanks,CHGA_baseline,baseline,signal,all,0.5,266,2,2
without_flanks,CHGA_baseline,baseline,signal,all,1,266,6,10
without_flanks,CHGA_baseline,baseline,signal,all,2,266,13,16
without_flanks,CHGA_baseline,baseline,signal,HLA-A*02:01,0.5,38,0,0
without_flanks,CHGA_baseline,baseline,signal,HLA-A*02:01,1,38,0,2
without_flanks,CHGA_baseline,baseline,signal,HLA-A*02:01,2,38,4,5
without_flanks,CHGA_baseline,baseline,signal,HLA-A*24:02,0.5,38,0,0
without_flanks,CHGA_baseline,baseline,signal,HLA-A*24:02,1,38,0,0
without_flanks,CHGA_baseline,baseline,signal,HLA-A*24:02,2,38,0,0
without_flanks,CHGA_baseline,baseline,signal,HLA-A*03:01,0.5,38,0,0
without_flanks,CHGA_baseline,baseline,signal,HLA-A*03:01,1,38,0,0
without_flanks,CHGA_baseline,baseline,signal,HLA-A*03:01,2,38,0,0
without_flanks,CHGA_baseline,baseline,signal,HLA-B*40:01,0.5,38,0,0
without_flanks,CHGA_baseline,baseline,signal,HLA-B*40:01,1,38,0,0
without_flanks,CHGA_baseline,baseline,signal,HLA-B*40:01,2,38,0,0
without_flanks,CHGA_baseline,baseline,signal,HLA-B*49:01,0.5,38,0,0
without_flanks,CHGA_baseline,baseline,signal,HLA-B*49:01,1,38,0,0
without_flanks,CHGA_baseline,baseline,signal,HLA-B*49:01,2,38,0,0
without_flanks,CHGA_baseline,baseline,signal,HLA-C*03:04,0.5,38,1,1
without_flanks,CHGA_baseline,baseline,signal,HLA-C*03:04,1,38,4,5
without_flanks,CHGA_baseline,baseline,signal,HLA-C*03:04,2,38,5,6
without_flanks,CHGA_baseline,baseline,signal,HLA-C*07:01,0.5,38,1,1
without_flanks,CHGA_baseline,baseline,signal,HLA-C*07:01,1,38,2,3
without_flanks,CHGA_baseline,baseline,signal,HLA-C*07:01,2,38,4,5
without_flanks,CHGA_baseline,baseline,signal_or_junction,all,0.5,504,4,4
without_flanks,CHGA_baseline,baseline,signal_or_junction,all,1,504,8,12
without_flanks,CHGA_baseline,baseline,signal_or_junction,all,2,504,17,21
without_flanks,CHGA_baseline,baseline,signal_or_junction,HLA-A*02:01,0.5,72,0,0
without_flanks,CHGA_baseline,baseline,signal_or_junction,HLA-A*02:01,1,72,0,2
without_flanks,CHGA_baseline,baseline,signal_or_junction,HLA-A*02:01,2,72,4,6
without_flanks,CHGA_baseline,baseline,signal_or_junction,HLA-A*24:02,0.5,72,0,0
without_flanks,CHGA_baseline,baseline,signal_or_junction,HLA-A*24:02,1,72,0,0
without_flanks,CHGA_baseline,baseline,signal_or_junction,HLA-A*24:02,2,72,0,0
without_flanks,CHGA_baseline,baseline,signal_or_junction,HLA-A*03:01,0.5,72,0,0
without_flanks,CHGA_baseline,baseline,signal_or_junction,HLA-A*03:01,1,72,0,0
without_flanks,CHGA_baseline,baseline,signal_or_junction,HLA-A*03:01,2,72,0,0
without_flanks,CHGA_baseline,baseline,signal_or_junction,HLA-B*40:01,0.5,72,0,0
without_flanks,CHGA_baseline,baseline,signal_or_junction,HLA-B*40:01,1,72,0,0
without_flanks,CHGA_baseline,baseline,signal_or_junction,HLA-B*40:01,2,72,0,0
without_flanks,CHGA_baseline,baseline,signal_or_junction,HLA-B*49:01,0.5,72,0,0
without_flanks,CHGA_baseline,baseline,signal_or_junction,HLA-B*49:01,1,72,0,0
without_flanks,CHGA_baseline,baseline,signal_or_junction,HLA-B*49:01,2,72,0,0
without_flanks,CHGA_baseline,baseline,signal_or_junction,HLA-C*03:04,0.5,72,3,3
without_flanks,CHGA_baseline,baseline,signal_or_junction,HLA-C*03:04,1,72,6,7
without_flanks,CHGA_baseline,baseline,signal_or_junction,HLA-C*03:04,2,72,8,10
without_flanks,CHGA_baseline,baseline,signal_or_junction,HLA-C*07:01,0.5,72,1,1
without_flanks,CHGA_baseline,baseline,signal_or_junction,HLA-C*07:01,1,72,2,3
without_flanks,CHGA_baseline,baseline,signal_or_junction,HLA-C*07:01,2,72,5,5
without_flanks,CHGA_L9C,L9C,signal,all,0.5,266,0,0
without_flanks,CHGA_L9C,L9C,signal,all,1,266,1,5
without_flanks,CHGA_L9C,L9C,signal,all,2,266,7,10
without_flanks,CHGA_L9C,L9C,signal,HLA-A*02:01,0.5,38,0,0
without_flanks,CHGA_L9C,L9C,signal,HLA-A*02:01,1,38,0,1
without_flanks,CHGA_L9C,L9C,signal,HLA-A*02:01,2,38,1,2
without_flanks,CHGA_L9C,L9C,signal,HLA-A*24:02,0.5,38,0,0
without_flanks,CHGA_L9C,L9C,signal,HLA-A*24:02,1,38,0,0
without_flanks,CHGA_L9C,L9C,signal,HLA-A*24:02,2,38,0,0
without_flanks,CHGA_L9C,L9C,signal,HLA-A*03:01,0.5,38,0,0
without_flanks,CHGA_L9C,L9C,signal,HLA-A*03:01,1,38,0,0
without_flanks,CHGA_L9C,L9C,signal,HLA-A*03:01,2,38,0,0
without_flanks,CHGA_L9C,L9C,signal,HLA-B*40:01,0.5,38,0,0
without_flanks,CHGA_L9C,L9C,signal,HLA-B*40:01,1,38,0,0
without_flanks,CHGA_L9C,L9C,signal,HLA-B*40:01,2,38,0,0
without_flanks,CHGA_L9C,L9C,signal,HLA-B*49:01,0.5,38,0,0
without_flanks,CHGA_L9C,L9C,signal,HLA-B*49:01,1,38,0,0
without_flanks,CHGA_L9C,L9C,signal,HLA-B*49:01,2,38,0,0
without_flanks,CHGA_L9C,L9C,signal,HLA-C*03:04,0.5,38,0,0
without_flanks,CHGA_L9C,L9C,signal,HLA-C*03:04,1,38,1,3
without_flanks,CHGA_L9C,L9C,signal,HLA-C*03:04,2,38,3,4
without_flanks,CHGA_L9C,L9C,signal,HLA-C*07:01,0.5,38,0,0
without_flanks,CHGA_L9C,L9C,signal,HLA-C*07:01,1,38,0,1
without_flanks,CHGA_L9C,L9C,signal,HLA-C*07:01,2,38,3,4
without_flanks,CHGA_L9C,L9C,signal_or_junction,all,0.5,504,2,2
without_flanks,CHGA_L9C,L9C,signal_or_junction,all,1,504,3,7
without_flanks,CHGA_L9C,L9C,signal_or_junction,all,2,504,11,15
without_flanks,CHGA_L9C,L9C,signal_or_junction,HLA-A*02:01,0.5,72,0,0
without_flanks,CHGA_L9C,L9C,signal_or_junction,HLA-A*02:01,1,72,0,1
without_flanks,CHGA_L9C,L9C,signal_or_junction,HLA-A*02:01,2,72,1,3
without_flanks,CHGA_L9C,L9C,signal_or_junction,HLA-A*24:02,0.5,72,0,0
without_flanks,CHGA_L9C,L9C,signal_or_junction,HLA-A*24:02,1,72,0,0
without_flanks,CHGA_L9C,L9C,signal_or_junction,HLA-A*24:02,2,72,0,0
without_flanks,CHGA_L9C,L9C,signal_or_junction,HLA-A*03:01,0.5,72,0,0
without_flanks,CHGA_L9C,L9C,signal_or_junction,HLA-A*03:01,1,72,0,0
without_flanks,CHGA_L9C,L9C,signal_or_junction,HLA-A*03:01,2,72,0,0
without_flanks,CHGA_L9C,L9C,signal_or_junction,HLA-B*40:01,0.5,72,0,0
without_flanks,CHGA_L9C,L9C,signal_or_junction,HLA-B*40:01,1,72,0,0
without_flanks,CHGA_L9C,L9C,signal_or_junction,HLA-B*40:01,2,72,0,0
without_flanks,CHGA_L9C,L9C,signal_or_junction,HLA-B*49:01,0.5,72,0,0
without_flanks,CHGA_L9C,L9C,signal_or_junction,HLA-B*49:01,1,72,0,0
without_flanks,CHGA_L9C,L9C,signal_or_junction,HLA-B*49:01,2,72,0,0
without_flanks,CHGA_L9C,L9C,signal_or_junction,HLA-C*03:04,0.5,72,2,2
without_flanks,CHGA_L9C,L9C,signal_or_junction,HLA-C*03:04,1,72,3,5
without_flanks,CHGA_L9C,L9C,signal_or_junction,HLA-C*03:04,2,72,6,8
without_flanks,CHGA_L9C,L9C,signal_or_junction,HLA-C*07:01,0.5,72,0,0
without_flanks,CHGA_L9C,L9C,signal_or_junction,HLA-C*07:01,1,72,0,1
without_flanks,CHGA_L9C,L9C,signal_or_junction,HLA-C*07:01,2,72,4,4
without_flanks,CHGA_L9G,L9G,signal,all,0.5,266,0,0
without_flanks,CHGA_L9G,L9G,signal,all,1,266,2,5
without_flanks,CHGA_L9G,L9G,signal,all,2,266,10,12
without_flanks,CHGA_L9G,L9G,signal,HLA-A*02:01,0.5,38,0,0
without_flanks,CHGA_L9G,L9G,signal,HLA-A*02:01,1,38,0,2
without_flanks,CHGA_L9G,L9G,signal,HLA-A*02:01,2,38,4,5
without_flanks,CHGA_L9G,L9G,signal,HLA-A*24:02,0.5,38,0,0
without_flanks,CHGA_L9G,L9G,signal,HLA-A*24:02,1,38,0,0
without_flanks,CHGA_L9G,L9G,signal,HLA-A*24:02,2,38,0,0
without_flanks,CHGA_L9G,L9G,signal,HLA-A*03:01,0.5,38,0,0
without_flanks,CHGA_L9G,L9G,signal,HLA-A*03:01,1,38,0,0
without_flanks,CHGA_L9G,L9G,signal,HLA-A*03:01,2,38,0,0
without_flanks,CHGA_L9G,L9G,signal,HLA-B*40:01,0.5,38,0,0
without_flanks,CHGA_L9G,L9G,signal,HLA-B*40:01,1,38,0,0
without_flanks,CHGA_L9G,L9G,signal,HLA-B*40:01,2,38,0,0
without_flanks,CHGA_L9G,L9G,signal,HLA-B*49:01,0.5,38,0,0
without_flanks,CHGA_L9G,L9G,signal,HLA-B*49:01,1,38,0,0
without_flanks,CHGA_L9G,L9G,signal,HLA-B*49:01,2,38,0,0
without_flanks,CHGA_L9G,L9G,signal,HLA-C*03:04,0.5,38,0,0
without_flanks,CHGA_L9G,L9G,signal,HLA-C*03:04,1,38,2,2
without_flanks,CHGA_L9G,L9G,signal,HLA-C*03:04,2,38,4,4
without_flanks,CHGA_L9G,L9G,signal,HLA-C*07:01,0.5,38,0,0
without_flanks,CHGA_L9G,L9G,signal,HLA-C*07:01,1,38,0,1
without_flanks,CHGA_L9G,L9G,signal,HLA-C*07:01,2,38,2,3
without_flanks,CHGA_L9G,L9G,signal_or_junction,all,0.5,504,2,2
without_flanks,CHGA_L9G,L9G,signal_or_junction,all,1,504,4,7
without_flanks,CHGA_L9G,L9G,signal_or_junction,all,2,504,14,17
without_flanks,CHGA_L9G,L9G,signal_or_junction,HLA-A*02:01,0.5,72,0,0
without_flanks,CHGA_L9G,L9G,signal_or_junction,HLA-A*02:01,1,72,0,2
without_flanks,CHGA_L9G,L9G,signal_or_junction,HLA-A*02:01,2,72,4,6
without_flanks,CHGA_L9G,L9G,signal_or_junction,HLA-A*24:02,0.5,72,0,0
without_flanks,CHGA_L9G,L9G,signal_or_junction,HLA-A*24:02,1,72,0,0
without_flanks,CHGA_L9G,L9G,signal_or_junction,HLA-A*24:02,2,72,0,0
without_flanks,CHGA_L9G,L9G,signal_or_junction,HLA-A*03:01,0.5,72,0,0
without_flanks,CHGA_L9G,L9G,signal_or_junction,HLA-A*03:01,1,72,0,0
without_flanks,CHGA_L9G,L9G,signal_or_junction,HLA-A*03:01,2,72,0,0
without_flanks,CHGA_L9G,L9G,signal_or_junction,HLA-B*40:01,0.5,72,0,0
without_flanks,CHGA_L9G,L9G,signal_or_junction,HLA-B*40:01,1,72,0,0
without_flanks,CHGA_L9G,L9G,signal_or_junction,HLA-B*40:01,2,72,0,0
without_flanks,CHGA_L9G,L9G,signal_or_junction,HLA-B*49:01,0.5,72,0,0
without_flanks,CHGA_L9G,L9G,signal_or_junction,HLA-B*49:01,1,72,0,0
without_flanks,CHGA_L9G,L9G,signal_or_junction,HLA-B*49:01,2,72,0,0
without_flanks,CHGA_L9G,L9G,signal_or_junction,HLA-C*03:04,0.5,72,2,2
without_flanks,CHGA_L9G,L9G,signal_or_junction,HLA-C*03:04,1,72,4,4
without_flanks,CHGA_L9G,L9G,signal_or_junction,HLA-C*03:04,2,72,7,8
without_flanks,CHGA_L9G,L9G,signal_or_junction,HLA-C*07:01,0.5,72,0,0
without_flanks,CHGA_L9G,L9G,signal_or_junction,HLA-C*07:01,1,72,0,1
without_flanks,CHGA_L9G,L9G,signal_or_junction,HLA-C*07:01,2,72,3,3
without_flanks,CHGA_T17C,T17C,signal,all,0.5,266,2,2
without_flanks,CHGA_T17C,T17C,signal,all,1,266,6,9
without_flanks,CHGA_T17C,T17C,signal,all,2,266,10,16
without_flanks,CHGA_T17C,T17C,signal,HLA-A*02:01,0.5,38,0,0
without_flanks,CHGA_T17C,T17C,signal,HLA-A*02:01,1,38,0,1
without_flanks,CHGA_T17C,T17C,signal,HLA-A*02:01,2,38,1,5
without_flanks,CHGA_T17C,T17C,signal,HLA-A*24:02,0.5,38,0,0
without_flanks,CHGA_T17C,T17C,signal,HLA-A*24:02,1,38,0,0
without_flanks,CHGA_T17C,T17C,signal,HLA-A*24:02,2,38,0,0
without_flanks,CHGA_T17C,T17C,signal,HLA-A*03:01,0.5,38,0,0
without_flanks,CHGA_T17C,T17C,signal,HLA-A*03:01,1,38,0,0
without_flanks,CHGA_T17C,T17C,signal,HLA-A*03:01,2,38,0,0
without_flanks,CHGA_T17C,T17C,signal,HLA-B*40:01,0.5,38,0,0
without_flanks,CHGA_T17C,T17C,signal,HLA-B*40:01,1,38,0,0
without_flanks,CHGA_T17C,T17C,signal,HLA-B*40:01,2,38,0,0
without_flanks,CHGA_T17C,T17C,signal,HLA-B*49:01,0.5,38,0,0
without_flanks,CHGA_T17C,T17C,signal,HLA-B*49:01,1,38,0,0
without_flanks,CHGA_T17C,T17C,signal,HLA-B*49:01,2,38,0,0
without_flanks,CHGA_T17C,T17C,signal,HLA-C*03:04,0.5,38,1,1
without_flanks,CHGA_T17C,T17C,signal,HLA-C*03:04,1,38,4,5
without_flanks,CHGA_T17C,T17C,signal,HLA-C*03:04,2,38,5,6
without_flanks,CHGA_T17C,T17C,signal,HLA-C*07:01,0.5,38,1,1
without_flanks,CHGA_T17C,T17C,signal,HLA-C*07:01,1,38,2,3
without_flanks,CHGA_T17C,T17C,signal,HLA-C*07:01,2,38,4,5
without_flanks,CHGA_T17C,T17C,signal_or_junction,all,0.5,504,2,3
without_flanks,CHGA_T17C,T17C,signal_or_junction,all,1,504,7,10
without_flanks,CHGA_T17C,T17C,signal_or_junction,all,2,504,12,18
without_flanks,CHGA_T17C,T17C,signal_or_junction,HLA-A*02:01,0.5,72,0,0
without_flanks,CHGA_T17C,T17C,signal_or_junction,HLA-A*02:01,1,72,0,1
without_flanks,CHGA_T17C,T17C,signal_or_junction,HLA-A*02:01,2,72,1,5
without_flanks,CHGA_T17C,T17C,signal_or_junction,HLA-A*24:02,0.5,72,0,0
without_flanks,CHGA_T17C,T17C,signal_or_junction,HLA-A*24:02,1,72,0,0
without_flanks,CHGA_T17C,T17C,signal_or_junction,HLA-A*24:02,2,72,0,0
without_flanks,CHGA_T17C,T17C,signal_or_junction,HLA-A*03:01,0.5,72,0,0
without_flanks,CHGA_T17C,T17C,signal_or_junction,HLA-A*03:01,1,72,0,0
without_flanks,CHGA_T17C,T17C,signal_or_junction,HLA-A*03:01,2,72,0,0
without_flanks,CHGA_T17C,T17C,signal_or_junction,HLA-B*40:01,0.5,72,0,0
without_flanks,CHGA_T17C,T17C,signal_or_junction,HLA-B*40:01,1,72,0,0
without_flanks,CHGA_T17C,T17C,signal_or_junction,HLA-B*40:01,2,72,0,0
without_flanks,CHGA_T17C,T17C,signal_or_junction,HLA-B*49:01,0.5,72,0,0
without_flanks,CHGA_T17C,T17C,signal_or_junction,HLA-B*49:01,1,72,0,0
without_flanks,CHGA_T17C,T17C,signal_or_junction,HLA-B*49:01,2,72,0,0
without_flanks,CHGA_T17C,T17C,signal_or_junction,HLA-C*03:04,0.5,72,1,2
without_flanks,CHGA_T17C,T17C,signal_or_junction,HLA-C*03:04,1,72,5,6
without_flanks,CHGA_T17C,T17C,signal_or_junction,HLA-C*03:04,2,72,7,8
without_flanks,CHGA_T17C,T17C,signal_or_junction,HLA-C*07:01,0.5,72,1,1
without_flanks,CHGA_T17C,T17C,signal_or_junction,HLA-C*07:01,1,72,2,3
without_flanks,CHGA_T17C,T17C,signal_or_junction,HLA-C*07:01,2,72,4,5
without_flanks,CHGA_T17G,T17G,signal,all,0.5,266,2,2
without_flanks,CHGA_T17G,T17G,signal,all,1,266,6,10
without_flanks,CHGA_T17G,T17G,signal,all,2,266,10,16
without_flanks,CHGA_T17G,T17G,signal,HLA-A*02:01,0.5,38,0,0
without_flanks,CHGA_T17G,T17G,signal,HLA-A*02:01,1,38,0,2
without_flanks,CHGA_T17G,T17G,signal,HLA-A*02:01,2,38,1,5
without_flanks,CHGA_T17G,T17G,signal,HLA-A*24:02,0.5,38,0,0
without_flanks,CHGA_T17G,T17G,signal,HLA-A*24:02,1,38,0,0
without_flanks,CHGA_T17G,T17G,signal,HLA-A*24:02,2,38,0,0
without_flanks,CHGA_T17G,T17G,signal,HLA-A*03:01,0.5,38,0,0
without_flanks,CHGA_T17G,T17G,signal,HLA-A*03:01,1,38,0,0
without_flanks,CHGA_T17G,T17G,signal,HLA-A*03:01,2,38,0,0
without_flanks,CHGA_T17G,T17G,signal,HLA-B*40:01,0.5,38,0,0
without_flanks,CHGA_T17G,T17G,signal,HLA-B*40:01,1,38,0,0
without_flanks,CHGA_T17G,T17G,signal,HLA-B*40:01,2,38,0,0
without_flanks,CHGA_T17G,T17G,signal,HLA-B*49:01,0.5,38,0,0
without_flanks,CHGA_T17G,T17G,signal,HLA-B*49:01,1,38,0,0
without_flanks,CHGA_T17G,T17G,signal,HLA-B*49:01,2,38,0,0
without_flanks,CHGA_T17G,T17G,signal,HLA-C*03:04,0.5,38,1,1
without_flanks,CHGA_T17G,T17G,signal,HLA-C*03:04,1,38,4,5
without_flanks,CHGA_T17G,T17G,signal,HLA-C*03:04,2,38,5,6
without_flanks,CHGA_T17G,T17G,signal,HLA-C*07:01,0.5,38,1,1
without_flanks,CHGA_T17G,T17G,signal,HLA-C*07:01,1,38,2,3
without_flanks,CHGA_T17G,T17G,signal,HLA-C*07:01,2,38,4,5
without_flanks,CHGA_T17G,T17G,signal_or_junction,all,0.5,504,2,2
without_flanks,CHGA_T17G,T17G,signal_or_junction,all,1,504,8,12
without_flanks,CHGA_T17G,T17G,signal_or_junction,all,2,504,12,21
without_flanks,CHGA_T17G,T17G,signal_or_junction,HLA-A*02:01,0.5,72,0,0
without_flanks,CHGA_T17G,T17G,signal_or_junction,HLA-A*02:01,1,72,0,2
without_flanks,CHGA_T17G,T17G,signal_or_junction,HLA-A*02:01,2,72,1,6
without_flanks,CHGA_T17G,T17G,signal_or_junction,HLA-A*24:02,0.5,72,0,0
without_flanks,CHGA_T17G,T17G,signal_or_junction,HLA-A*24:02,1,72,0,0
without_flanks,CHGA_T17G,T17G,signal_or_junction,HLA-A*24:02,2,72,0,0
without_flanks,CHGA_T17G,T17G,signal_or_junction,HLA-A*03:01,0.5,72,0,0
without_flanks,CHGA_T17G,T17G,signal_or_junction,HLA-A*03:01,1,72,0,0
without_flanks,CHGA_T17G,T17G,signal_or_junction,HLA-A*03:01,2,72,0,0
without_flanks,CHGA_T17G,T17G,signal_or_junction,HLA-B*40:01,0.5,72,0,0
without_flanks,CHGA_T17G,T17G,signal_or_junction,HLA-B*40:01,1,72,0,0
without_flanks,CHGA_T17G,T17G,signal_or_junction,HLA-B*40:01,2,72,0,0
without_flanks,CHGA_T17G,T17G,signal_or_junction,HLA-B*49:01,0.5,72,0,0
without_flanks,CHGA_T17G,T17G,signal_or_junction,HLA-B*49:01,1,72,0,0
without_flanks,CHGA_T17G,T17G,signal_or_junction,HLA-B*49:01,2,72,0,1
without_flanks,CHGA_T17G,T17G,signal_or_junction,HLA-C*03:04,0.5,72,1,1
without_flanks,CHGA_T17G,T17G,signal_or_junction,HLA-C*03:04,1,72,6,7
without_flanks,CHGA_T17G,T17G,signal_or_junction,HLA-C*03:04,2,72,7,8
without_flanks,CHGA_T17G,T17G,signal_or_junction,HLA-C*07:01,0.5,72,1,1
without_flanks,CHGA_T17G,T17G,signal_or_junction,HLA-C*07:01,1,72,2,3
without_flanks,CHGA_T17G,T17G,signal_or_junction,HLA-C*07:01,2,72,4,6
without_flanks,CHGA_L9C_T17C,L9C_T17C,signal,all,0.5,266,0,0
without_flanks,CHGA_L9C_T17C,L9C_T17C,signal,all,1,266,1,4
without_flanks,CHGA_L9C_T17C,L9C_T17C,signal,all,2,266,6,10
without_flanks,CHGA_L9C_T17C,L9C_T17C,signal,HLA-A*02:01,0.5,38,0,0
without_flanks,CHGA_L9C_T17C,L9C_T17C,signal,HLA-A*02:01,1,38,0,0
without_flanks,CHGA_L9C_T17C,L9C_T17C,signal,HLA-A*02:01,2,38,0,2
without_flanks,CHGA_L9C_T17C,L9C_T17C,signal,HLA-A*24:02,0.5,38,0,0
without_flanks,CHGA_L9C_T17C,L9C_T17C,signal,HLA-A*24:02,1,38,0,0
without_flanks,CHGA_L9C_T17C,L9C_T17C,signal,HLA-A*24:02,2,38,0,0
without_flanks,CHGA_L9C_T17C,L9C_T17C,signal,HLA-A*03:01,0.5,38,0,0
without_flanks,CHGA_L9C_T17C,L9C_T17C,signal,HLA-A*03:01,1,38,0,0
without_flanks,CHGA_L9C_T17C,L9C_T17C,signal,HLA-A*03:01,2,38,0,0
without_flanks,CHGA_L9C_T17C,L9C_T17C,signal,HLA-B*40:01,0.5,38,0,0
without_flanks,CHGA_L9C_T17C,L9C_T17C,signal,HLA-B*40:01,1,38,0,0
without_flanks,CHGA_L9C_T17C,L9C_T17C,signal,HLA-B*40:01,2,38,0,0
without_flanks,CHGA_L9C_T17C,L9C_T17C,signal,HLA-B*49:01,0.5,38,0,0
without_flanks,CHGA_L9C_T17C,L9C_T17C,signal,HLA-B*49:01,1,38,0,0
without_flanks,CHGA_L9C_T17C,L9C_T17C,signal,HLA-B*49:01,2,38,0,0
without_flanks,CHGA_L9C_T17C,L9C_T17C,signal,HLA-C*03:04,0.5,38,0,0
without_flanks,CHGA_L9C_T17C,L9C_T17C,signal,HLA-C*03:04,1,38,1,3
without_flanks,CHGA_L9C_T17C,L9C_T17C,signal,HLA-C*03:04,2,38,3,4
without_flanks,CHGA_L9C_T17C,L9C_T17C,signal,HLA-C*07:01,0.5,38,0,0
without_flanks,CHGA_L9C_T17C,L9C_T17C,signal,HLA-C*07:01,1,38,0,1
without_flanks,CHGA_L9C_T17C,L9C_T17C,signal,HLA-C*07:01,2,38,3,4
without_flanks,CHGA_L9C_T17C,L9C_T17C,signal_or_junction,all,0.5,504,0,1
without_flanks,CHGA_L9C_T17C,L9C_T17C,signal_or_junction,all,1,504,2,5
without_flanks,CHGA_L9C_T17C,L9C_T17C,signal_or_junction,all,2,504,8,12
without_flanks,CHGA_L9C_T17C,L9C_T17C,signal_or_junction,HLA-A*02:01,0.5,72,0,0
without_flanks,CHGA_L9C_T17C,L9C_T17C,signal_or_junction,HLA-A*02:01,1,72,0,0
without_flanks,CHGA_L9C_T17C,L9C_T17C,signal_or_junction,HLA-A*02:01,2,72,0,2
without_flanks,CHGA_L9C_T17C,L9C_T17C,signal_or_junction,HLA-A*24:02,0.5,72,0,0
without_flanks,CHGA_L9C_T17C,L9C_T17C,signal_or_junction,HLA-A*24:02,1,72,0,0
without_flanks,CHGA_L9C_T17C,L9C_T17C,signal_or_junction,HLA-A*24:02,2,72,0,0
without_flanks,CHGA_L9C_T17C,L9C_T17C,signal_or_junction,HLA-A*03:01,0.5,72,0,0
without_flanks,CHGA_L9C_T17C,L9C_T17C,signal_or_junction,HLA-A*03:01,1,72,0,0
without_flanks,CHGA_L9C_T17C,L9C_T17C,signal_or_junction,HLA-A*03:01,2,72,0,0
without_flanks,CHGA_L9C_T17C,L9C_T17C,signal_or_junction,HLA-B*40:01,0.5,72,0,0
without_flanks,CHGA_L9C_T17C,L9C_T17C,signal_or_junction,HLA-B*40:01,1,72,0,0
without_flanks,CHGA_L9C_T17C,L9C_T17C,signal_or_junction,HLA-B*40:01,2,72,0,0
without_flanks,CHGA_L9C_T17C,L9C_T17C,signal_or_junction,HLA-B*49:01,0.5,72,0,0
without_flanks,CHGA_L9C_T17C,L9C_T17C,signal_or_junction,HLA-B*49:01,1,72,0,0
without_flanks,CHGA_L9C_T17C,L9C_T17C,signal_or_junction,HLA-B*49:01,2,72,0,0
without_flanks,CHGA_L9C_T17C,L9C_T17C,signal_or_junction,HLA-C*03:04,0.5,72,0,1
without_flanks,CHGA_L9C_T17C,L9C_T17C,signal_or_junction,HLA-C*03:04,1,72,2,4
without_flanks,CHGA_L9C_T17C,L9C_T17C,signal_or_junction,HLA-C*03:04,2,72,5,6
without_flanks,CHGA_L9C_T17C,L9C_T17C,signal_or_junction,HLA-C*07:01,0.5,72,0,0
without_flanks,CHGA_L9C_T17C,L9C_T17C,signal_or_junction,HLA-C*07:01,1,72,0,1
without_flanks,CHGA_L9C_T17C,L9C_T17C,signal_or_junction,HLA-C*07:01,2,72,3,4
without_flanks,CHGA_L9C_T17G,L9C_T17G,signal,all,0.5,266,0,0
without_flanks,CHGA_L9C_T17G,L9C_T17G,signal,all,1,266,1,5
without_flanks,CHGA_L9C_T17G,L9C_T17G,signal,all,2,266,6,10
without_flanks,CHGA_L9C_T17G,L9C_T17G,signal,HLA-A*02:01,0.5,38,0,0
without_flanks,CHGA_L9C_T17G,L9C_T17G,signal,HLA-A*02:01,1,38,0,1
without_flanks,CHGA_L9C_T17G,L9C_T17G,signal,HLA-A*02:01,2,38,0,2
without_flanks,CHGA_L9C_T17G,L9C_T17G,signal,HLA-A*24:02,0.5,38,0,0
without_flanks,CHGA_L9C_T17G,L9C_T17G,signal,HLA-A*24:02,1,38,0,0
without_flanks,CHGA_L9C_T17G,L9C_T17G,signal,HLA-A*24:02,2,38,0,0
without_flanks,CHGA_L9C_T17G,L9C_T17G,signal,HLA-A*03:01,0.5,38,0,0
without_flanks,CHGA_L9C_T17G,L9C_T17G,signal,HLA-A*03:01,1,38,0,0
without_flanks,CHGA_L9C_T17G,L9C_T17G,signal,HLA-A*03:01,2,38,0,0
without_flanks,CHGA_L9C_T17G,L9C_T17G,signal,HLA-B*40:01,0.5,38,0,0
without_flanks,CHGA_L9C_T17G,L9C_T17G,signal,HLA-B*40:01,1,38,0,0
without_flanks,CHGA_L9C_T17G,L9C_T17G,signal,HLA-B*40:01,2,38,0,0
without_flanks,CHGA_L9C_T17G,L9C_T17G,signal,HLA-B*49:01,0.5,38,0,0
without_flanks,CHGA_L9C_T17G,L9C_T17G,signal,HLA-B*49:01,1,38,0,0
without_flanks,CHGA_L9C_T17G,L9C_T17G,signal,HLA-B*49:01,2,38,0,0
without_flanks,CHGA_L9C_T17G,L9C_T17G,signal,HLA-C*03:04,0.5,38,0,0
without_flanks,CHGA_L9C_T17G,L9C_T17G,signal,HLA-C*03:04,1,38,1,3
without_flanks,CHGA_L9C_T17G,L9C_T17G,signal,HLA-C*03:04,2,38,3,4
without_flanks,CHGA_L9C_T17G,L9C_T17G,signal,HLA-C*07:01,0.5,38,0,0
without_flanks,CHGA_L9C_T17G,L9C_T17G,signal,HLA-C*07:01,1,38,0,1
without_flanks,CHGA_L9C_T17G,L9C_T17G,signal,HLA-C*07:01,2,38,3,4
without_flanks,CHGA_L9C_T17G,L9C_T17G,signal_or_junction,all,0.5,504,0,0
without_flanks,CHGA_L9C_T17G,L9C_T17G,signal_or_junction,all,1,504,3,7
without_flanks,CHGA_L9C_T17G,L9C_T17G,signal_or_junction,all,2,504,8,15
without_flanks,CHGA_L9C_T17G,L9C_T17G,signal_or_junction,HLA-A*02:01,0.5,72,0,0
without_flanks,CHGA_L9C_T17G,L9C_T17G,signal_or_junction,HLA-A*02:01,1,72,0,1
without_flanks,CHGA_L9C_T17G,L9C_T17G,signal_or_junction,HLA-A*02:01,2,72,0,3
without_flanks,CHGA_L9C_T17G,L9C_T17G,signal_or_junction,HLA-A*24:02,0.5,72,0,0
without_flanks,CHGA_L9C_T17G,L9C_T17G,signal_or_junction,HLA-A*24:02,1,72,0,0
without_flanks,CHGA_L9C_T17G,L9C_T17G,signal_or_junction,HLA-A*24:02,2,72,0,0
without_flanks,CHGA_L9C_T17G,L9C_T17G,signal_or_junction,HLA-A*03:01,0.5,72,0,0
without_flanks,CHGA_L9C_T17G,L9C_T17G,signal_or_junction,HLA-A*03:01,1,72,0,0
without_flanks,CHGA_L9C_T17G,L9C_T17G,signal_or_junction,HLA-A*03:01,2,72,0,0
without_flanks,CHGA_L9C_T17G,L9C_T17G,signal_or_junction,HLA-B*40:01,0.5,72,0,0
without_flanks,CHGA_L9C_T17G,L9C_T17G,signal_or_junction,HLA-B*40:01,1,72,0,0
without_flanks,CHGA_L9C_T17G,L9C_T17G,signal_or_junction,HLA-B*40:01,2,72,0,0
without_flanks,CHGA_L9C_T17G,L9C_T17G,signal_or_junction,HLA-B*49:01,0.5,72,0,0
without_flanks,CHGA_L9C_T17G,L9C_T17G,signal_or_junction,HLA-B*49:01,1,72,0,0
without_flanks,CHGA_L9C_T17G,L9C_T17G,signal_or_junction,HLA-B*49:01,2,72,0,1
without_flanks,CHGA_L9C_T17G,L9C_T17G,signal_or_junction,HLA-C*03:04,0.5,72,0,0
without_flanks,CHGA_L9C_T17G,L9C_T17G,signal_or_junction,HLA-C*03:04,1,72,3,5
without_flanks,CHGA_L9C_T17G,L9C_T17G,signal_or_junction,HLA-C*03:04,2,72,5,6
without_flanks,CHGA_L9C_T17G,L9C_T17G,signal_or_junction,HLA-C*07:01,0.5,72,0,0
without_flanks,CHGA_L9C_T17G,L9C_T17G,signal_or_junction,HLA-C*07:01,1,72,0,1
without_flanks,CHGA_L9C_T17G,L9C_T17G,signal_or_junction,HLA-C*07:01,2,72,3,5
without_flanks,CHGA_L9C_T17D,L9C_T17D,signal,all,0.5,266,0,0
without_flanks,CHGA_L9C_T17D,L9C_T17D,signal,all,1,266,1,4
without_flanks,CHGA_L9C_T17D,L9C_T17D,signal,all,2,266,6,9
without_flanks,CHGA_L9C_T17D,L9C_T17D,signal,HLA-A*02:01,0.5,38,0,0
without_flanks,CHGA_L9C_T17D,L9C_T17D,signal,HLA-A*02:01,1,38,0,0
without_flanks,CHGA_L9C_T17D,L9C_T17D,signal,HLA-A*02:01,2,38,0,1
without_flanks,CHGA_L9C_T17D,L9C_T17D,signal,HLA-A*24:02,0.5,38,0,0
without_flanks,CHGA_L9C_T17D,L9C_T17D,signal,HLA-A*24:02,1,38,0,0
without_flanks,CHGA_L9C_T17D,L9C_T17D,signal,HLA-A*24:02,2,38,0,0
without_flanks,CHGA_L9C_T17D,L9C_T17D,signal,HLA-A*03:01,0.5,38,0,0
without_flanks,CHGA_L9C_T17D,L9C_T17D,signal,HLA-A*03:01,1,38,0,0
without_flanks,CHGA_L9C_T17D,L9C_T17D,signal,HLA-A*03:01,2,38,0,0
without_flanks,CHGA_L9C_T17D,L9C_T17D,signal,HLA-B*40:01,0.5,38,0,0
without_flanks,CHGA_L9C_T17D,L9C_T17D,signal,HLA-B*40:01,1,38,0,0
without_flanks,CHGA_L9C_T17D,L9C_T17D,signal,HLA-B*40:01,2,38,0,0
without_flanks,CHGA_L9C_T17D,L9C_T17D,signal,HLA-B*49:01,0.5,38,0,0
without_flanks,CHGA_L9C_T17D,L9C_T17D,signal,HLA-B*49:01,1,38,0,0
without_flanks,CHGA_L9C_T17D,L9C_T17D,signal,HLA-B*49:01,2,38,0,0
without_flanks,CHGA_L9C_T17D,L9C_T17D,signal,HLA-C*03:04,0.5,38,0,0
without_flanks,CHGA_L9C_T17D,L9C_T17D,signal,HLA-C*03:04,1,38,1,3
without_flanks,CHGA_L9C_T17D,L9C_T17D,signal,HLA-C*03:04,2,38,3,4
without_flanks,CHGA_L9C_T17D,L9C_T17D,signal,HLA-C*07:01,0.5,38,0,0
without_flanks,CHGA_L9C_T17D,L9C_T17D,signal,HLA-C*07:01,1,38,0,1
without_flanks,CHGA_L9C_T17D,L9C_T17D,signal,HLA-C*07:01,2,38,3,4
without_flanks,CHGA_L9C_T17D,L9C_T17D,signal_or_junction,all,0.5,504,0,1
without_flanks,CHGA_L9C_T17D,L9C_T17D,signal_or_junction,all,1,504,1,6
without_flanks,CHGA_L9C_T17D,L9C_T17D,signal_or_junction,all,2,504,10,15
without_flanks,CHGA_L9C_T17D,L9C_T17D,signal_or_junction,HLA-A*02:01,0.5,72,0,0
without_flanks,CHGA_L9C_T17D,L9C_T17D,signal_or_junction,HLA-A*02:01,1,72,0,1
without_flanks,CHGA_L9C_T17D,L9C_T17D,signal_or_junction,HLA-A*02:01,2,72,1,2
without_flanks,CHGA_L9C_T17D,L9C_T17D,signal_or_junction,HLA-A*24:02,0.5,72,0,0
without_flanks,CHGA_L9C_T17D,L9C_T17D,signal_or_junction,HLA-A*24:02,1,72,0,0
without_flanks,CHGA_L9C_T17D,L9C_T17D,signal_or_junction,HLA-A*24:02,2,72,0,0
without_flanks,CHGA_L9C_T17D,L9C_T17D,signal_or_junction,HLA-A*03:01,0.5,72,0,0
without_flanks,CHGA_L9C_T17D,L9C_T17D,signal_or_junction,HLA-A*03:01,1,72,0,0
without_flanks,CHGA_L9C_T17D,L9C_T17D,signal_or_junction,HLA-A*03:01,2,72,0,0
without_flanks,CHGA_L9C_T17D,L9C_T17D,signal_or_junction,HLA-B*40:01,0.5,72,0,0
without_flanks,CHGA_L9C_T17D,L9C_T17D,signal_or_junction,HLA-B*40:01,1,72,0,0
without_flanks,CHGA_L9C_T17D,L9C_T17D,signal_or_junction,HLA-B*40:01,2,72,2,0
without_flanks,CHGA_L9C_T17D,L9C_T17D,signal_or_junction,HLA-B*49:01,0.5,72,0,0
without_flanks,CHGA_L9C_T17D,L9C_T17D,signal_or_junction,HLA-B*49:01,1,72,0,0
without_flanks,CHGA_L9C_T17D,L9C_T17D,signal_or_junction,HLA-B*49:01,2,72,1,2
without_flanks,CHGA_L9C_T17D,L9C_T17D,signal_or_junction,HLA-C*03:04,0.5,72,0,1
without_flanks,CHGA_L9C_T17D,L9C_T17D,signal_or_junction,HLA-C*03:04,1,72,1,4
without_flanks,CHGA_L9C_T17D,L9C_T17D,signal_or_junction,HLA-C*03:04,2,72,3,6
without_flanks,CHGA_L9C_T17D,L9C_T17D,signal_or_junction,HLA-C*07:01,0.5,72,0,0
without_flanks,CHGA_L9C_T17D,L9C_T17D,signal_or_junction,HLA-C*07:01,1,72,0,1
without_flanks,CHGA_L9C_T17D,L9C_T17D,signal_or_junction,HLA-C*07:01,2,72,3,5
without_flanks,CHGA_L9C_T17P,L9C_T17P,signal,all,0.5,266,0,0
without_flanks,CHGA_L9C_T17P,L9C_T17P,signal,all,1,266,1,5
without_flanks,CHGA_L9C_T17P,L9C_T17P,signal,all,2,266,6,10
without_flanks,CHGA_L9C_T17P,L9C_T17P,signal,HLA-A*02:01,0.5,38,0,0
without_flanks,CHGA_L9C_T17P,L9C_T17P,signal,HLA-A*02:01,1,38,0,1
without_flanks,CHGA_L9C_T17P,L9C_T17P,signal,HLA-A*02:01,2,38,0,2
without_flanks,CHGA_L9C_T17P,L9C_T17P,signal,HLA-A*24:02,0.5,38,0,0
without_flanks,CHGA_L9C_T17P,L9C_T17P,signal,HLA-A*24:02,1,38,0,0
without_flanks,CHGA_L9C_T17P,L9C_T17P,signal,HLA-A*24:02,2,38,0,0
without_flanks,CHGA_L9C_T17P,L9C_T17P,signal,HLA-A*03:01,0.5,38,0,0
without_flanks,CHGA_L9C_T17P,L9C_T17P,signal,HLA-A*03:01,1,38,0,0
without_flanks,CHGA_L9C_T17P,L9C_T17P,signal,HLA-A*03:01,2,38,0,0
without_flanks,CHGA_L9C_T17P,L9C_T17P,signal,HLA-B*40:01,0.5,38,0,0
without_flanks,CHGA_L9C_T17P,L9C_T17P,signal,HLA-B*40:01,1,38,0,0
without_flanks,CHGA_L9C_T17P,L9C_T17P,signal,HLA-B*40:01,2,38,0,0
without_flanks,CHGA_L9C_T17P,L9C_T17P,signal,HLA-B*49:01,0.5,38,0,0
without_flanks,CHGA_L9C_T17P,L9C_T17P,signal,HLA-B*49:01,1,38,0,0
without_flanks,CHGA_L9C_T17P,L9C_T17P,signal,HLA-B*49:01,2,38,0,0
without_flanks,CHGA_L9C_T17P,L9C_T17P,signal,HLA-C*03:04,0.5,38,0,0
without_flanks,CHGA_L9C_T17P,L9C_T17P,signal,HLA-C*03:04,1,38,1,3
without_flanks,CHGA_L9C_T17P,L9C_T17P,signal,HLA-C*03:04,2,38,3,4
without_flanks,CHGA_L9C_T17P,L9C_T17P,signal,HLA-C*07:01,0.5,38,0,0
without_flanks,CHGA_L9C_T17P,L9C_T17P,signal,HLA-C*07:01,1,38,0,1
without_flanks,CHGA_L9C_T17P,L9C_T17P,signal,HLA-C*07:01,2,38,3,4
without_flanks,CHGA_L9C_T17P,L9C_T17P,signal_or_junction,all,0.5,504,0,0
without_flanks,CHGA_L9C_T17P,L9C_T17P,signal_or_junction,all,1,504,2,6
without_flanks,CHGA_L9C_T17P,L9C_T17P,signal_or_junction,all,2,504,9,17
without_flanks,CHGA_L9C_T17P,L9C_T17P,signal_or_junction,HLA-A*02:01,0.5,72,0,0
without_flanks,CHGA_L9C_T17P,L9C_T17P,signal_or_junction,HLA-A*02:01,1,72,0,1
without_flanks,CHGA_L9C_T17P,L9C_T17P,signal_or_junction,HLA-A*02:01,2,72,0,3
without_flanks,CHGA_L9C_T17P,L9C_T17P,signal_or_junction,HLA-A*24:02,0.5,72,0,0
without_flanks,CHGA_L9C_T17P,L9C_T17P,signal_or_junction,HLA-A*24:02,1,72,0,0
without_flanks,CHGA_L9C_T17P,L9C_T17P,signal_or_junction,HLA-A*24:02,2,72,0,0
without_flanks,CHGA_L9C_T17P,L9C_T17P,signal_or_junction,HLA-A*03:01,0.5,72,0,0
without_flanks,CHGA_L9C_T17P,L9C_T17P,signal_or_junction,HLA-A*03:01,1,72,0,0
without_flanks,CHGA_L9C_T17P,L9C_T17P,signal_or_junction,HLA-A*03:01,2,72,0,0
without_flanks,CHGA_L9C_T17P,L9C_T17P,signal_or_junction,HLA-B*40:01,0.5,72,0,0
without_flanks,CHGA_L9C_T17P,L9C_T17P,signal_or_junction,HLA-B*40:01,1,72,0,0
without_flanks,CHGA_L9C_T17P,L9C_T17P,signal_or_junction,HLA-B*40:01,2,72,1,0
without_flanks,CHGA_L9C_T17P,L9C_T17P,signal_or_junction,HLA-B*49:01,0.5,72,0,0
without_flanks,CHGA_L9C_T17P,L9C_T17P,signal_or_junction,HLA-B*49:01,1,72,0,0
without_flanks,CHGA_L9C_T17P,L9C_T17P,signal_or_junction,HLA-B*49:01,2,72,0,1
without_flanks,CHGA_L9C_T17P,L9C_T17P,signal_or_junction,HLA-C*03:04,0.5,72,0,0
without_flanks,CHGA_L9C_T17P,L9C_T17P,signal_or_junction,HLA-C*03:04,1,72,2,4
without_flanks,CHGA_L9C_T17P,L9C_T17P,signal_or_junction,HLA-C*03:04,2,72,5,8
without_flanks,CHGA_L9C_T17P,L9C_T17P,signal_or_junction,HLA-C*07:01,0.5,72,0,0
without_flanks,CHGA_L9C_T17P,L9C_T17P,signal_or_junction,HLA-C*07:01,1,72,0,1
without_flanks,CHGA_L9C_T17P,L9C_T17P,signal_or_junction,HLA-C*07:01,2,72,3,5
without_flanks,CHGA_L9G_T17C,L9G_T17C,signal,all,0.5,266,0,0
without_flanks,CHGA_L9G_T17C,L9G_T17C,signal,all,1,266,2,4
without_flanks,CHGA_L9G_T17C,L9G_T17C,signal,all,2,266,8,12
without_flanks,CHGA_L9G_T17C,L9G_T17C,signal,HLA-A*02:01,0.5,38,0,0
without_flanks,CHGA_L9G_T17C,L9G_T17C,signal,HLA-A*02:01,1,38,0,1
without_flanks,CHGA_L9G_T17C,L9G_T17C,signal,HLA-A*02:01,2,38,2,5
without_flanks,CHGA_L9G_T17C,L9G_T17C,signal,HLA-A*24:02,0.5,38,0,0
without_flanks,CHGA_L9G_T17C,L9G_T17C,signal,HLA-A*24:02,1,38,0,0
without_flanks,CHGA_L9G_T17C,L9G_T17C,signal,HLA-A*24:02,2,38,0,0
without_flanks,CHGA_L9G_T17C,L9G_T17C,signal,HLA-A*03:01,0.5,38,0,0
without_flanks,CHGA_L9G_T17C,L9G_T17C,signal,HLA-A*03:01,1,38,0,0
without_flanks,CHGA_L9G_T17C,L9G_T17C,signal,HLA-A*03:01,2,38,0,0
without_flanks,CHGA_L9G_T17C,L9G_T17C,signal,HLA-B*40:01,0.5,38,0,0
without_flanks,CHGA_L9G_T17C,L9G_T17C,signal,HLA-B*40:01,1,38,0,0
without_flanks,CHGA_L9G_T17C,L9G_T17C,signal,HLA-B*40:01,2,38,0,0
without_flanks,CHGA_L9G_T17C,L9G_T17C,signal,HLA-B*49:01,0.5,38,0,0
without_flanks,CHGA_L9G_T17C,L9G_T17C,signal,HLA-B*49:01,1,38,0,0
without_flanks,CHGA_L9G_T17C,L9G_T17C,signal,HLA-B*49:01,2,38,0,0
without_flanks,CHGA_L9G_T17C,L9G_T17C,signal,HLA-C*03:04,0.5,38,0,0
without_flanks,CHGA_L9G_T17C,L9G_T17C,signal,HLA-C*03:04,1,38,2,2
without_flanks,CHGA_L9G_T17C,L9G_T17C,signal,HLA-C*03:04,2,38,4,4
without_flanks,CHGA_L9G_T17C,L9G_T17C,signal,HLA-C*07:01,0.5,38,0,0
without_flanks,CHGA_L9G_T17C,L9G_T17C,signal,HLA-C*07:01,1,38,0,1
without_flanks,CHGA_L9G_T17C,L9G_T17C,signal,HLA-C*07:01,2,38,2,3
without_flanks,CHGA_L9G_T17C,L9G_T17C,signal_or_junction,all,0.5,504,0,1
without_flanks,CHGA_L9G_T17C,L9G_T17C,signal_or_junction,all,1,504,3,5
without_flanks,CHGA_L9G_T17C,L9G_T17C,signal_or_junction,all,2,504,10,14
without_flanks,CHGA_L9G_T17C,L9G_T17C,signal_or_junction,HLA-A*02:01,0.5,72,0,0
without_flanks,CHGA_L9G_T17C,L9G_T17C,signal_or_junction,HLA-A*02:01,1,72,0,1
without_flanks,CHGA_L9G_T17C,L9G_T17C,signal_or_junction,HLA-A*02:01,2,72,2,5
without_flanks,CHGA_L9G_T17C,L9G_T17C,signal_or_junction,HLA-A*24:02,0.5,72,0,0
without_flanks,CHGA_L9G_T17C,L9G_T17C,signal_or_junction,HLA-A*24:02,1,72,0,0
without_flanks,CHGA_L9G_T17C,L9G_T17C,signal_or_junction,HLA-A*24:02,2,72,0,0
without_flanks,CHGA_L9G_T17C,L9G_T17C,signal_or_junction,HLA-A*03:01,0.5,72,0,0
without_flanks,CHGA_L9G_T17C,L9G_T17C,signal_or_junction,HLA-A*03:01,1,72,0,0
without_flanks,CHGA_L9G_T17C,L9G_T17C,signal_or_junction,HLA-A*03:01,2,72,0,0
without_flanks,CHGA_L9G_T17C,L9G_T17C,signal_or_junction,HLA-B*40:01,0.5,72,0,0
without_flanks,CHGA_L9G_T17C,L9G_T17C,signal_or_junction,HLA-B*40:01,1,72,0,0
without_flanks,CHGA_L9G_T17C,L9G_T17C,signal_or_junction,HLA-B*40:01,2,72,0,0
without_flanks,CHGA_L9G_T17C,L9G_T17C,signal_or_junction,HLA-B*49:01,0.5,72,0,0
without_flanks,CHGA_L9G_T17C,L9G_T17C,signal_or_junction,HLA-B*49:01,1,72,0,0
without_flanks,CHGA_L9G_T17C,L9G_T17C,signal_or_junction,HLA-B*49:01,2,72,0,0
without_flanks,CHGA_L9G_T17C,L9G_T17C,signal_or_junction,HLA-C*03:04,0.5,72,0,1
without_flanks,CHGA_L9G_T17C,L9G_T17C,signal_or_junction,HLA-C*03:04,1,72,3,3
without_flanks,CHGA_L9G_T17C,L9G_T17C,signal_or_junction,HLA-C*03:04,2,72,6,6
without_flanks,CHGA_L9G_T17C,L9G_T17C,signal_or_junction,HLA-C*07:01,0.5,72,0,0
without_flanks,CHGA_L9G_T17C,L9G_T17C,signal_or_junction,HLA-C*07:01,1,72,0,1
without_flanks,CHGA_L9G_T17C,L9G_T17C,signal_or_junction,HLA-C*07:01,2,72,2,3
without_flanks,CHGA_L9G_T17G,L9G_T17G,signal,all,0.5,266,0,0
without_flanks,CHGA_L9G_T17G,L9G_T17G,signal,all,1,266,2,5
without_flanks,CHGA_L9G_T17G,L9G_T17G,signal,all,2,266,8,12
without_flanks,CHGA_L9G_T17G,L9G_T17G,signal,HLA-A*02:01,0.5,38,0,0
without_flanks,CHGA_L9G_T17G,L9G_T17G,signal,HLA-A*02:01,1,38,0,2
without_flanks,CHGA_L9G_T17G,L9G_T17G,signal,HLA-A*02:01,2,38,2,5
without_flanks,CHGA_L9G_T17G,L9G_T17G,signal,HLA-A*24:02,0.5,38,0,0
without_flanks,CHGA_L9G_T17G,L9G_T17G,signal,HLA-A*24:02,1,38,0,0
without_flanks,CHGA_L9G_T17G,L9G_T17G,signal,HLA-A*24:02,2,38,0,0
without_flanks,CHGA_L9G_T17G,L9G_T17G,signal,HLA-A*03:01,0.5,38,0,0
without_flanks,CHGA_L9G_T17G,L9G_T17G,signal,HLA-A*03:01,1,38,0,0
without_flanks,CHGA_L9G_T17G,L9G_T17G,signal,HLA-A*03:01,2,38,0,0
without_flanks,CHGA_L9G_T17G,L9G_T17G,signal,HLA-B*40:01,0.5,38,0,0
without_flanks,CHGA_L9G_T17G,L9G_T17G,signal,HLA-B*40:01,1,38,0,0
without_flanks,CHGA_L9G_T17G,L9G_T17G,signal,HLA-B*40:01,2,38,0,0
without_flanks,CHGA_L9G_T17G,L9G_T17G,signal,HLA-B*49:01,0.5,38,0,0
without_flanks,CHGA_L9G_T17G,L9G_T17G,signal,HLA-B*49:01,1,38,0,0
without_flanks,CHGA_L9G_T17G,L9G_T17G,signal,HLA-B*49:01,2,38,0,0
without_flanks,CHGA_L9G_T17G,L9G_T17G,signal,HLA-C*03:04,0.5,38,0,0
without_flanks,CHGA_L9G_T17G,L9G_T17G,signal,HLA-C*03:04,1,38,2,2
without_flanks,CHGA_L9G_T17G,L9G_T17G,signal,HLA-C*03:04,2,38,4,4
without_flanks,CHGA_L9G_T17G,L9G_T17G,signal,HLA-C*07:01,0.5,38,0,0
without_flanks,CHGA_L9G_T17G,L9G_T17G,signal,HLA-C*07:01,1,38,0,1
without_flanks,CHGA_L9G_T17G,L9G_T17G,signal,HLA-C*07:01,2,38,2,3
without_flanks,CHGA_L9G_T17G,L9G_T17G,signal_or_junction,all,0.5,504,0,0
without_flanks,CHGA_L9G_T17G,L9G_T17G,signal_or_junction,all,1,504,4,7
without_flanks,CHGA_L9G_T17G,L9G_T17G,signal_or_junction,all,2,504,10,17
without_flanks,CHGA_L9G_T17G,L9G_T17G,signal_or_junction,HLA-A*02:01,0.5,72,0,0
without_flanks,CHGA_L9G_T17G,L9G_T17G,signal_or_junction,HLA-A*02:01,1,72,0,2
without_flanks,CHGA_L9G_T17G,L9G_T17G,signal_or_junction,HLA-A*02:01,2,72,2,6
without_flanks,CHGA_L9G_T17G,L9G_T17G,signal_or_junction,HLA-A*24:02,0.5,72,0,0
without_flanks,CHGA_L9G_T17G,L9G_T17G,signal_or_junction,HLA-A*24:02,1,72,0,0
without_flanks,CHGA_L9G_T17G,L9G_T17G,signal_or_junction,HLA-A*24:02,2,72,0,0
without_flanks,CHGA_L9G_T17G,L9G_T17G,signal_or_junction,HLA-A*03:01,0.5,72,0,0
without_flanks,CHGA_L9G_T17G,L9G_T17G,signal_or_junction,HLA-A*03:01,1,72,0,0
without_flanks,CHGA_L9G_T17G,L9G_T17G,signal_or_junction,HLA-A*03:01,2,72,0,0
without_flanks,CHGA_L9G_T17G,L9G_T17G,signal_or_junction,HLA-B*40:01,0.5,72,0,0
without_flanks,CHGA_L9G_T17G,L9G_T17G,signal_or_junction,HLA-B*40:01,1,72,0,0
without_flanks,CHGA_L9G_T17G,L9G_T17G,signal_or_junction,HLA-B*40:01,2,72,0,0
without_flanks,CHGA_L9G_T17G,L9G_T17G,signal_or_junction,HLA-B*49:01,0.5,72,0,0
without_flanks,CHGA_L9G_T17G,L9G_T17G,signal_or_junction,HLA-B*49:01,1,72,0,0
without_flanks,CHGA_L9G_T17G,L9G_T17G,signal_or_junction,HLA-B*49:01,2,72,0,1
without_flanks,CHGA_L9G_T17G,L9G_T17G,signal_or_junction,HLA-C*03:04,0.5,72,0,0
without_flanks,CHGA_L9G_T17G,L9G_T17G,signal_or_junction,HLA-C*03:04,1,72,4,4
without_flanks,CHGA_L9G_T17G,L9G_T17G,signal_or_junction,HLA-C*03:04,2,72,6,6
without_flanks,CHGA_L9G_T17G,L9G_T17G,signal_or_junction,HLA-C*07:01,0.5,72,0,0
without_flanks,CHGA_L9G_T17G,L9G_T17G,signal_or_junction,HLA-C*07:01,1,72,0,1
without_flanks,CHGA_L9G_T17G,L9G_T17G,signal_or_junction,HLA-C*07:01,2,72,2,4
without_flanks,CHGA_L9G_T17D,L9G_T17D,signal,all,0.5,266,0,0
without_flanks,CHGA_L9G_T17D,L9G_T17D,signal,all,1,266,2,4
without_flanks,CHGA_L9G_T17D,L9G_T17D,signal,all,2,266,8,10
without_flanks,CHGA_L9G_T17D,L9G_T17D,signal,HLA-A*02:01,0.5,38,0,0
without_flanks,CHGA_L9G_T17D,L9G_T17D,signal,HLA-A*02:01,1,38,0,1
without_flanks,CHGA_L9G_T17D,L9G_T17D,signal,HLA-A*02:01,2,38,2,3
without_flanks,CHGA_L9G_T17D,L9G_T17D,signal,HLA-A*24:02,0.5,38,0,0
without_flanks,CHGA_L9G_T17D,L9G_T17D,signal,HLA-A*24:02,1,38,0,0
without_flanks,CHGA_L9G_T17D,L9G_T17D,signal,HLA-A*24:02,2,38,0,0
without_flanks,CHGA_L9G_T17D,L9G_T17D,signal,HLA-A*03:01,0.5,38,0,0
without_flanks,CHGA_L9G_T17D,L9G_T17D,signal,HLA-A*03:01,1,38,0,0
without_flanks,CHGA_L9G_T17D,L9G_T17D,signal,HLA-A*03:01,2,38,0,0
without_flanks,CHGA_L9G_T17D,L9G_T17D,signal,HLA-B*40:01,0.5,38,0,0
without_flanks,CHGA_L9G_T17D,L9G_T17D,signal,HLA-B*40:01,1,38,0,0
without_flanks,CHGA_L9G_T17D,L9G_T17D,signal,HLA-B*40:01,2,38,0,0
without_flanks,CHGA_L9G_T17D,L9G_T17D,signal,HLA-B*49:01,0.5,38,0,0
without_flanks,CHGA_L9G_T17D,L9G_T17D,signal,HLA-B*49:01,1,38,0,0
without_flanks,CHGA_L9G_T17D,L9G_T17D,signal,HLA-B*49:01,2,38,0,0
without_flanks,CHGA_L9G_T17D,L9G_T17D,signal,HLA-C*03:04,0.5,38,0,0
without_flanks,CHGA_L9G_T17D,L9G_T17D,signal,HLA-C*03:04,1,38,2,2
without_flanks,CHGA_L9G_T17D,L9G_T17D,signal,HLA-C*03:04,2,38,4,4
without_flanks,CHGA_L9G_T17D,L9G_T17D,signal,HLA-C*07:01,0.5,38,0,0
without_flanks,CHGA_L9G_T17D,L9G_T17D,signal,HLA-C*07:01,1,38,0,1
without_flanks,CHGA_L9G_T17D,L9G_T17D,signal,HLA-C*07:01,2,38,2,3
without_flanks,CHGA_L9G_T17D,L9G_T17D,signal_or_junction,all,0.5,504,0,1
without_flanks,CHGA_L9G_T17D,L9G_T17D,signal_or_junction,all,1,504,2,6
without_flanks,CHGA_L9G_T17D,L9G_T17D,signal_or_junction,all,2,504,12,16
without_flanks,CHGA_L9G_T17D,L9G_T17D,signal_or_junction,HLA-A*02:01,0.5,72,0,0
without_flanks,CHGA_L9G_T17D,L9G_T17D,signal_or_junction,HLA-A*02:01,1,72,0,2
without_flanks,CHGA_L9G_T17D,L9G_T17D,signal_or_junction,HLA-A*02:01,2,72,3,4
without_flanks,CHGA_L9G_T17D,L9G_T17D,signal_or_junction,HLA-A*24:02,0.5,72,0,0
without_flanks,CHGA_L9G_T17D,L9G_T17D,signal_or_junction,HLA-A*24:02,1,72,0,0
without_flanks,CHGA_L9G_T17D,L9G_T17D,signal_or_junction,HLA-A*24:02,2,72,0,0
without_flanks,CHGA_L9G_T17D,L9G_T17D,signal_or_junction,HLA-A*03:01,0.5,72,0,0
without_flanks,CHGA_L9G_T17D,L9G_T17D,signal_or_junction,HLA-A*03:01,1,72,0,0
without_flanks,CHGA_L9G_T17D,L9G_T17D,signal_or_junction,HLA-A*03:01,2,72,0,0
without_flanks,CHGA_L9G_T17D,L9G_T17D,signal_or_junction,HLA-B*40:01,0.5,72,0,0
without_flanks,CHGA_L9G_T17D,L9G_T17D,signal_or_junction,HLA-B*40:01,1,72,0,0
without_flanks,CHGA_L9G_T17D,L9G_T17D,signal_or_junction,HLA-B*40:01,2,72,2,0
without_flanks,CHGA_L9G_T17D,L9G_T17D,signal_or_junction,HLA-B*49:01,0.5,72,0,0
without_flanks,CHGA_L9G_T17D,L9G_T17D,signal_or_junction,HLA-B*49:01,1,72,0,0
without_flanks,CHGA_L9G_T17D,L9G_T17D,signal_or_junction,HLA-B*49:01,2,72,1,2
without_flanks,CHGA_L9G_T17D,L9G_T17D,signal_or_junction,HLA-C*03:04,0.5,72,0,1
without_flanks,CHGA_L9G_T17D,L9G_T17D,signal_or_junction,HLA-C*03:04,1,72,2,3
without_flanks,CHGA_L9G_T17D,L9G_T17D,signal_or_junction,HLA-C*03:04,2,72,4,6
without_flanks,CHGA_L9G_T17D,L9G_T17D,signal_or_junction,HLA-C*07:01,0.5,72,0,0
without_flanks,CHGA_L9G_T17D,L9G_T17D,signal_or_junction,HLA-C*07:01,1,72,0,1
without_flanks,CHGA_L9G_T17D,L9G_T17D,signal_or_junction,HLA-C*07:01,2,72,2,4
without_flanks,CHGA_L9G_T17P,L9G_T17P,signal,all,0.5,266,0,0
without_flanks,CHGA_L9G_T17P,L9G_T17P,signal,all,1,266,2,5
without_flanks,CHGA_L9G_T17P,L9G_T17P,signal,all,2,266,8,12
without_flanks,CHGA_L9G_T17P,L9G_T17P,signal,HLA-A*02:01,0.5,38,0,0
without_flanks,CHGA_L9G_T17P,L9G_T17P,signal,HLA-A*02:01,1,38,0,2
without_flanks,CHGA_L9G_T17P,L9G_T17P,signal,HLA-A*02:01,2,38,2,5
without_flanks,CHGA_L9G_T17P,L9G_T17P,signal,HLA-A*24:02,0.5,38,0,0
without_flanks,CHGA_L9G_T17P,L9G_T17P,signal,HLA-A*24:02,1,38,0,0
without_flanks,CHGA_L9G_T17P,L9G_T17P,signal,HLA-A*24:02,2,38,0,0
without_flanks,CHGA_L9G_T17P,L9G_T17P,signal,HLA-A*03:01,0.5,38,0,0
without_flanks,CHGA_L9G_T17P,L9G_T17P,signal,HLA-A*03:01,1,38,0,0
without_flanks,CHGA_L9G_T17P,L9G_T17P,signal,HLA-A*03:01,2,38,0,0
without_flanks,CHGA_L9G_T17P,L9G_T17P,signal,HLA-B*40:01,0.5,38,0,0
without_flanks,CHGA_L9G_T17P,L9G_T17P,signal,HLA-B*40:01,1,38,0,0
without_flanks,CHGA_L9G_T17P,L9G_T17P,signal,HLA-B*40:01,2,38,0,0
without_flanks,CHGA_L9G_T17P,L9G_T17P,signal,HLA-B*49:01,0.5,38,0,0
without_flanks,CHGA_L9G_T17P,L9G_T17P,signal,HLA-B*49:01,1,38,0,0
without_flanks,CHGA_L9G_T17P,L9G_T17P,signal,HLA-B*49:01,2,38,0,0
without_flanks,CHGA_L9G_T17P,L9G_T17P,signal,HLA-C*03:04,0.5,38,0,0
without_flanks,CHGA_L9G_T17P,L9G_T17P,signal,HLA-C*03:04,1,38,2,2
without_flanks,CHGA_L9G_T17P,L9G_T17P,signal,HLA-C*03:04,2,38,4,4
without_flanks,CHGA_L9G_T17P,L9G_T17P,signal,HLA-C*07:01,0.5,38,0,0
without_flanks,CHGA_L9G_T17P,L9G_T17P,signal,HLA-C*07:01,1,38,0,1
without_flanks,CHGA_L9G_T17P,L9G_T17P,signal,HLA-C*07:01,2,38,2,3
without_flanks,CHGA_L9G_T17P,L9G_T17P,signal_or_junction,all,0.5,504,0,0
without_flanks,CHGA_L9G_T17P,L9G_T17P,signal_or_junction,all,1,504,3,6
without_flanks,CHGA_L9G_T17P,L9G_T17P,signal_or_junction,all,2,504,11,19
without_flanks,CHGA_L9G_T17P,L9G_T17P,signal_or_junction,HLA-A*02:01,0.5,72,0,0
without_flanks,CHGA_L9G_T17P,L9G_T17P,signal_or_junction,HLA-A*02:01,1,72,0,2
without_flanks,CHGA_L9G_T17P,L9G_T17P,signal_or_junction,HLA-A*02:01,2,72,2,6
without_flanks,CHGA_L9G_T17P,L9G_T17P,signal_or_junction,HLA-A*24:02,0.5,72,0,0
without_flanks,CHGA_L9G_T17P,L9G_T17P,signal_or_junction,HLA-A*24:02,1,72,0,0
without_flanks,CHGA_L9G_T17P,L9G_T17P,signal_or_junction,HLA-A*24:02,2,72,0,0
without_flanks,CHGA_L9G_T17P,L9G_T17P,signal_or_junction,HLA-A*03:01,0.5,72,0,0
without_flanks,CHGA_L9G_T17P,L9G_T17P,signal_or_junction,HLA-A*03:01,1,72,0,0
without_flanks,CHGA_L9G_T17P,L9G_T17P,signal_or_junction,HLA-A*03:01,2,72,0,0
without_flanks,CHGA_L9G_T17P,L9G_T17P,signal_or_junction,HLA-B*40:01,0.5,72,0,0
without_flanks,CHGA_L9G_T17P,L9G_T17P,signal_or_junction,HLA-B*40:01,1,72,0,0
without_flanks,CHGA_L9G_T17P,L9G_T17P,signal_or_junction,HLA-B*40:01,2,72,1,0
without_flanks,CHGA_L9G_T17P,L9G_T17P,signal_or_junction,HLA-B*49:01,0.5,72,0,0
without_flanks,CHGA_L9G_T17P,L9G_T17P,signal_or_junction,HLA-B*49:01,1,72,0,0
without_flanks,CHGA_L9G_T17P,L9G_T17P,signal_or_junction,HLA-B*49:01,2,72,0,1
without_flanks,CHGA_L9G_T17P,L9G_T17P,signal_or_junction,HLA-C*03:04,0.5,72,0,0
without_flanks,CHGA_L9G_T17P,L9G_T17P,signal_or_junction,HLA-C*03:04,1,72,3,3
without_flanks,CHGA_L9G_T17P,L9G_T17P,signal_or_junction,HLA-C*03:04,2,72,6,8
without_flanks,CHGA_L9G_T17P,L9G_T17P,signal_or_junction,HLA-C*07:01,0.5,72,0,0
without_flanks,CHGA_L9G_T17P,L9G_T17P,signal_or_junction,HLA-C*07:01,1,72,0,1
without_flanks,CHGA_L9G_T17P,L9G_T17P,signal_or_junction,HLA-C*07:01,2,72,2,4
